Name,Tier,Color,Games Played,Wins,Losses,Win Rate,Conservative Rating,Mean,StdDev,Turns to Win,Turns to Lose
J25 Soaring 3:Thopter Mechanic,S,-,9,8,1,0.8888888888888888,61.34903080891022,77.91419108143387,5.5217200908412165,19.75,17.0
J22 Primates:Hooting Mandrills,S,-,3,2,1,0.6666666666666666,56.136637426508614,73.15914819419342,5.674170255894936,21.0,13.0
J25 Soaring 3:Cloudkin Seer,S,-,7,7,0,1.0,53.447340521507826,71.68704885092049,6.079902776470889,20.142857142857142,NaN
J25 Stalwart 3:Steadfast Unicorn,S,-,4,4,0,1.0,53.15731348506368,70.73377396729825,5.8588201607448545,18.5,NaN
JMP Cats 2:Nature's Way,S,-,2,2,0,1.0,52.77702438551633,71.78727577787606,6.336750464119911,16.0,NaN
JMP Phyrexian:Sheoldred, Whispering One,S,-,3,2,1,0.6666666666666666,51.942516336774645,70.94866144629827,6.3353817031745425,17.0,26.0
J22 Holy 4:Light of Hope,S,-,4,4,0,1.0,51.84560028972966,69.11597529553754,5.7567916686026255,18.5,NaN
J25 Fun Guys 2:Undercellar Myconid,S,-,4,4,0,1.0,51.77492217575437,70.68131663898404,6.302131487743224,22.75,NaN
J25 Fun Guys 2:Saurian Symbiote,S,-,4,4,0,1.0,51.77492217575431,70.68131663898399,6.302131487743224,22.75,NaN
JMP Cats 2:Penumbra Bobcat,A,-,5,2,3,0.4,50.90743699018191,66.8466929652536,5.313085325023896,17.0,17.666666666666668
JMP Above the Clouds 2:Serendib Efreet,A,-,2,2,0,1.0,50.873655011760306,69.84414465817281,6.323496548804169,17.5,NaN
JMP Discarding 2:Liliana's Reaver,A,-,2,2,0,1.0,50.79235282394478,70.32296013144256,6.510202435832591,17.0,NaN
JMP Doctor 2:Anointed Chorister,A,-,3,3,0,1.0,50.47241613151256,69.16857754176155,6.23205380341633,19.0,NaN
JMP Tree Hugging 4:Nature's Way,A,-,5,5,0,1.0,50.3711596932381,69.02489523988933,6.217911848883745,21.4,NaN
J22 Cruel 1:Ob Nixilis, the Hate-Twisted,A,-,4,4,0,1.0,50.331314501305016,68.94240690618417,6.203697468293054,23.5,NaN
J25 Zealots 2:Trial of Zeal,A,-,2,2,0,1.0,50.31660447786367,71.77063378039134,7.151343100842555,20.5,NaN
J22 Treasure 2:Dutiful Replicator,A,-,5,4,1,0.8,50.23185937606938,65.4021715047991,5.056770709576575,17.25,40.0
JMP Tree Hugging 4:Verdant Embrace,A,-,5,5,0,1.0,50.18311429761311,68.88479984265771,6.233895181681534,19.8,NaN
J25 Soaring 2:Shorecomber Crab,A,-,3,3,0,1.0,50.16283422865932,71.67135961478914,7.169508462043272,20.0,NaN
JMP Spirits 1:Battleground Geist,A,-,2,2,0,1.0,50.149367007724855,68.55159460435243,6.134075865542525,14.0,NaN
J25 Zealots 2:Sandstorm Crasher,A,-,1,1,0,1.0,50.01148163084387,71.61851181498164,7.202343394712592,20.0,NaN
J25 Soaring 2:Cavalier of Gales,A,-,1,1,0,1.0,50.01148163084387,71.61851181498164,7.202343394712592,20.0,NaN
J25 Soaring 2:Cartouche of Knowledge,A,-,1,1,0,1.0,50.01148163084387,71.61851181498164,7.202343394712592,20.0,NaN
J25 Zealots 2:Pathmaker Initiate,A,-,1,1,0,1.0,50.01148163084387,71.61851181498164,7.202343394712592,20.0,NaN
J25 Soaring 3:Tide Skimmer,A,-,5,5,0,1.0,49.91479384112836,68.73520699089588,6.273471049922505,22.8,NaN
JMP Discarding 2:Entomber Exarch,A,-,2,2,0,1.0,49.73576262301668,69.72121965173241,6.661819009571911,24.0,NaN
JMP Discarding 2:Ravenous Chupacabra,A,-,3,3,0,1.0,49.724879103369645,69.70357879881857,6.6595665651496425,21.0,NaN
J22 Inventive 4:Dutiful Replicator,A,-,2,2,0,1.0,49.66026347581078,69.30708897380035,6.54894183266319,17.5,NaN
J22 Inventive 4:Cogwork Assembler,A,-,2,2,0,1.0,49.66026347581078,69.30708897380035,6.54894183266319,17.5,NaN
J22 Detective 2:Press for Answers,A,-,4,3,1,0.75,49.53362661302249,68.27231790960954,6.246230432195684,23.333333333333332,35.0
J22 Blink 3:Rambunctious Mutt,A,-,3,2,1,0.6666666666666666,49.490715970307576,67.17001681364499,5.893100281112473,21.0,13.0
J22 Inventive 4:Whirler Rogue,A,-,1,1,0,1.0,49.22944643215294,69.10050232525367,6.623685297700245,20.0,NaN
J22 Inventive 4:Aether Spellbomb,A,-,1,1,0,1.0,49.22944643215294,69.10050232525367,6.623685297700245,20.0,NaN
J22 Law 2:Skyhunter Patrol,A,-,4,3,1,0.75,48.90663739403608,67.33404254420714,6.142468383390351,18.333333333333332,13.0
J22 Faeries 1:Pestermite,A,-,3,3,0,1.0,48.766909292271656,67.6824212463612,6.3051706513631816,19.666666666666668,NaN
JMP Plus One 1:Armorcraft Judge,A,-,2,2,0,1.0,48.285239639339345,68.29120685948106,6.668655740047241,24.0,NaN
JMP Plus One 1:Primeval Bounty,A,-,2,2,0,1.0,48.285239639339345,68.29120685948106,6.668655740047241,24.0,NaN
JMP Dinosaurs 4:Orazca Frillback,A,-,4,3,1,0.75,48.283338264085714,68.73472431618379,6.817128684032691,31.666666666666668,20.0
JMP Cats 2:Enlarge,A,-,3,3,0,1.0,48.25209497741389,66.48907855434504,6.078994525643716,15.0,NaN
J25 Encounter 3:Biogenic Upgrade,A,-,2,2,0,1.0,48.21256846396964,66.96905498028423,6.252162172104862,17.5,NaN
J25 Encounter 3:Mowu, Loyal Companion,A,-,2,2,0,1.0,48.21256846396964,66.96905498028423,6.252162172104862,17.5,NaN
J25 Landfall 3:Sutina, Speaker of the Tajuru,A,-,3,3,0,1.0,47.93581136979863,67.17310977527319,6.412432801824854,18.666666666666668,NaN
J25 Landfall 3:Snapping Gnarlid,A,-,2,2,0,1.0,47.93578059660232,67.15761645316869,6.407278618855455,16.5,NaN
JMP Dragons 1:Dragonloft Idol,A,-,5,4,1,0.8,47.92656726542532,66.97482600123323,6.349419578602634,14.5,27.0
J22 Cruel 1:Creeping Bloodsucker,A,-,2,2,0,1.0,47.75696460835181,66.96816234042089,6.40373257735636,22.0,NaN
J22 Ferocious 3:Ornery Dilophosaur,A,-,4,3,1,0.75,47.512633110716344,66.4735678182692,6.320311569184286,18.0,20.0
J25 Fun Guys 2:Overcome,A,-,2,2,0,1.0,47.48150478732262,67.36794093091063,6.628812047862673,20.5,NaN
J25 Fun Guys 2:Shroofus Sproutsire,A,-,3,3,0,1.0,47.46738152887838,67.37608417909237,6.636234216738,22.666666666666668,NaN
J22 Ferocious 3:Challenger Troll,A,-,6,5,1,0.8333333333333334,47.306345598699764,65.01152712820493,5.901727176501722,18.2,11.0
JMP Under the Sea 2:Pursued Whale,A,-,6,3,3,0.5,47.20522509967788,63.86362142597488,5.552798775432332,19.666666666666668,28.0
J25 Grave Robbers 2:Deal Gone Bad,A,-,3,2,1,0.6666666666666666,47.102748045799274,65.78729316970475,6.228181707968492,19.0,23.0
J25 Fun Guys 2:For the Family,A,-,2,2,0,1.0,46.9009169942506,66.90170873568007,6.666930580476492,20.0,NaN
JMP Dogs 2:Trusty Retriever,A,-,2,2,0,1.0,46.6440919966597,66.25310095243165,6.536336318590651,17.0,NaN
JMP Dogs 2:Isamaru, Hound of Konda,A,-,6,5,1,0.8333333333333334,46.57738134468093,65.49295457672878,6.305191077349284,18.8,21.0
J22 Detective 2:Tolarian Kraken,A,-,4,2,2,0.5,46.35257446940826,65.82987431311324,6.492433281234992,24.0,27.5
J22 Wolves 2:Spectral Hunt-Caller,A,-,5,3,2,0.6,45.91872088770964,62.085774413082575,5.389017841790979,22.666666666666668,25.0
J25 Soaring 3:Windstorm Drake,A,-,5,5,0,1.0,45.61807553623141,65.33789383777565,6.573272767181415,21.0,NaN
J25 Soaring 3:Winged Words,A,-,6,6,0,1.0,45.525271476514924,65.31131298021185,6.595347167898976,20.5,NaN
J22 Blink 3:Valorous Steed,A,-,1,1,0,1.0,45.518794430918035,64.54213584800473,6.341113805695567,16.0,NaN
JMP Dinosaurs 4:Primal Might,A,-,7,5,2,0.7142857142857143,45.39411479562961,63.432279195202426,6.012721466524272,21.6,22.0
J22 Primates:Monkey Cage,A,-,4,3,1,0.75,45.268508405726095,61.353352384382944,5.361614659552283,20.666666666666668,14.0
J22 Primates:Ram Through,A,-,4,3,1,0.75,45.268508405726095,61.353352384382944,5.361614659552283,20.666666666666668,14.0
J22 Gigantic 2:Enlarge,A,-,4,4,0,1.0,45.253008283367656,64.83961510215698,6.5288689395964425,17.0,NaN
J22 Cruel 1:Ossuary Rats,A,-,3,3,0,1.0,45.199127590169766,65.52220375669489,6.774358722175044,26.666666666666668,NaN
J25 Beasts 2:Slinza, the Spiked Stampede,A,-,3,3,0,1.0,45.10383528634783,64.61657444498331,6.504246386211828,19.0,NaN
JMP Devilish 4:Hellrider,A,-,2,2,0,1.0,45.071737230776534,64.99382305657605,6.640695275266506,19.0,NaN
J22 Multi-Headed 2:Primordial Hydra,A,-,2,1,1,0.5,44.98707431554254,65.60500386150068,6.872643181986045,19.0,22.0
J22 Holy 3:Dawn of Hope,A,-,3,2,1,0.6666666666666666,44.72386442814533,65.32552766605332,6.86722107930266,20.0,17.0
J25 Stalwart 3:Paladin of the Bloodstained,A,-,4,3,1,0.75,44.71961836808228,63.600753465185164,6.293711699034295,23.666666666666668,24.0
J22 Law 3:Ninth Bridge Patrol,A,-,2,2,0,1.0,44.643924458544944,64.05230523584655,6.469460259100534,17.0,NaN
JMP Spirits 1:Nebelgast Herald,A,-,4,3,1,0.75,44.61293289250475,61.920417043698855,5.769161383731368,14.333333333333334,22.0
J22 Primates:Wily Bandar,A,-,2,2,0,1.0,44.42225428985171,64.4892057236757,6.688983811274663,19.0,NaN
J22 Detective 2:Aeronaut Tinkerer,A,-,5,3,2,0.6,44.38352078254134,60.50289941202855,5.373126209829071,21.666666666666668,24.5
J25 Goblins 1:Open Fire,A,-,2,2,0,1.0,44.26204419138337,64.18363703026984,6.640530946295488,18.0,NaN
J25 Grave Robbers 1:Deal Gone Bad,A,-,2,2,0,1.0,44.205204758747286,65.13102450449023,6.975273248580979,32.5,NaN
JMP Angels 1:Angelic Page,A,-,2,2,0,1.0,43.93763118133351,63.341673852124025,6.468014223596839,16.0,NaN
JMP Plus One 1:Arbor Armament,A,-,3,2,1,0.6666666666666666,43.77480352732876,62.13680624988796,6.1206675741864,24.0,14.0
JMP Angels 2:Anointed Chorister,A,-,3,3,0,1.0,43.766249244807156,62.636330958683835,6.290027237958892,16.666666666666668,NaN
JMP Dragons 1:Draconic Roar,A,-,1,1,0,1.0,43.61852397788529,64.34145210359668,6.907642708570465,16.0,NaN
JMP Dragons 1:Rapacious Dragon,A,-,1,1,0,1.0,43.61852397788526,64.34145210359665,6.907642708570465,16.0,NaN
J25 Surprise 3:Naiad of Hidden Coves,A,-,2,2,0,1.0,43.58916203081539,63.57286925899685,6.661235742727157,16.0,NaN
J25 Encounter 3:Reckless Amplimancer,A,-,1,1,0,1.0,43.53964550716664,63.18057023385705,6.546974908896804,15.0,NaN
J25 Encounter 3:Spined Tyrranax,A,-,1,1,0,1.0,43.539645507166625,63.18057023385704,6.546974908896804,15.0,NaN
J25 Encounter 1:Spined Tyrranax,A,-,2,2,0,1.0,43.53126991709857,63.24933225066821,6.572687444523213,21.0,NaN
J22 Treasure 2:Barrage Ogre,A,-,3,3,0,1.0,43.44588945184031,62.83607820691106,6.463396251690251,21.333333333333332,NaN
J22 Multi-Headed 1:Domesticated Hydra,A,-,2,2,0,1.0,43.42618141821757,63.421410210895594,6.665076264226008,24.0,NaN
J22 Multi-Headed 1:Hydra's Growth,A,-,2,2,0,1.0,43.42618141821757,63.421410210895594,6.665076264226008,24.0,NaN
J25 Giddyap:Celestial Unicorn,A,-,4,4,0,1.0,43.41836685299613,62.22450861726788,6.268713921423918,23.0,NaN
J25 Surprise 3:Wind Strider,A,-,1,1,0,1.0,43.41460920869657,63.48142394656637,6.688938245956602,15.0,NaN
J25 Surprise 3:Breaching Hippocamp,A,-,1,1,0,1.0,43.41460920869657,63.48142394656637,6.688938245956602,15.0,NaN
J25 Zealots 2:Battlefield Scavenger,A,-,1,1,0,1.0,43.41460920869657,63.48142394656637,6.688938245956602,15.0,NaN
J22 Holy 4:Inspiring Cleric,A,-,2,2,0,1.0,43.40235038365269,62.81906363234711,6.4722377495648065,18.0,NaN
JMP Lands 1:Wildheart Invoker,A,-,1,1,0,1.0,43.398612694874245,64.19403911997102,6.931808808365593,20.0,NaN
JMP Lands 1:Zendikar's Roil,A,-,1,1,0,1.0,43.39861269487422,64.194039119971,6.931808808365593,20.0,NaN
JMP Dragons 1:Dragon Fodder,A,-,3,2,1,0.6666666666666666,43.375521687201186,63.92702869440932,6.850502335736045,15.0,27.0
J22 Wolves 2:Ferocious Pup,A,-,2,1,1,0.5,43.32030350648766,62.96313675649097,6.547611083334434,20.0,16.0
JMP Spirits 1:Murmuring Phantasm,A,-,3,2,1,0.6666666666666666,43.31945920994713,62.267038050888544,6.315859613647139,21.5,26.0
J22 Cruel 1:Syr Konrad, the Grim,A,-,3,3,0,1.0,43.15733557527478,63.95930785041717,6.933990758380796,25.0,NaN
J22 Goblins 4:Dragon Fodder,A,-,2,1,1,0.5,42.97979720035167,62.56250756436464,6.5275701213376545,14.0,13.0
JMP Devilish 2:Havoc Jester,A,-,2,2,0,1.0,42.970796552635186,62.87869170759507,6.635965051653294,20.5,NaN
JMP Devilish 2:Zurzoth, Chaos Rider,A,-,2,2,0,1.0,42.970796552635186,62.87869170759507,6.635965051653294,20.5,NaN
J22 Holy 4:Anointer of Valor,A,-,3,2,1,0.6666666666666666,42.94837021785578,62.26184523120206,6.43782500444876,18.0,21.0
J25 Soaring 3:Mu Yanling, Sky Dancer,A,-,5,4,1,0.8,42.8801832555989,62.663856997136094,6.594557913845731,22.25,17.0
J25 Soaring 4:Sprite Noble,A,-,2,2,0,1.0,42.82725341106598,62.867569243162336,6.680105277365453,18.5,NaN
J25 Beasts 2:Advocate of the Beast,A,-,2,2,0,1.0,42.79309015892146,63.48787857762076,6.898262806233102,23.0,NaN
J25 Beasts 2:Predator's Strike,A,-,2,2,0,1.0,42.79309015892146,63.48787857762076,6.898262806233102,23.0,NaN
JMP Dogs 2:Pacifism,A,-,4,3,1,0.75,42.70407006018206,62.63543219686907,6.643787378895669,20.0,21.0
J22 Cats 1:Skyhunter Patrol,A,-,3,3,0,1.0,42.70081829897643,62.152281172339755,6.483820957787777,18.0,NaN
JMP Doctor 1:Bulwark Giant,A,-,5,3,2,0.6,42.66703980649142,59.602426041499676,5.6451287450027525,24.0,25.0
JMP Seismic:Magma Jet,A,-,4,4,0,1.0,42.66430710869443,62.57761729382755,6.637770061711041,21.0,NaN
J22 Elves 3:Band Together,A,-,4,3,1,0.75,42.62931262362979,60.87478604585535,6.081824474075188,23.666666666666668,26.0
J22 Primates:Treetop Village,A,-,2,2,0,1.0,42.56844149322614,64.09325563541864,7.174938047397501,20.0,NaN
J25 Healers 2:Ajani's Pridemate,A,-,3,3,0,1.0,42.516374708363244,63.27013512984875,6.917920140495166,19.0,NaN
J25 Healers 2:Revitalize,A,-,3,3,0,1.0,42.516374708363244,63.27013512984875,6.917920140495166,19.0,NaN
JMP Well-Read 4:Library Larcenist,A,-,3,3,0,1.0,42.475601721887585,62.718187389810026,6.747528555974148,22.666666666666668,NaN
JMP Minions 4:Fetid Imp,A,-,2,1,1,0.5,42.42420135871835,63.6861521330137,7.087316924765117,26.0,22.0
JMP Minions 4:Ghoulcaller's Accomplice,A,-,2,1,1,0.5,42.42420135871835,63.6861521330137,7.087316924765117,26.0,22.0
J22 Holy 3:Planar Atlas,A,-,5,3,2,0.6,42.383489753222285,61.84344164463507,6.486650630470929,18.333333333333332,17.5
J25 Soaring 4:Aerial Guide,A,-,5,4,1,0.8,42.36685753397393,61.994967920187186,6.542703462071085,17.25,13.0
J22 Fangs 1:Ill-Gotten Inheritance,A,-,5,3,2,0.6,42.29287581921855,62.9435977318031,6.8835739708615185,20.333333333333332,24.5
J22 Treasure 2:Reckless Fireweaver,A,-,4,3,1,0.75,42.234417145064256,58.83831969790422,5.534634184279987,18.333333333333332,40.0
J22 Holy 3:Emancipation Angel,A,-,2,1,1,0.5,42.21405604206746,63.80590614226681,7.1972833667331155,24.0,15.0
J25 Healers 2:Hinterland Sanctifier,A,-,2,2,0,1.0,42.18643939010009,63.234593051773246,7.016051220557718,21.0,NaN
JMP Legion 2:Glorious Anthem,A,-,4,2,2,0.5,42.167172220294525,57.60764700924068,5.1468249296487185,17.0,15.5
J22 Fangs 1:Falkenrath Noble,A,-,4,2,2,0.5,42.13165980959477,62.730799076533685,6.866379755646305,19.5,24.0
JMP Legion 2:Faith's Fetters,A,-,2,2,0,1.0,42.035196512404156,61.95869233283253,6.641165273476123,17.0,NaN
J22 Teamwork 2:Light of Hope,A,-,1,1,0,1.0,41.85843992925116,62.77451467805766,6.9720249162688335,20.0,NaN
J22 Treasure 2:Blood Aspirant,A,-,4,3,1,0.75,41.83831673539396,58.53840479795103,5.566696020852357,21.333333333333332,40.0
J22 Law 1:Archon of Justice,A,-,2,2,0,1.0,41.7764255340938,63.46913501692417,7.230903160943456,37.0,NaN
J25 Soaring 2:Cynette, Jelly Drover,A,-,3,2,1,0.6666666666666666,41.697931395325,60.317392332222106,6.2064869789657005,17.5,16.0
J25 Angels 1:Herald of the Sun,A,-,4,3,1,0.75,41.56162880296473,60.77548764973124,6.404619615588838,14.666666666666666,20.0
J22 Detective 2:Teferi's Puzzle Box,A,-,3,2,1,0.6666666666666666,41.52494685340567,59.248445962560154,5.907833036384827,24.0,14.0
JMP Devilish 4:Traitorous Greed,A,-,2,2,0,1.0,41.485001288073406,62.40653877898259,6.973845830303063,21.0,NaN
JMP Witchcraft 1:Malakir Familiar,A,-,4,3,1,0.75,41.46630366484601,60.95033010472868,6.494675479960891,22.0,17.0
J22 Teamwork 2:Angelic Protector,A,-,2,1,1,0.5,41.45137852868085,62.134479590752306,6.894367020690487,20.0,18.0
J22 Teamwork 2:Combat Professor,A,-,2,1,1,0.5,41.451378528680806,62.134479590752264,6.894367020690487,20.0,18.0
JMP Witchcraft 2:Tempting Witch,A,-,1,1,0,1.0,41.3533647471118,61.62782699880679,6.758154083898332,17.0,NaN
JMP Witchcraft 2:Bloodhunter Bat,A,-,1,1,0,1.0,41.3533647471118,61.62782699880679,6.758154083898332,17.0,NaN
JMP Lightning 1:Weaver of Lightning,A,-,3,2,1,0.6666666666666666,41.28651290831258,62.00639967827994,6.906628923322453,21.5,21.0
JMP Well-Read 4:Tolarian Kraken,A,-,2,2,0,1.0,41.243441203317005,61.73160425038072,6.829387682354572,23.0,NaN
JMP Minotaurs 1:Lightning Visionary,A,-,5,2,3,0.4,41.21448608173715,58.61045670955415,5.798656875939,18.0,20.666666666666668
J22 Cruel 1:Ob Nixilis's Cruelty,A,-,4,3,1,0.75,41.09184623308888,59.30962494744951,6.072592904786875,26.666666666666668,17.0
JMP Doctor 1:Faith's Fetters,A,-,4,2,2,0.5,41.07573963883755,59.25377189648622,6.059344085882891,25.5,21.0
J25 Soaring 2:Owl Familiar,A,-,3,2,1,0.6666666666666666,41.072924347245674,59.93455518234369,6.287210278366006,20.0,16.0
JMP Minions 1:Crypt Lurker,A,-,3,2,1,0.6666666666666666,41.03229506593738,60.155339843114824,6.374348259059147,36.5,41.0
JMP Minions 1:Bone Picker,A,-,3,2,1,0.6666666666666666,41.03229506593736,60.1553398431148,6.374348259059147,36.5,41.0
J22 Ferocious 1:Rhonas the Indomitable,A,-,2,2,0,1.0,41.014212648462326,62.16328115238961,7.049689501309094,22.5,NaN
J22 Ferocious 1:Gaea's Protector,A,-,2,2,0,1.0,41.014212648462326,62.16328115238961,7.049689501309094,22.5,NaN
J22 Detective 2:Oneirophage,A,-,4,3,1,0.75,41.00391034085645,58.98118861877532,5.992426092639623,18.666666666666668,35.0
J25 Zealots 2:Anep, Vizier of Hazoret,A,-,3,2,1,0.6666666666666666,40.97003225504221,60.005752129661644,6.345239958206476,20.5,18.0
J25 Wizards 2:Faerie Seer,A,-,1,1,0,1.0,40.940863436628874,62.247214236253036,7.1021169332080545,30.0,NaN
J25 Nefarious:Phantom Ninja,A,-,4,3,1,0.75,40.91085147059492,60.7957997566392,6.628316095348093,22.0,13.0
J22 Goblins 3:Instruments of War,B,-,2,1,1,0.5,40.85219960397917,59.68372823412403,6.277176210048286,19.0,17.0
JMP Seismic:Volcanic Geyser,B,-,4,3,1,0.75,40.83941701842532,60.11351609207676,6.424699691217144,22.333333333333332,19.0
J25 Giddyap:Brightmare,B,-,4,4,0,1.0,40.834295762343075,61.00831952315976,6.724674586938895,25.25,NaN
J22 Fangs 4:Vampire Envoy,B,-,4,3,1,0.75,40.823941870802386,62.24323271416582,7.13976361445448,29.666666666666668,15.0
J22 Gross 1:Strangling Spores,B,-,4,4,0,1.0,40.76403878018969,60.579071631275575,6.605010950361961,22.75,NaN
J22 Ferocious 1:Drowsing Tyrannodon,B,-,3,2,1,0.6666666666666666,40.751850501941924,61.6843366945955,6.977495397551193,22.5,20.0
J22 Raid 2:Keldon Raider,B,-,5,3,2,0.6,40.72511986033087,59.248379915014155,6.174420018227761,21.666666666666668,15.0
J25 Angels 1:Serra Angel,B,-,1,1,0,1.0,40.63445622062104,60.542088930173996,6.635877569850986,15.0,NaN
JMP Lands 1:Crushing Canopy,B,-,2,1,1,0.5,40.61052288836606,60.31473129662923,6.568069469421056,20.0,20.0
JMP Lands 1:Sylvan Ranger,B,-,2,1,1,0.5,40.61052288836602,60.31473129662919,6.568069469421056,20.0,20.0
J22 Wolves 2:Pestilent Wolf,B,-,3,1,2,0.3333333333333333,40.53311502624759,60.79616698891549,6.754350654222631,30.0,20.0
J22 Fangs 4:Kalastria Nightwatch,B,-,3,2,1,0.6666666666666666,40.51004937438135,61.97737203816539,7.155774221261345,34.5,16.0
JMP Angels 2:Linvala, Keeper of Silence,B,-,3,3,0,1.0,40.464170033269625,59.13206288100505,6.222630949245143,13.666666666666666,NaN
J22 Cats 1:Regal Caracal,B,-,5,4,1,0.8,40.44226860003587,59.08084069952785,6.212857366497327,16.75,22.0
J25 Grave Robbers 1:Gorex, the Tombshell,B,-,2,2,0,1.0,40.431081961042196,62.20352566847357,7.257481235810458,36.5,NaN
JMP Angels 2:Emancipation Angel,B,-,6,5,1,0.8333333333333334,40.31831147914586,57.05518528199301,5.578957934282383,18.6,19.0
J22 Merfolk 3:Synchronized Eviction,B,-,2,2,0,1.0,40.294949798050204,60.52856774547746,6.744539315809085,15.5,NaN
J25 Heroes 2:Defiant Strike,B,-,3,3,0,1.0,40.2687975888245,61.08907032503072,6.94009091206874,22.333333333333332,NaN
J22 Demons 2:Seizan, Perverter of Truth,B,-,1,1,0,1.0,40.225183086345126,61.32403904799794,7.032951987217606,15.0,NaN
JMP Under the Sea 1:Rousing Read,B,-,2,2,0,1.0,40.18418234452547,60.70743313372306,6.841083596399197,23.0,NaN
JMP Lightning 1:Homing Lightning,B,-,3,2,1,0.6666666666666666,40.1620279783581,61.25033034540907,7.029434122350324,17.0,21.0
JMP Above the Clouds 2:Inniaz, the Gale Force,B,-,2,2,0,1.0,40.150706035787515,60.89274905470032,6.9140143396376015,18.5,NaN
JMP Plus One 4:Invigorating Surge,B,-,1,1,0,1.0,40.007391351357114,60.81025806033323,6.934288902992039,17.0,NaN
JMP Above the Clouds 2:Unsubstantiate,B,-,1,1,0,1.0,40.007391351357114,60.81025806033323,6.934288902992039,17.0,NaN
J25 Grave Robbers 3:Gorging Vulture,B,-,1,1,0,1.0,39.8857345071339,62.06523871847117,7.393168070445758,28.0,NaN
J25 Grave Robbers 3:Persistent Specimen,B,-,1,1,0,1.0,39.8857345071339,62.06523871847117,7.393168070445758,28.0,NaN
J25 Grave Robbers 3:Eternal Taskmaster,B,-,2,2,0,1.0,39.86759584271479,62.069833567795165,7.400745908360125,23.0,NaN
J22 Gigantic 2:Overgrowth,B,-,2,2,0,1.0,39.8151184381054,60.73012454926602,6.971668703720208,15.5,NaN
J22 Wolves 1:Spectral Hunt-Caller,B,-,1,1,0,1.0,39.79678365933904,61.7138101894717,7.305675510044221,35.0,NaN
J25 Grave Robbers 1:Murder,B,-,1,1,0,1.0,39.79678365933904,61.7138101894717,7.305675510044221,35.0,NaN
J25 Giddyap:Thurid, Mare of Destiny,B,-,3,3,0,1.0,39.77297288967806,60.311835718927505,6.846287609749816,26.333333333333332,NaN
J22 Gross 3:Durable Coilbug,B,-,4,4,0,1.0,39.6567740833774,59.953832377313745,6.76568609797878,27.25,NaN
J22 Gross 3:Deathbringer Regent,B,-,4,4,0,1.0,39.6567740833774,59.953832377313745,6.76568609797878,27.25,NaN
J25 Grave Robbers 3:Gravedigger,B,-,3,2,1,0.6666666666666666,39.638650883890605,61.76252388588629,7.374624333998561,23.0,20.0
J25 Stalwart 3:Shoulder to Shoulder,B,-,4,2,2,0.5,39.61841122892595,58.1131564953942,6.164915088822751,20.0,24.0
J25 Giddyap:Ronom Unicorn,B,-,5,4,1,0.8,39.59797902820404,59.211145415426316,6.537722129074094,25.25,18.0
J25 Copied 2:Fire Prophecy,B,-,2,2,0,1.0,39.49310766293783,61.2407303850728,7.249207574044989,21.5,NaN
J22 Fiery 1:Coalborn Entity,B,-,3,2,1,0.6666666666666666,39.44870301882226,59.118214227705714,6.556503736294484,18.0,14.0
J22 Dragons 1:Plundering Predator,B,-,1,1,0,1.0,39.401949412050385,60.449858312199595,7.015969633383071,16.0,NaN
J22 Dragons 1:Kargan Dragonrider,B,-,1,1,0,1.0,39.401949412050385,60.449858312199595,7.015969633383071,16.0,NaN
JMP Cats 2:Pridemalkin,B,-,1,1,0,1.0,39.401949412050385,60.449858312199595,7.015969633383071,16.0,NaN
J22 Multi-Headed 2:Pridemalkin,B,-,3,1,2,0.3333333333333333,39.4009467914875,58.3461045050825,6.315052571198333,19.0,21.5
J22 Multi-Headed 2:Clockwork Hydra,B,-,3,1,2,0.3333333333333333,39.4009467914875,58.346104505082494,6.315052571198333,19.0,21.5
J22 Dragons 1:Sarkhan's Whelp,B,-,2,1,1,0.5,39.37991921309648,60.45018781961524,7.023422868839587,16.0,20.0
J25 Heroes 2:Gird for Battle,B,-,3,3,0,1.0,39.30139871201377,60.388477229719406,7.029026172568545,22.333333333333332,NaN
J25 Copied 2:Hearts on Fire,B,-,1,1,0,1.0,39.28977183165731,61.1327638876901,7.280997352010931,29.0,NaN
J25 Copied 2:Charmbreaker Devils,B,-,1,1,0,1.0,39.28977183165731,61.1327638876901,7.280997352010931,29.0,NaN
J25 Beasts 2:Gnarlid Colony,B,-,2,2,0,1.0,39.27249163110141,59.3347033899206,6.687403919606396,15.0,NaN
J22 Ferocious 1:Challenger Troll,B,-,1,1,0,1.0,39.2678630198136,60.26010968501204,6.997415555066145,19.0,NaN
J22 Ferocious 1:Ilysian Caryatid,B,-,1,1,0,1.0,39.2678630198136,60.26010968501204,6.997415555066145,19.0,NaN
J22 Ferocious 1:Spectral Hunt-Caller,B,-,1,1,0,1.0,39.2678630198136,60.26010968501204,6.997415555066145,19.0,NaN
J22 Law 2:Radiant's Judgment,B,-,1,1,0,1.0,39.2678630198136,60.26010968501204,6.997415555066145,19.0,NaN
J25 Too Many:Fiendish Duo,B,-,3,3,0,1.0,39.26496233336733,60.80591162306458,7.180316429899085,27.666666666666668,NaN
J25 Too Many:Twinferno,B,-,3,3,0,1.0,39.26496233336727,60.805911623064524,7.180316429899085,27.666666666666668,NaN
J25 Heroes 1:Fencing Ace,B,-,4,2,2,0.5,39.257314393231304,56.2980630347716,5.6802495471800984,19.5,25.0
JMP Predatory 2:Affectionate Indrik,B,-,1,1,0,1.0,39.249517603728975,60.136092778959885,6.96219172507697,19.0,NaN
J25 Too Many:Mogg Flunkies,B,-,2,2,0,1.0,39.23433615508779,60.776950521515694,7.180871455475967,31.0,NaN
J25 Grave Robbers 4:Liliana, Death's Majesty,B,-,2,1,1,0.5,39.15384120010597,61.13302803610618,7.326395612000071,28.0,33.0
J25 Grave Robbers 4:Goremand,B,-,2,1,1,0.5,39.15384120010597,61.13302803610618,7.326395612000071,28.0,33.0
J22 Cats 1:Leonin Snarecaster,B,-,3,3,0,1.0,39.150492264813394,59.700288694831364,6.849932143339324,16.666666666666668,NaN
JMP Cats 1:Sabertooth Mauler,B,-,2,2,0,1.0,39.11869631633054,60.3124791956604,7.064594293109952,16.0,NaN
JMP Cats 1:Initiate's Companion,B,-,2,2,0,1.0,39.11869631633054,60.3124791956604,7.064594293109952,16.0,NaN
J25 Nefarious:Pol Jamaar, Illusionist,B,-,2,2,0,1.0,39.09683065145655,60.218758790466275,7.040642713003242,18.0,NaN
JMP Well-Read 2:Erratic Visionary,B,-,1,1,0,1.0,39.02814408093216,60.703504978370574,7.2251202991461385,18.0,NaN
JMP Well-Read 2:Tolarian Kraken,B,-,1,1,0,1.0,39.02814408093216,60.703504978370574,7.2251202991461385,18.0,NaN
JMP Well-Read 2:Rousing Read,B,-,1,1,0,1.0,39.02814408093216,60.703504978370574,7.2251202991461385,18.0,NaN
J22 Gross 3:Kraul Swarm,B,-,3,3,0,1.0,39.018809050666334,59.426391703992266,6.8025275511086445,23.666666666666668,NaN
J22 Wolves 1:Bounding Wolf,B,-,2,1,1,0.5,39.014206979278256,60.53592514870729,7.173906056476347,35.0,28.0
J22 Wolves 1:Arlinn, Voice of the Pack,B,-,2,1,1,0.5,39.014206979278256,60.53592514870729,7.173906056476347,35.0,28.0
J22 Ferocious 3:Savage Punch,B,-,5,4,1,0.8,38.98802120960477,59.25038969680072,6.7541228290653175,19.0,20.0
J22 Dragons 1:Scorching Dragonfire,B,-,2,1,1,0.5,38.945890698493066,59.53580178590286,6.863303695803265,16.0,17.0
J25 Armed 4:Pacifism,B,-,3,3,0,1.0,38.92135691602719,59.091128374686775,6.723257152886526,19.666666666666668,NaN
J22 Gigantic 1:Havenwood Wurm,B,-,3,2,1,0.6666666666666666,38.90964553258691,60.071707540654465,7.054020669355852,22.0,28.0
J25 Wizards 2:Academy Journeymage,B,-,3,2,1,0.6666666666666666,38.87450711894351,58.98467044572215,6.703387775592879,25.0,17.0
J25 Wizards 2:Aether Channeler,B,-,3,2,1,0.6666666666666666,38.87450711894351,58.98467044572215,6.703387775592879,25.0,17.0
JMP Reanimated 3:Rise Again,B,-,1,1,0,1.0,38.842833681803825,60.58061671504336,7.245927677746512,20.0,NaN
JMP Devilish 4:Hobblefiend,B,-,1,1,0,1.0,38.842833681803825,60.58061671504336,7.245927677746512,20.0,NaN
JMP Reanimated 3:Scourge of Nel Toth,B,-,1,1,0,1.0,38.842833681803825,60.58061671504336,7.245927677746512,20.0,NaN
JMP Reanimated 3:Eliminate,B,-,1,1,0,1.0,38.842833681803825,60.58061671504336,7.245927677746512,20.0,NaN
JMP Reanimated 3:Crypt Lurker,B,-,1,1,0,1.0,38.842833681803825,60.58061671504336,7.245927677746512,20.0,NaN
J22 Gross 1:Black Cat,B,-,2,2,0,1.0,38.84070894322086,59.081187720401445,6.746826259060193,20.5,NaN
J25 Grave Robbers 3:Murder,B,-,2,1,1,0.5,38.836699598890334,60.344690347426834,7.169330249512167,28.0,20.0
J25 Grave Robbers 3:Revoke Demise,B,-,2,1,1,0.5,38.836699598890334,60.344690347426834,7.169330249512167,28.0,20.0
JMP Dogs 2:Supply Runners,B,-,1,1,0,1.0,38.78324856243751,60.20246511952127,7.139738852361254,16.0,NaN
J22 Ferocious 1:Rampaging Growth,B,-,2,1,1,0.5,38.78143466517653,60.22112290107007,7.146562745297843,18.0,20.0
J25 Bookworms 2:Sky-Eel School,B,-,2,2,0,1.0,38.756393438941686,59.42242036097063,6.888675640676314,23.0,NaN
J22 Ferocious 3:Prowling Serpopard,B,-,2,2,0,1.0,38.713698952438705,59.15592213306405,6.814074393541784,16.5,NaN
JMP Predatory 2:Dawntreader Elk,B,-,3,1,2,0.3333333333333333,38.698522405555565,59.4166188087444,6.906032134396279,19.0,18.0
JMP Minotaurs 1:Soul Sear,B,-,4,1,3,0.25,38.671615584161756,55.69429192284349,5.674225446227244,18.0,25.333333333333332
JMP Phyrexian:Phyrexian Broodlings,B,-,4,2,2,0.5,38.66142510191587,59.459027024143815,6.932533974075981,22.5,25.0
J25 Grave Robbers 3:Deal Gone Bad,B,-,3,1,2,0.3333333333333333,38.615936611467305,60.054665901552454,7.146243096695049,28.0,20.0
JMP Feathered Friends 2:Sky Tether,B,-,5,3,2,0.6,38.61067661976629,59.49773438487336,6.962352588369025,22.333333333333332,19.5
J25 Too Many:Reckless Impulse,B,-,4,3,1,0.75,38.60755864365091,59.75331661448496,7.048585990278015,27.666666666666668,15.0
J25 Vampires 2:Scourge of the Undercity,B,-,2,2,0,1.0,38.506674504510706,59.99059195349413,7.161305816327809,26.0,NaN
J25 Vampires 2:Sanctum Seeker,B,-,2,2,0,1.0,38.506674504510706,59.99059195349413,7.161305816327809,26.0,NaN
J22 Blink 2:Valorous Steed,B,-,2,2,0,1.0,38.489092408049416,58.76810810382136,6.759671898590649,16.5,NaN
J22 Multi-Headed 2:Domesticated Hydra,B,-,3,1,2,0.3333333333333333,38.44902074214126,56.57440552502484,6.041794927627859,19.0,16.5
J25 Dragons 1:Carnelian Orb of Dragonkind,B,-,3,3,0,1.0,38.348232864319804,59.50321535455697,7.051660830079055,20.333333333333332,NaN
J22 Raid 2:Glint-Horn Buccaneer,B,-,4,2,2,0.5,38.3423502844504,56.17641597867407,5.9446885647412255,17.5,15.5
JMP Smashing 2:Onakke Ogre,B,-,6,4,2,0.6666666666666666,38.32219479833893,58.51569868842535,6.731167963362141,19.75,25.0
JMP Plus One 1:Nessian Hornbeetle,B,-,2,1,1,0.5,38.25001211086618,57.541440755437044,6.430476214856953,26.0,14.0
J22 Gross 3:Devouring Swarm,B,-,3,3,0,1.0,38.24140184993653,58.90540575758472,6.888001302549396,30.333333333333332,NaN
JMP Plus One 1:Trufflesnout,B,-,3,1,2,0.3333333333333333,38.197207483804256,57.50151985514215,6.434770790445965,26.0,15.5
J25 Enchanted 2:Nyx-Fleece Ram,B,-,1,1,0,1.0,38.19251562575755,59.72077414265988,7.176086172300777,22.0,NaN
J25 Enchanted 2:Archon of Falling Stars,B,-,1,1,0,1.0,38.19251562575752,59.72077414265985,7.176086172300777,22.0,NaN
JMP Doctor 4:Stone Haven Pilgrim,B,-,4,3,1,0.75,38.18695972866308,59.989283800450984,7.267441357262633,21.666666666666668,20.0
JMP Feathered Friends 1:Falconer Adept,B,-,2,2,0,1.0,38.16351848808299,58.776154022959005,6.870878511625337,18.5,NaN
J25 Vampires 4:Moment of Craving,B,-,2,2,0,1.0,38.15719661027558,60.40662358614115,7.416475658621859,18.0,NaN
J25 Grave Robbers 2:Undead Butler,B,-,2,2,0,1.0,38.08270888042786,59.927084682097785,7.281458600556641,21.5,NaN
J25 Grave Robbers 2:Dusk Mangler,B,-,2,2,0,1.0,38.08270888042786,59.927084682097785,7.281458600556641,21.5,NaN
J25 Grave Robbers 2:Eternal Taskmaster,B,-,2,2,0,1.0,38.08270888042786,59.927084682097785,7.281458600556641,21.5,NaN
J25 Vampires 4:Bleed Dry,B,-,2,1,1,0.5,37.95165478296252,60.22605292953999,7.4247993821924885,23.0,21.0
JMP Enchanted 1:Stone Haven Pilgrim,B,-,2,1,1,0.5,37.94002965487842,58.84025906910967,6.966743138077082,13.0,13.0
J25 Soaring 3:Gust of Wind,B,-,4,3,1,0.75,37.86796911005014,58.668986433046854,6.933672440998905,22.333333333333332,17.0
J25 Giddyap:Shield Mare,B,-,4,3,1,0.75,37.85664977939698,57.77409335615933,6.639147858920782,23.333333333333332,18.0
J25 Clerics 3:Bonecaller Cleric,B,-,3,3,0,1.0,37.84914352941285,59.973950038973825,7.374935503186992,26.0,NaN
J25 Clerics 3:Agonizing Syphon,B,-,2,2,0,1.0,37.830985452580656,59.95002520180194,7.3730132497404295,29.0,NaN
JMP Predatory 1:Brindle Shoat,B,-,3,1,2,0.3333333333333333,37.773976468205056,58.50139729647217,6.909140276089039,16.0,23.0
JMP Heavily Armored 2:Patron of the Valiant,B,-,1,1,0,1.0,37.66739310929663,58.52664931594739,6.953085402216919,15.0,NaN
J25 Goblins 1:Dropkick Bomber,B,-,5,4,1,0.8,37.667368512358664,53.63558586854111,5.322739118727483,15.5,15.0
J25 Clerics 3:Scion of Darkness,B,-,3,3,0,1.0,37.66089768250006,59.97880828676903,7.439303534756324,31.0,NaN
J25 Clerics 3:Skemfar Shadowsage,B,-,3,3,0,1.0,37.66089768250006,59.97880828676903,7.439303534756324,31.0,NaN
J25 Enchanted 2:Golden-Tail Disciple,B,-,2,1,1,0.5,37.658971536202905,58.93141868537066,7.090815716389251,22.0,13.0
J25 Enchanted 2:Cage of Hands,B,-,2,1,1,0.5,37.658971536202905,58.93141868537066,7.090815716389251,22.0,13.0
J22 Law 1:Skyhunter Patrol,B,-,1,1,0,1.0,37.65242691318148,60.531836602047925,7.626469896288816,52.0,NaN
J22 Law 1:Ninth Bridge Patrol,B,-,1,1,0,1.0,37.65242691318148,60.531836602047925,7.626469896288816,52.0,NaN
JMP Minions 1:Ghoulcaller's Accomplice,B,-,1,1,0,1.0,37.65242691318148,60.531836602047925,7.626469896288816,52.0,NaN
J22 Law 1:Valorous Stance,B,-,1,1,0,1.0,37.65242691318148,60.531836602047925,7.626469896288816,52.0,NaN
J22 Law 1:Arrest,B,-,1,1,0,1.0,37.652426913181465,60.53183660204791,7.626469896288816,52.0,NaN
J25 Clerics 3:Koma's Faithful,B,-,2,2,0,1.0,37.64282581594311,59.95544537854383,7.437539854200239,36.5,NaN
J22 Merfolk 3:Windrider Patrol,B,-,3,3,0,1.0,37.62120615532539,57.319062185796554,6.565952010157055,18.333333333333332,NaN
J22 Ferocious 3:Spectral Hunt-Caller,B,-,3,3,0,1.0,37.59894985051556,59.16400938515078,7.18835317821174,21.333333333333332,NaN
JMP Cats 1:Canopy Stalker,B,-,3,1,2,0.3333333333333333,37.5961666384222,57.94352110465762,6.78245148874514,17.0,15.0
J25 Healers 2:Speakeasy Server,B,-,1,1,0,1.0,37.594082893235175,59.60044802795792,7.33545504490758,22.0,NaN
J25 Warriors 1:Gornog, the Red Reaper,B,-,3,3,0,1.0,37.5615065359008,58.2562692047198,6.898254222939668,17.666666666666668,NaN
J22 Ferocious 3:Giant Ladybug,B,-,2,2,0,1.0,37.50462715844845,59.0968737480695,7.197415529873683,22.0,NaN
JMP Minotaurs 1:Bloodrage Brawler,B,-,4,2,2,0.5,37.49988692283328,57.39314392622138,6.631085667796033,27.0,23.0
JMP Above the Clouds 2:Roaming Ghostlight,B,-,2,2,0,1.0,37.49286925197225,59.37216150428927,7.293097417439004,19.0,NaN
JMP Legion 2:Inspiring Captain,B,-,1,1,0,1.0,37.450954979718745,58.734543967243525,7.09452966250826,18.0,NaN
J25 Beasts 2:Hungry Megasloth,B,-,1,1,0,1.0,37.43653815440706,58.05133451007101,6.871598785221316,14.0,NaN
J25 Beasts 2:Bushwhack,B,-,1,1,0,1.0,37.43653815440706,58.05133451007101,6.871598785221316,14.0,NaN
JMP Spooky 1:Gristle Grinner,B,-,3,2,1,0.6666666666666666,37.432309588229224,57.69607088351352,6.754587098428099,25.0,35.0
J22 Detective 2:Jace's Scrutiny,B,-,3,2,1,0.6666666666666666,37.39062344897752,57.751023728449525,6.786800093157334,19.5,20.0
J22 Ferocious 3:Ilysian Caryatid,B,-,4,3,1,0.75,37.38596068287268,58.24197657322612,6.95200529678448,19.666666666666668,20.0
JMP Cats 2:Feral Invocation,B,-,5,2,3,0.4,37.375310599823855,52.8819771284435,5.168888842873216,16.5,19.666666666666668
J22 Law 1:Nightguard Patrol,B,-,2,1,1,0.5,37.36170026407371,59.97421044264061,7.537503392855633,52.0,15.0
JMP Goblins 3:Volley Veteran,B,-,3,3,0,1.0,37.34790525880419,57.76949846559275,6.807197735596185,19.333333333333332,NaN
JMP Plus One 4:Arbor Armament,B,-,2,2,0,1.0,37.324946719539625,57.521292004765684,6.732115095075351,14.5,NaN
J25 Healers 2:Bishop's Soldier,B,-,1,1,0,1.0,37.32470830743609,59.279382290927835,7.318224661163915,18.0,NaN
JMP Above the Clouds 2:Mistral Singer,B,-,1,1,0,1.0,37.32470830743609,59.279382290927835,7.318224661163915,18.0,NaN
JMP Above the Clouds 2:Tide Skimmer,B,-,1,1,0,1.0,37.32470830743609,59.279382290927835,7.318224661163915,18.0,NaN
J25 Heroes 1:Valorous Stance,B,-,8,4,4,0.5,37.32324429619983,52.58613801402996,5.087631239276711,21.5,21.75
JMP Spirits 1:Winged Words,B,-,4,2,2,0.5,37.30269904345738,55.14547906045505,5.947593338999224,20.5,24.0
JMP Vampires 2:Blood Host,B,-,3,3,0,1.0,37.293616256096385,58.132718943921176,6.946367562608264,19.333333333333332,NaN
JMP Doctor 4:Basri's Acolyte,B,-,2,2,0,1.0,37.28024993219864,59.5910940596021,7.436948042467819,25.0,NaN
JMP Doctor 4:Cradle of Vitality,B,-,2,2,0,1.0,37.28024993219864,59.5910940596021,7.436948042467819,25.0,NaN
JMP Doctor 4:Griffin Aerie,B,-,2,2,0,1.0,37.28024993219864,59.5910940596021,7.436948042467819,25.0,NaN
JMP Doctor 4:Swift Response,B,-,2,2,0,1.0,37.28024993219864,59.5910940596021,7.436948042467819,25.0,NaN
J22 Goblins 4:Torch Courier,B,-,6,3,3,0.5,37.24959656804799,52.6406059503181,5.130336460756703,16.333333333333332,22.0
J22 Multi-Headed 2:Hunter's Edge,B,-,1,1,0,1.0,37.244483954267224,58.11133402939661,6.955616691709796,15.0,NaN
J22 Blink 4:Pierce Strider,B,-,2,2,0,1.0,37.21765748931513,58.78649038051816,7.189610963734343,29.5,NaN
J22 Blink 4:Brightmare,B,-,2,2,0,1.0,37.217657489315094,58.786490380518124,7.189610963734343,29.5,NaN
JMP Spooky 1:Bone Picker,B,-,4,2,2,0.5,37.202487526282205,57.37324480614736,6.723585759955052,25.0,25.0
J22 Ferocious 3:Drowsing Tyrannodon,B,-,2,2,0,1.0,37.157467227062575,58.84970241673546,7.230745063224295,20.5,NaN
J22 Cats 4:Pouncing Lynx,B,-,2,2,0,1.0,37.15143465165803,58.22694967944664,7.0251716759295375,20.5,NaN
J25 Enchanted 4:Golden-Tail Disciple,B,-,2,2,0,1.0,37.15085609926824,58.43796462002001,7.09570284025059,16.5,NaN
J25 Enchanted 4:Dreadful Apathy,B,-,2,2,0,1.0,37.15085609926824,58.43796462002001,7.09570284025059,16.5,NaN
J25 Enchanted 4:Archon of Sun's Grace,B,-,2,2,0,1.0,37.15085609926824,58.43796462002001,7.09570284025059,16.5,NaN
J25 Icky 1:Fumulus, the Infestation,B,-,5,3,2,0.6,37.15012065871746,57.92575988445547,6.9252130752460035,17.0,20.5
J25 Enchanted 4:Flutterfox,B,-,1,1,0,1.0,37.143194179181314,58.42093978963953,7.09258187015274,16.0,NaN
JMP Devilish 2:Torch Fiend,B,-,2,1,1,0.5,37.12113007451853,57.324585813670076,6.734485246383848,18.0,16.0
J25 Chaos:Fiery Fall,B,-,3,2,1,0.6666666666666666,37.10490382529896,56.98116820689259,6.625421460531208,18.0,19.0
J22 Cats 2:Make a Stand,B,-,1,1,0,1.0,37.09674821355601,59.172374369341505,7.358542051928498,19.0,NaN
J22 Cats 2:Felidar Retreat,B,-,1,1,0,1.0,37.09674821355601,59.172374369341505,7.358542051928498,19.0,NaN
J22 Law 2:Magnanimous Magistrate,B,-,2,2,0,1.0,37.08785768640021,58.5884880511418,7.1668767882471975,18.0,NaN
JMP Phyrexian:Malefic Scythe,B,-,4,2,2,0.5,37.059448588051424,54.44580034514976,5.795450585699445,16.5,18.5
J25 Inventive 2:Treasure Keeper,B,-,1,1,0,1.0,37.058549111482314,58.399023755700625,7.11349154807277,18.0,NaN
J25 Inventive 2:Fireshrieker,B,-,1,1,0,1.0,37.058549111482314,58.399023755700625,7.11349154807277,18.0,NaN
J22 Cats 2:Prowling Felidar,B,-,4,2,2,0.5,37.056608883336764,56.31220911056271,6.418533409075315,18.5,24.5
J25 Soaring 3:Cynette, Jelly Drover,B,-,2,1,1,0.5,37.05015492193846,57.99747191835528,6.982438998805607,17.0,17.0
J22 Merfolk 2:Synchronized Eviction,B,-,2,2,0,1.0,37.03782802753405,59.37436155025275,7.445511174239567,23.0,NaN
J22 Cats 4:Skyhunter Prowler,B,-,3,2,1,0.6666666666666666,37.03646380187296,58.03411380724605,6.999216668457697,20.5,18.0
JMP Above the Clouds 2:Rain of Revelation,B,-,2,1,1,0.5,37.03341608550939,58.681151383164156,7.215911765884922,18.0,15.0
JMP Above the Clouds 2:Wall of Runes,B,-,2,1,1,0.5,37.03341608550939,58.681151383164156,7.215911765884922,18.0,15.0
JMP Feathered Friends 2:Steel-Plume Marshal,B,-,2,2,0,1.0,37.006345361230636,58.468211924339386,7.15395552103625,24.5,NaN
JMP Angels 1:Feat of Resistance,B,-,1,1,0,1.0,36.946028368256236,57.747566774395956,6.933846135379907,12.0,NaN
JMP Angels 1:Anointed Chorister,B,-,1,1,0,1.0,36.946028368256236,57.747566774395956,6.933846135379907,12.0,NaN
J25 Inventive 2:Ornithopter of Paradise,B,-,2,1,1,0.5,36.90988500180431,58.20659078593965,7.098901928045115,18.0,22.0
J25 Inventive 2:Chief of the Foundry,B,-,2,1,1,0.5,36.90988500180431,58.20659078593965,7.098901928045115,18.0,22.0
J25 Clerics 3:Dark Bargain,B,-,2,2,0,1.0,36.80081097749729,59.329342441695715,7.509510488066141,30.0,NaN
J25 Enchanted 4:Banishing Light,B,-,3,2,1,0.6666666666666666,36.797116665923426,57.95922459951115,7.054035977862576,16.5,26.0
J25 Enchanted 4:Angelic Gift,B,-,3,2,1,0.6666666666666666,36.797116665923426,57.95922459951115,7.054035977862576,16.5,26.0
J25 Clerics 3:Elderfang Disciple,B,-,1,1,0,1.0,36.781061871588875,59.30506812412071,7.508002084177278,40.0,NaN
J22 Shapeshifters:Heirloom Blade,B,-,2,2,0,1.0,36.77069396851657,57.056001011421486,6.761769014301638,19.0,NaN
J25 Heroes 1:Defiant Strike,B,-,7,4,3,0.5714285714285714,36.767761852696665,53.4937808829895,5.575339676764277,21.0,21.0
J25 Nefarious:Haunting Figment,B,-,4,1,3,0.25,36.70405225018327,56.34713872663958,6.547695492152103,18.0,16.333333333333332
J22 Blink 2:Settle Beyond Reality,B,-,1,1,0,1.0,36.70375380165851,57.896379068116275,7.064208422152589,18.0,NaN
J22 Blink 2:Imperial Aerosaur,B,-,1,1,0,1.0,36.70375380165851,57.896379068116275,7.064208422152589,18.0,NaN
J25 Grave Robbers 2:Revoke Demise,B,-,3,2,1,0.6666666666666666,36.68019475320541,57.76129633950838,7.027033862100987,21.5,23.0
J22 Treasure 2:Professional Face-Breaker,B,-,2,1,1,0.5,36.67882065218885,54.11097509404837,5.810718147286507,14.0,40.0
JMP Plus One 4:Champion of Lambholt,B,-,1,1,0,1.0,36.67003343775946,57.08057183319184,6.8035127984774615,16.0,NaN
J25 Landfall 1:Kazandu Stomper,B,-,3,3,0,1.0,36.5764370063649,57.906281540609875,7.109948178081659,17.0,NaN
J25 Landfall 1:Canopy Baloth,B,-,3,3,0,1.0,36.57533431412975,57.90560301515617,7.110089567008806,18.666666666666668,NaN
J25 Landfall 1:Sutina, Speaker of the Tajuru,B,-,5,5,0,1.0,36.5343139179049,57.913331564351,7.126339215482031,16.8,NaN
J22 Gigantic 1:Enlarge,B,-,2,1,1,0.5,36.53306020183878,54.96614812738214,6.144362641847787,16.0,15.0
JMP Feathered Friends 2:Aven Gagglemaster,B,-,3,2,1,0.6666666666666666,36.51984281603977,57.85979240742333,7.113316530461187,24.5,23.0
J22 Speedy:Markov Warlord,B,-,1,1,0,1.0,36.49494904413082,56.94795736077714,6.817669438882106,11.0,NaN
J22 Holy 4:Pilgrim of the Ages,B,-,2,2,0,1.0,36.485153921128244,57.24995804755447,6.921601375475411,19.0,NaN
J22 Holy 4:Emancipation Angel,B,-,2,2,0,1.0,36.485153921128244,57.24995804755447,6.921601375475411,19.0,NaN
JMP Minotaurs 2:Flurry of Horns,B,-,3,3,0,1.0,36.457324440291245,57.866651994478616,7.1364425180624576,24.333333333333332,NaN
J25 Encounter 1:Aggressive Instinct,B,-,1,1,0,1.0,36.45331188720844,58.014041781988425,7.186909964926661,20.0,NaN
J25 Encounter 1:Greenwood Sentinel,B,-,1,1,0,1.0,36.45331188720844,58.014041781988425,7.186909964926661,20.0,NaN
J22 Spirits 1:Eidolon of Rhetoric,B,-,1,1,0,1.0,36.45331188720844,58.014041781988425,7.186909964926661,20.0,NaN
JMP Predatory 1:Somberwald Stag,B,-,4,1,3,0.25,36.442170027347416,56.95509054526592,6.8376401726395,16.0,29.0
JMP Doctor 4:Path of Bravery,B,-,1,1,0,1.0,36.44042460520747,59.047014953643796,7.535530116145444,26.0,NaN
JMP Doctor 4:Bulwark Giant,B,-,1,1,0,1.0,36.44042460520747,59.047014953643796,7.535530116145444,26.0,NaN
JMP Goblins 3:Shock,B,-,4,4,0,1.0,36.43321675894711,57.274379950128115,6.947054397060335,17.0,NaN
J25 Soaring 4:Faerie Seer,B,-,2,2,0,1.0,36.37083343796628,58.053695145610014,7.2276205692145785,18.0,NaN
J22 Fangs 1:Rodolf Duskbringer,B,-,2,1,1,0.5,36.323127403285454,58.26509542559354,7.313989340769363,19.0,28.0
JMP Doctor 4:Revitalize,B,-,2,1,1,0.5,36.32199110045911,58.84557272900406,7.507860542848317,26.0,13.0
J22 Wolves 2:Master of the Wild Hunt,B,-,4,2,2,0.5,36.29454594617226,53.79462200974276,5.833358687856833,19.0,25.0
J22 Detective 2:Floodhound,B,-,3,2,1,0.6666666666666666,36.27834765913455,57.09028164658847,6.937311329151307,19.5,20.0
JMP Dinosaurs 1:Ornery Dilophosaur,B,-,1,1,0,1.0,36.24557281207546,57.453780663845315,7.069402617256619,15.0,NaN
JMP Dinosaurs 1:Drowsing Tyrannodon,B,-,1,1,0,1.0,36.24557281207546,57.453780663845315,7.069402617256619,15.0,NaN
J22 Raid 2:Storm Fleet Pyromancer,B,-,1,1,0,1.0,36.24557281207546,57.453780663845315,7.069402617256619,15.0,NaN
JMP Seismic:Volcanic Fallout,B,-,2,2,0,1.0,36.241161082349024,58.247163133765945,7.335334017138973,20.0,NaN
JMP Dinosaurs 1:Drover of the Mighty,B,-,2,2,0,1.0,36.23539321826334,57.46049067892237,7.075032486886343,12.0,NaN
J25 Wizards 1:Archaeomancer,B,-,4,3,1,0.75,36.22869263834863,55.38094389650369,6.384083752718352,29.333333333333332,22.0
J25 Wizards 1:Academy Journeymage,B,-,4,3,1,0.75,36.22869263834863,55.38094389650369,6.384083752718352,29.333333333333332,22.0
J22 Gross 1:Yargle, Glutton of Urborg,B,-,3,3,0,1.0,36.21672094073204,57.61309776000255,7.1321256064235055,25.333333333333332,NaN
J22 Gross 1:Infernal Idol,B,-,3,3,0,1.0,36.21672094073204,57.61309776000255,7.1321256064235055,25.333333333333332,NaN
J25 Grave Robbers 2:Moodmark Painter,B,-,2,1,1,0.5,36.188259709204424,57.411923891493494,7.07455472742969,22.0,23.0
J22 Cats 2:Mesa Lynx,B,-,2,1,1,0.5,36.18578419433079,57.758022627168806,7.190746144279337,19.0,30.0
J25 Soaring 4:Tide Skimmer,B,-,1,1,0,1.0,36.16286973069667,57.90359544500371,7.246908571435679,19.0,NaN
J25 Warriors 1:Wrecking Crew,B,-,2,2,0,1.0,36.12401344839407,57.31676749388412,7.0642513484966845,17.5,NaN
J25 Bookworms 4:Opt,B,-,3,3,0,1.0,36.10008391849584,57.455848070677455,7.118588050727205,23.666666666666668,NaN
JMP Goblins 3:Goblin Commando,B,-,2,2,0,1.0,36.09567187261237,57.01758118923819,6.973969772208606,18.0,NaN
JMP Goblins 3:Beetleback Chief,B,-,2,2,0,1.0,36.09567187261234,57.017581189238165,6.973969772208606,18.0,NaN
J25 Zealots 4:Zealous Conscripts,B,-,4,3,1,0.75,36.08936608564625,57.12067001327327,7.010434642542342,20.666666666666668,17.0
J22 Boneyard 2:Gorging Vulture,B,-,3,3,0,1.0,36.08352753454247,57.43633590064236,7.117602788699964,19.333333333333332,NaN
J22 Wolves 2:Howl of the Hunt,B,-,4,2,2,0.5,36.08272606277113,53.50512723444763,5.807467057225498,19.0,21.0
J25 Zealots 4:Nef-Crop Entangler,B,-,5,4,1,0.8,36.03863122369941,57.062640585880466,7.008003120727017,19.25,15.0
JMP Doctor 2:Stone Haven Pilgrim,B,-,5,3,2,0.6,36.00303125839821,52.38949212794509,5.462153623182294,19.0,29.0
J25 Heroes 2:Brigone, Soldier of Meletis,B,-,1,1,0,1.0,35.96725640245563,58.093938656513835,7.375560751352735,23.0,NaN
JMP Seismic:Grim Lavamancer,B,-,1,1,0,1.0,35.96725640245563,58.093938656513835,7.375560751352735,23.0,NaN
JMP Angels 2:Celestial Enforcer,B,-,3,2,1,0.6666666666666666,35.82950723943831,53.464846885271854,5.8784465486111825,17.0,19.0
J22 Morbid 2:Reave Soul,B,-,3,2,1,0.6666666666666666,35.82450957207375,57.26690296262839,7.147464463518213,24.0,23.0
J22 Spirits 1:Blessed Defiance,B,-,4,2,2,0.5,35.782079085633114,55.1370441358455,6.451655016737463,19.5,33.0
JMP Milling:Bruvac the Grandiloquent,B,-,4,4,0,1.0,35.76170730294951,57.36574091010953,7.201344535720007,27.25,NaN
J25 Icky 1:Wriggling Grub,B,-,4,2,2,0.5,35.678915216102865,57.150160351412985,7.157081711770039,19.0,20.5
J22 Merfolk 2:Merrow Reejerey,B,-,2,1,1,0.5,35.6248106478201,57.378899111270094,7.251362821149997,26.0,18.0
J22 Ferocious 1:Savage Punch,B,-,3,2,1,0.6666666666666666,35.62159454554403,54.336037664559896,6.238147706338622,23.0,21.0
J22 Detective 2:Hold for Questioning,B,-,4,3,1,0.75,35.60430528331637,55.08791048198315,6.49453506622226,23.0,35.0
JMP Dinosaurs 2:Drowsing Tyrannodon,B,-,1,1,0,1.0,35.59140566345394,58.44404172858337,7.617545355043144,41.0,NaN
JMP Dinosaurs 2:Ornery Dilophosaur,B,-,1,1,0,1.0,35.59140566345394,58.44404172858337,7.617545355043144,41.0,NaN
JMP Dinosaurs 2:Thundering Spineback,B,-,1,1,0,1.0,35.59140566345394,58.44404172858337,7.617545355043144,41.0,NaN
JMP Dinosaurs 2:Commune with Dinosaurs,B,-,1,1,0,1.0,35.59140566345394,58.44404172858337,7.617545355043144,41.0,NaN
JMP Dinosaurs 2:Selvala, Heart of the Wilds,B,-,1,1,0,1.0,35.59140566345394,58.44404172858337,7.617545355043144,41.0,NaN
JMP Milling:Thought Scour,B,-,4,3,1,0.75,35.575003963911286,57.146615249624254,7.190537095237658,29.333333333333332,22.0
J22 Experimental 2:Mizzix, Replica Rider,B,-,2,2,0,1.0,35.57363866781646,57.15353107221681,7.19329746813345,16.5,NaN
J25 Armed 2:Plate Armor,B,-,5,4,1,0.8,35.5364553431916,53.64617846665231,6.036574374486904,21.75,27.0
J22 Teamwork 1:Valorous Stance,B,-,3,2,1,0.6666666666666666,35.52502098160839,58.39511807732798,7.623365698573195,31.5,22.0
J22 Zombies 1:Cemetery Recruitment,B,-,2,1,1,0.5,35.520517509495086,56.522284752898074,7.000589081134329,21.0,27.0
J25 Treasures 2:Vault of Whispers,B,-,3,3,0,1.0,35.50143383295642,56.13884622980851,6.879137465617361,16.666666666666668,NaN
JMP Predatory 1:Neyith of the Dire Hunt,B,-,4,2,2,0.5,35.41510440795954,55.73809563864331,6.774330410227924,18.0,24.5
J25 Inventive 3:Chief of the Foundry,B,-,5,2,3,0.4,35.34646935013968,53.168976838129765,5.940835829330029,19.0,20.666666666666668
J25 Landfall 1:Skyclave Pick-Axe,B,-,2,2,0,1.0,35.30677274426371,57.01782017863843,7.237015811458239,15.0,NaN
JMP Milling:Towering-Wave Mystic,B,-,4,3,1,0.75,35.29806417835881,57.01724501904841,7.239726946896534,26.0,16.0
J25 Armed 2:Ancestral Blade,B,-,4,3,1,0.75,35.25675766665021,53.44161931386676,6.061620549072184,23.666666666666668,27.0
J25 Zealots 3:Trial of Zeal,B,-,2,2,0,1.0,35.249771131908545,56.58646605234309,7.112231640144849,16.5,NaN
JMP Phyrexian:Entomber Exarch,B,-,4,3,1,0.75,35.24639404174847,54.09249445666834,6.2820334716399575,25.333333333333332,18.0
J25 Landfall 2:Kazandu Nectarpot,B,-,3,2,1,0.6666666666666666,35.21117126216083,54.924010743563855,6.570946493801007,15.0,48.0
J22 Experimental 2:Grotag Night-Runner,B,-,3,1,2,0.3333333333333333,35.20819089047695,56.88971515558716,7.227174755036738,18.0,17.5
JMP Above the Clouds 3:Keen Glidemaster,B,-,2,2,0,1.0,35.180739359768694,56.55685364402036,7.125371428083889,18.5,NaN
J25 Landfall 2:Bond of Flourishing,B,-,7,4,3,0.5714285714285714,35.172267895307364,51.59385014765221,5.473860750781617,17.5,29.666666666666668
J25 Grave Robbers 1:Diregraf Scavenger,B,-,3,2,1,0.6666666666666666,35.17111196857776,55.136344115328015,6.655077382250084,36.5,22.0
J25 Elves 3:Bounty of Skemfar,B,-,2,2,0,1.0,35.1250093553731,57.31780425241253,7.397598299013143,23.5,NaN
J25 Elves 3:Overcome,B,-,2,2,0,1.0,35.1250093553731,57.31780425241253,7.397598299013143,23.5,NaN
J22 Vehicles:Aerial Modification,B,-,3,2,1,0.6666666666666666,35.088909701774,57.07907011985251,7.330053472692838,18.0,22.0
J25 Enchanted 3:Nykthos Paragon,B,-,1,1,0,1.0,35.06239855366575,56.90395960719031,7.280520351174852,20.0,NaN
J25 Enchanted 3:Psemilla, Meletian Poet,B,-,1,1,0,1.0,35.06239855366575,56.90395960719031,7.280520351174852,20.0,NaN
J25 Enchanted 3:Nyx-Fleece Ram,B,-,1,1,0,1.0,35.06239855366575,56.90395960719031,7.280520351174852,20.0,NaN
JMP Witchcraft 1:Finishing Blow,B,-,1,1,0,1.0,35.06239855366575,56.90395960719031,7.280520351174852,20.0,NaN
J25 Elves 3:Thornweald Archer,B,-,3,2,1,0.6666666666666666,35.05382704167941,57.234794399601924,7.393655785974171,23.5,16.0
J25 Legion 2:Raise the Alarm,B,-,2,2,0,1.0,35.0475830711902,57.108722691144266,7.3537132066513555,24.0,NaN
J22 Boneyard 2:Ghoul's Feast,B,-,1,1,0,1.0,35.04619849762521,56.78066487737928,7.244822126584688,21.0,NaN
J22 Elves 3:Lys Alana Huntmaster,B,-,1,1,0,1.0,35.04547736564212,57.40996047899726,7.454827704451714,31.0,NaN
J22 Elves 3:Elven Bow,B,-,1,1,0,1.0,35.04547736564212,57.40996047899726,7.454827704451714,31.0,NaN
J25 Enchanted 3:Glory Bearers,B,-,2,2,0,1.0,35.0412682667059,56.90724149766887,7.288657743654325,19.0,NaN
J25 Ghastly 1:Dross Hopper,B,-,2,2,0,1.0,35.02989312773277,56.57215533034305,7.1807540675367605,20.5,NaN
J22 Elves 3:Instruments of War,B,-,2,2,0,1.0,35.0279087101469,57.41485679601028,7.462316028621125,23.5,NaN
J22 Elves 3:Woodland Champion,B,-,2,2,0,1.0,35.0279087101469,57.41485679601028,7.462316028621125,23.5,NaN
J25 Ghastly 1:Harvester of Souls,B,-,3,3,0,1.0,35.01981760651366,56.58124457369888,7.187142322395074,21.0,NaN
JMP Pirates 2:Pirate's Cutlass,B,-,2,2,0,1.0,34.960857834167285,56.07702739371014,7.038723186514286,17.5,NaN
JMP Dinosaurs 2:Orazca Frillback,B,-,2,1,1,0.5,34.95996762858735,57.298525946038104,7.446186105816919,41.0,22.0
JMP Dinosaurs 2:Savage Stomp,B,-,2,1,1,0.5,34.95996762858735,57.298525946038104,7.446186105816919,41.0,22.0
JMP Dinosaurs 2:Drover of the Mighty,B,-,2,1,1,0.5,34.95996762858735,57.298525946038104,7.446186105816919,41.0,22.0
JMP Dinosaurs 2:New Horizons,B,-,2,1,1,0.5,34.95996762858735,57.298525946038104,7.446186105816919,41.0,22.0
J22 Vehicles:Sanctum Gargoyle,B,-,1,1,0,1.0,34.91230884031813,57.019262018754745,7.368984392812204,19.0,NaN
J25 Zealots 2:Kindled Fury,B,-,2,1,1,0.5,34.88199033644848,52.933277826821495,6.0170958301243385,15.0,18.0
J22 Vehicles:Aradara Express,B,-,3,2,1,0.6666666666666666,34.86963984005192,56.590899918556964,7.2404200261683505,18.0,17.0
J22 Vehicles:Imperial Recovery Unit,B,-,2,1,1,0.5,34.84091758488765,56.93977501172943,7.366285808947261,19.0,22.0
JMP Angels 2:Serra Angel,B,-,2,2,0,1.0,34.8353770370677,56.03994922125476,7.068190728062352,20.5,NaN
JMP Lightning 1:Lightning Phoenix,B,-,3,2,1,0.6666666666666666,34.80795288257167,53.46726384282755,6.219770320085294,21.5,17.0
J25 Armed 1:Mirran Bardiche,B,-,4,4,0,1.0,34.80217113809376,56.39085408638753,7.196227649431256,25.75,NaN
J25 Armed 1:Faithful Pikemaster,B,-,4,4,0,1.0,34.80217113809376,56.39085408638753,7.196227649431256,25.75,NaN
J25 Armed 4:Danitha Capashen, Paragon,B,-,4,3,1,0.75,34.762590855856345,51.68994622014036,5.642451788094669,20.333333333333332,17.0
J22 Elves 3:Ivy Lane Denizen,B,-,3,2,1,0.6666666666666666,34.759444955975205,57.021164672498735,7.420573238841176,23.5,17.0
JMP Spooky 3:Bone Picker,B,-,3,3,0,1.0,34.64452234618503,56.22644682661142,7.193974826808798,18.333333333333332,NaN
JMP Minotaurs 2:Sure Strike,B,-,4,3,1,0.75,34.60807712875477,54.13438772382364,6.508770198356292,24.666666666666668,23.0
JMP Predatory 2:Gingerbrute,B,-,2,1,1,0.5,34.55819189593936,53.99065503998122,6.4774877146806205,19.0,21.0
J22 Vehicles:Peacewalker Colossus,B,-,4,2,2,0.5,34.54249437932975,56.37873598082305,7.278747200497766,18.0,19.5
JMP Minotaurs 1:Warfire Javelineer,B,-,2,1,1,0.5,34.527065674508464,56.20239639547416,7.225110240321899,31.0,13.0
J25 Vampires 4:Blood Fountain,B,-,2,1,1,0.5,34.509919155348385,55.805461054734494,7.098513966462036,23.0,20.0
JMP Seismic:Bloodrock Cyclops,B,-,2,1,1,0.5,34.49840170382012,55.64357052160677,7.048389605928883,23.0,19.0
JMP Seismic:Magmaquake,B,-,2,1,1,0.5,34.49840170382012,55.64357052160677,7.048389605928883,23.0,19.0
J25 Ne'er-do-wells 2:Foul Play,B,-,1,1,0,1.0,34.46619267504837,56.03165370372337,7.188487009558334,16.0,NaN
J25 Ne'er-do-wells 2:Masked Blackguard,B,-,1,1,0,1.0,34.46619267504837,56.03165370372337,7.188487009558334,16.0,NaN
J22 Fangs 2:Falkenrath Noble,B,-,1,1,0,1.0,34.46619267504837,56.03165370372337,7.188487009558334,16.0,NaN
J25 Ne'er-do-wells 2:Balustrade Spy,B,-,1,1,0,1.0,34.46619267504837,56.03165370372337,7.188487009558334,16.0,NaN
J22 Fangs 2:Rodolf Duskbringer,B,-,1,1,0,1.0,34.46619267504837,56.03165370372337,7.188487009558334,16.0,NaN
JMP Milling:Selhoff Occultist,B,-,4,2,2,0.5,34.42073137484502,56.22898416652426,7.269417597226415,24.0,19.0
JMP Devilish 4:Sin Prodder,B,-,3,3,0,1.0,34.40995786393419,55.82373053245674,7.1379242228408515,19.666666666666668,NaN
JMP Milling:Thought Collapse,B,-,2,1,1,0.5,34.3934363755294,56.20542083088394,7.27066148511818,27.0,22.0
J22 Demons 2:Conductor of Cacophony,B,-,1,1,0,1.0,34.39212478268922,55.91390537761474,7.173926864975172,18.0,NaN
J22 Merfolk 4:Soul Read,B,-,1,1,0,1.0,34.35578627213094,56.09869120934488,7.247634979071311,16.0,NaN
J22 Merfolk 4:Saltwater Stalwart,B,-,1,1,0,1.0,34.35578627213094,56.09869120934488,7.247634979071311,16.0,NaN
J22 Merfolk 4:Merfolk Sovereign,B,-,1,1,0,1.0,34.35578627213094,56.09869120934488,7.247634979071311,16.0,NaN
J22 Merfolk 4:One With the Wind,B,-,1,1,0,1.0,34.35578627213094,56.09869120934488,7.247634979071311,16.0,NaN
JMP Spooky 3:Gristle Grinner,B,-,3,3,0,1.0,34.347673617582544,56.07328799441711,7.241871458944854,19.333333333333332,NaN
J22 Multi-Headed 1:Feral Hydra,B,-,1,1,0,1.0,34.32151072296908,56.03760322861677,7.238697501882563,18.0,NaN
J22 Cats 1:Savannah Lions,B,-,3,2,1,0.6666666666666666,34.28992194508103,55.34217958540388,7.01741921344095,17.5,17.0
J22 Gross 3:Grotesque Mutation,B,-,2,2,0,1.0,34.289392296719605,55.87745106934656,7.196019590875653,28.0,NaN
J22 Treasure 2:Goldhound,B,-,3,2,1,0.6666666666666666,34.28330813514944,52.49639570776775,6.071029190872772,21.0,40.0
JMP Feathered Friends 1:Sky Tether,B,-,1,1,0,1.0,34.26043134069059,56.14896308962271,7.2961772496440425,19.0,NaN
JMP Feathered Friends 1:Aven Gagglemaster,B,-,1,1,0,1.0,34.26043134069059,56.14896308962271,7.2961772496440425,19.0,NaN
JMP Feathered Friends 1:Celestial Enforcer,B,-,1,1,0,1.0,34.26043134069059,56.14896308962271,7.2961772496440425,19.0,NaN
J22 Merfolk 1:Triton Shorestalker,B,-,1,1,0,1.0,34.25762738310205,56.61779338916632,7.453388668688091,16.0,NaN
J22 Merfolk 1:Crashing Tide,B,-,1,1,0,1.0,34.25762738310202,56.61779338916629,7.453388668688091,16.0,NaN
J25 Landfall 1:Lotus Cobra,B,-,2,2,0,1.0,34.23505938604977,56.62014824817582,7.461696287375351,18.5,NaN
J25 Landfall 1:Undergrowth Champion,B,-,2,2,0,1.0,34.23466862757154,56.619985078315075,7.461772150247847,16.0,NaN
J22 Blink 4:Seller of Songbirds,B,-,2,2,0,1.0,34.2086868781817,56.36918896613248,7.386834029316925,18.5,NaN
JMP Witchcraft 1:Bake into a Pie,B,-,3,2,1,0.6666666666666666,34.1627712667193,55.33719296566154,7.05814056631408,20.0,17.0
JMP Spooky 1:Dutiful Attendant,B,-,2,1,1,0.5,34.161613832046626,56.46942017850373,7.435935448819034,30.0,15.0
J22 Boneyard 2:Graveblade Marauder,B,-,4,3,1,0.75,34.11809078491268,52.961003843898666,6.280971019661994,20.0,31.0
J22 Cats 4:King of the Pride,B,-,3,2,1,0.6666666666666666,34.08764284029267,53.437069194786,6.449808784831107,20.5,17.0
JMP Milling:Reckless Scholar,B,-,5,3,2,0.6,34.08156165200485,54.52963981247079,6.816026053488646,29.333333333333332,15.5
J25 Ghastly 3:Ozox, the Clattering King,B,-,4,4,0,1.0,34.06276432241864,55.8945191684742,7.277251615351853,15.75,NaN
J22 Go to School 1:Kasmina, Enigmatic Mentor,B,-,3,3,0,1.0,34.05318601166323,56.57869713305642,7.508503707131066,22.0,NaN
JMP Wizards 4:Talrand's Invocation,B,-,3,2,1,0.6666666666666666,34.02465783905899,52.235864083095635,6.070402081345548,18.0,29.0
J22 Cats 3:Leonin Snarecaster,B,-,1,1,0,1.0,34.01304600306851,56.36312238365717,7.450025460196221,17.0,NaN
J22 Cats 3:King of the Pride,B,-,1,1,0,1.0,34.01304600306851,56.36312238365717,7.450025460196221,17.0,NaN
J22 Cats 3:Savannah Sage,B,-,1,1,0,1.0,34.01304600306851,56.36312238365717,7.450025460196221,17.0,NaN
J22 Cats 3:Ajani, Strength of the Pride,B,-,1,1,0,1.0,34.01304600306851,56.36312238365717,7.450025460196221,17.0,NaN
J25 Zealots 4:Trueheart Twins,B,-,3,2,1,0.6666666666666666,34.00988713322537,55.96130677187228,7.317139879548971,24.0,17.0
J25 Dinner:Tireless Provisioner,B,-,1,1,0,1.0,33.976188209822986,56.96474655362778,7.662852781268265,32.0,NaN
J25 Dinner:Bite Down,B,-,1,1,0,1.0,33.976188209822986,56.96474655362778,7.662852781268265,32.0,NaN
J25 Dinner:Orchard Strider,B,-,1,1,0,1.0,33.976188209822986,56.96474655362778,7.662852781268265,32.0,NaN
J25 Dinner:Saurian Symbiote,B,-,1,1,0,1.0,33.976188209822986,56.96474655362778,7.662852781268265,32.0,NaN
J25 Dinner:Giant Opportunity,B,-,1,1,0,1.0,33.976188209822986,56.96474655362778,7.662852781268265,32.0,NaN
J22 Cats 3:Make a Stand,B,-,3,2,1,0.6666666666666666,33.97541171111637,56.13719483057254,7.387261039818723,15.5,17.0
J25 Dinner:Hurska Sweet-Tooth,B,-,2,2,0,1.0,33.95498295536913,56.96805369493496,7.671023579855276,23.5,NaN
J25 Dinner:Trail of Crumbs,B,-,2,2,0,1.0,33.95498295536913,56.96805369493496,7.671023579855276,23.5,NaN
J25 Zealots 3:Anep, Vizier of Hazoret,B,-,3,2,1,0.6666666666666666,33.94919143941983,54.72017234178755,6.923660300789242,16.5,31.0
J25 Zealots 3:Nef-Crop Entangler,B,-,3,2,1,0.6666666666666666,33.94919143941983,54.72017234178755,6.923660300789242,16.5,31.0
J25 Zealots 3:Trueheart Twins,B,-,3,2,1,0.6666666666666666,33.94919143941983,54.72017234178755,6.923660300789242,16.5,31.0
JMP Liliana:Blighted Bat,B,-,3,3,0,1.0,33.91361076625528,55.72534713818683,7.270578790643848,26.0,NaN
JMP Spooky 3:Liliana's Devotee,B,-,3,2,1,0.6666666666666666,33.901360961175996,55.78369196863904,7.294110335821016,18.5,21.0
JMP Liliana:Wailing Ghoul,B,-,4,4,0,1.0,33.89553872610834,55.7300897759216,7.2781836832710844,23.75,NaN
JMP Liliana:Liliana's Elite,B,-,4,4,0,1.0,33.89461150755601,55.72983821222854,7.278408901557511,23.75,NaN
JMP Wizards 4:Shipwreck Dowser,B,-,2,2,0,1.0,33.8732279953599,55.58840268411167,7.238391562917257,21.5,NaN
J22 Cats 3:Ingenious Leonin,B,-,2,1,1,0.5,33.82854886846718,56.053515106131584,7.4083220792214695,17.0,17.0
JMP Doctor 1:Anointed Chorister,B,-,4,2,2,0.5,33.817969468920595,53.46118846298828,6.547739664689228,26.0,26.0
JMP Under the Sea 1:Aegis Turtle,B,-,2,2,0,1.0,33.80950202622324,55.54079307184981,7.2437636818755236,23.0,NaN
J25 Treasures 2:Shambling Ghast,B,-,2,2,0,1.0,33.7874416781284,54.99600643938408,7.069521587085227,17.5,NaN
J22 Elves 4:Overcome,B,-,2,2,0,1.0,33.753636024035615,54.80308675833021,7.0164835780982,12.5,NaN
J22 Go to School 1:Merfolk Pupil,B,-,2,2,0,1.0,33.70806435111777,56.371449583801024,7.554461744227751,22.0,NaN
J25 Bookworms 4:Nadir Kraken,B,-,6,4,2,0.6666666666666666,33.69020101096433,50.15098613203491,5.486928373690193,22.75,17.5
J25 Landfall 1:Baloth Woodcrasher,B,-,5,4,1,0.8,33.635124366734644,53.78030897934239,6.715061537535914,18.0,18.0
J25 Beasts 1:Hungry Megasloth,B,-,4,3,1,0.75,33.62648495051016,53.49047763145415,6.621330893647996,20.0,23.0
JMP Lightning 1:Lightning Shrieker,B,-,2,1,1,0.5,33.6186899016844,52.53760234058187,6.306304146299158,15.0,17.0
J22 Elves 3:Might of the Masses,B,-,2,1,1,0.5,33.595359862068285,53.12816414669767,6.510934761543129,24.0,26.0
J22 Elves 3:Wolverine Riders,B,-,2,1,1,0.5,33.595359862068285,53.12816414669767,6.510934761543129,24.0,26.0
JMP Spooky 3:Eternal Taskmaster,B,-,2,2,0,1.0,33.59325615917243,55.60064409722994,7.335795979352505,20.0,NaN
J25 Beasts 1:Gift of the Gargantuan,B,-,3,2,1,0.6666666666666666,33.59109036899713,53.45393259864428,6.620947409882382,23.0,23.0
JMP Dinosaurs 3:Drowsing Tyrannodon,B,-,4,3,1,0.75,33.58546692565189,55.64668620345782,7.353739759268642,18.333333333333332,22.0
J22 Elves 3:Elvish Rejuvenator,B,-,3,2,1,0.6666666666666666,33.57535169235115,53.13069636465046,6.51844822409977,20.0,26.0
JMP Minotaurs 2:Lightning Visionary,B,-,4,3,1,0.75,33.527171545675344,52.980856217198074,6.484561557174242,18.0,23.0
JMP Minotaurs 2:Rageblood Shaman,B,-,4,3,1,0.75,33.527171545675344,52.980856217198074,6.484561557174242,18.0,23.0
J22 Cats 2:Impeccable Timing,B,-,3,1,2,0.3333333333333333,33.499217055512545,53.767588873217726,6.75612393923506,19.0,24.5
J22 Treasure 2:Welding Sparks,B,-,3,3,0,1.0,33.38584100282443,55.50672574607595,7.373628247750508,20.333333333333332,NaN
JMP Legion 4:Siege Striker,B,-,2,2,0,1.0,33.35163222518384,54.535189478861,7.061185751225719,13.0,NaN
JMP Liliana:Liliana's Devotee,B,-,5,4,1,0.8,33.34084687787713,54.914754161952224,7.191302428025032,23.75,24.0
J25 Heroes 1:Faithful Pikemaster,B,-,6,3,3,0.5,33.30447462280741,49.17016193539281,5.2885624375284666,20.666666666666668,17.333333333333332
JMP Wizards 2:Shipwreck Dowser,B,-,3,3,0,1.0,33.29407420361491,55.524233435455166,7.410053077280085,21.666666666666668,NaN
J22 Teamwork 1:Taranika, Akroan Veteran,B,-,3,2,1,0.6666666666666666,33.278404422276864,54.95236587579466,7.224653817839267,31.5,24.0
J25 Explorers 2:Slimy Piper,B,-,2,2,0,1.0,33.2772836080306,55.08375156908987,7.2688226536864216,19.5,NaN
JMP Wizards 2:Vodalian Arcanist,B,-,3,3,0,1.0,33.26797050167298,55.50948384724985,7.413837781858956,21.333333333333332,NaN
JMP Dinosaurs 4:Ornery Dilophosaur,B,-,8,4,4,0.5,33.24375018564109,51.583013998745386,6.11308793770143,24.0,20.0
J25 Giddyap:Sunmane Pegasus,B,-,1,1,0,1.0,33.22576842323192,55.25209312026366,7.3421082323439135,18.0,NaN
JMP Doctor 1:Basri's Acolyte,B,-,7,3,4,0.42857142857142855,33.18064639753808,49.77085688075054,5.530070161070823,22.333333333333332,25.0
J22 Go to School 1:Overwhelmed Apprentice,B,-,1,1,0,1.0,33.15696291760551,56.05146382956517,7.631500303986555,27.0,NaN
J25 Dragons 1:Seize the Spoils,B,-,1,1,0,1.0,33.15696291760551,56.05146382956517,7.631500303986555,27.0,NaN
J22 Go to School 1:Dismiss,B,-,1,1,0,1.0,33.15696291760551,56.05146382956517,7.631500303986555,27.0,NaN
J22 Cruel 2:Feast on the Fallen,B,-,1,1,0,1.0,33.142364588618506,56.00443745698462,7.620690956122038,26.0,NaN
J22 Cruel 2:Plague Spitter,B,-,1,1,0,1.0,33.142364588618506,56.00443745698462,7.620690956122038,26.0,NaN
J22 Cruel 2:Mire Blight,B,-,1,1,0,1.0,33.142364588618506,56.00443745698462,7.620690956122038,26.0,NaN
J22 Cruel 2:Ossuary Rats,B,-,1,1,0,1.0,33.142364588618506,56.00443745698462,7.620690956122038,26.0,NaN
J25 Stalwart 4:Sunhome Stalwart,B,-,4,3,1,0.75,33.13799576832967,55.33664967182999,7.399551301166774,22.0,16.0
JMP Dinosaurs 3:Ghalta, Primal Hunger,B,-,3,3,0,1.0,33.10042444859299,55.358878330984766,7.419484627463927,16.333333333333332,NaN
J25 Elves 1:Llanowar Elves,B,-,3,3,0,1.0,33.06221322206042,55.285315735293906,7.407700837744495,19.333333333333332,NaN
J25 Elves 1:Thornweald Archer,B,-,4,4,0,1.0,33.060217796107,55.296914058070854,7.412232087321285,19.5,NaN
J25 Vampires 2:Bloodthirsty Aerialist,B,-,2,2,0,1.0,33.055303438499564,55.67160471052616,7.538767090675531,22.5,NaN
J25 Vampires 2:Crossway Troublemakers,B,-,2,2,0,1.0,33.05530343849955,55.67160471052615,7.538767090675531,22.5,NaN
J25 Vampires 2:Blood Fountain,B,-,2,2,0,1.0,33.05530343849955,55.67160471052615,7.538767090675531,22.5,NaN
J25 Landfall 1:Snapping Gnarlid,B,-,3,2,1,0.6666666666666666,33.05105553619674,53.51177594105482,6.820240134952694,16.5,16.0
J25 Vampires 2:Creeping Bloodsucker,B,-,1,1,0,1.0,32.98087220855996,55.61598386515136,7.545037218863798,24.0,NaN
J22 Blink 4:Inspiring Overseer,B,-,1,1,0,1.0,32.98087220855996,55.61598386515135,7.545037218863798,24.0,NaN
JMP Witchcraft 1:Cauldron Familiar,B,-,2,2,0,1.0,32.959517259692,55.225846972566416,7.422109904291472,24.0,NaN
J22 Multi-Headed 1:Benevolent Hydra,B,-,2,1,1,0.5,32.95646341096712,54.45849066111469,7.167342416715857,30.0,18.0
JMP Witchcraft 1:Bogbrew Witch,B,-,3,3,0,1.0,32.93986503041357,55.230037816757346,7.4300575954479235,22.666666666666668,NaN
JMP Witchcraft 1:Bubbling Cauldron,B,-,3,3,0,1.0,32.93986503041357,55.230037816757346,7.4300575954479235,22.666666666666668,NaN
J25 Stalwart 4:Urdnan, Dromoka Warrior,B,-,2,2,0,1.0,32.91176112741465,55.14883319019507,7.412357354260141,24.5,NaN
J22 Cruel 2:Lurking Deadeye,B,-,2,1,1,0.5,32.902521848883744,55.58202720555485,7.559835118890369,26.0,16.0
J22 Insects 1:Moldgraf Millipede,B,-,2,2,0,1.0,32.898228128791445,55.40506441563179,7.502278762280117,23.5,NaN
J22 Insects 1:Crawling Sensation,B,-,2,2,0,1.0,32.898228128791445,55.40506441563179,7.502278762280117,23.5,NaN
J25 Explorers 2:Tireless Tracker,B,-,4,3,1,0.75,32.86924048772352,50.21670159782338,5.782487036699953,21.333333333333332,19.0
J22 Fangs 4:Ill-Gotten Inheritance,B,-,4,3,1,0.75,32.84701793876454,51.80432582880226,6.319102630012576,29.666666666666668,16.0
J22 Fangs 4:Vito, Thorn of the Dusk Rose,B,-,4,3,1,0.75,32.847017938764495,51.80432582880223,6.319102630012576,29.666666666666668,16.0
J25 Stalwart 4:Swift Response,B,-,3,2,1,0.6666666666666666,32.846023160315156,55.04074543826481,7.3982407593165505,24.5,14.0
JMP Witchcraft 1:Witch of the Moors,B,-,1,1,0,1.0,32.8429456653354,55.138130404205214,7.4317282462899374,26.0,NaN
J25 Stalwart 4:Steadfast Sentry,B,-,5,3,2,0.6,32.82975668037285,55.22703215209741,7.465758490574852,22.333333333333332,15.0
JMP Enchanted 1:Dub,B,-,2,1,1,0.5,32.82801455099829,52.41624325637117,6.529409568457626,13.0,28.0
JMP Enchanted 1:Face of Divinity,B,-,2,1,1,0.5,32.82801455099829,52.41624325637117,6.529409568457626,13.0,28.0
JMP Spooky 3:Crypt Lurker,B,-,2,1,1,0.5,32.81799999792986,55.14559611397831,7.442532038682814,22.0,21.0
J25 Ghastly 3:Dross Hopper,B,-,2,2,0,1.0,32.7963105913599,55.13036815133426,7.444685853324788,15.5,NaN
J25 Ghastly 3:Falkenrath Noble,B,-,3,3,0,1.0,32.796042712707276,55.14505161562716,7.449669634306628,20.0,NaN
JMP Angels 1:Baneslayer Angel,B,-,2,2,0,1.0,32.78835671218662,55.31558820992974,7.509077165914374,29.5,NaN
JMP Angels 1:Celestial Enforcer,B,-,2,2,0,1.0,32.78835671218662,55.31558820992974,7.509077165914374,29.5,NaN
JMP Angels 1:Scroll of Avacyn,B,-,2,2,0,1.0,32.78835671218662,55.31558820992974,7.509077165914374,29.5,NaN
JMP Angels 1:Serra Angel,B,-,2,2,0,1.0,32.78835671218662,55.31558820992974,7.509077165914374,29.5,NaN
JMP Angels 1:Emancipation Angel,B,-,2,2,0,1.0,32.78835671218662,55.31558820992974,7.509077165914374,29.5,NaN
J22 Treasure 2:Goldvein Pick,B,-,3,3,0,1.0,32.77272611200944,55.1305809319841,7.452618273324888,23.333333333333332,NaN
J25 Wizards 1:Concentrate,B,-,4,3,1,0.75,32.73600229504869,52.69717010533856,6.653722603429956,27.666666666666668,22.0
J22 Boneyard 1:Stitcher's Supplier,B,-,2,2,0,1.0,32.66345704634788,54.386911659948574,7.241151537866898,15.5,NaN
JMP Liliana:Liliana's Standard Bearer,B,-,3,3,0,1.0,32.65040350228175,54.8000808245235,7.383225774080584,22.333333333333332,NaN
J22 Fiery 1:Spiteful Prankster,B,-,1,1,0,1.0,32.64275703523826,53.887357131654824,7.081533365472186,18.0,NaN
J22 Fiery 1:Chandra, Flame's Fury,B,-,1,1,0,1.0,32.64275703523826,53.887357131654824,7.081533365472186,18.0,NaN
JMP Elves 1:Presence of Gond,B,-,2,2,0,1.0,32.64085931335231,54.59536421179656,7.318168299481415,20.0,NaN
JMP Elves 1:Hunter's Edge,B,-,2,2,0,1.0,32.64085931335231,54.59536421179656,7.318168299481415,20.0,NaN
JMP Elves 1:Elvish Archdruid,B,-,2,2,0,1.0,32.640859313352266,54.595364211796515,7.318168299481415,20.0,NaN
J25 Goblins 4:Brute Strength,B,-,2,2,0,1.0,32.62475936040208,55.19549564157761,7.5235787603918425,18.5,NaN
J25 Goblins 4:Krenko's Command,B,-,2,2,0,1.0,32.62475936040208,55.19549564157761,7.5235787603918425,18.5,NaN
J25 Goblins 4:Shock,B,-,2,2,0,1.0,32.62475936040208,55.19549564157761,7.5235787603918425,18.5,NaN
J25 Ghastly 3:Wriggling Grub,B,-,2,2,0,1.0,32.580873351440886,55.025607593539625,7.48157808069958,23.0,NaN
JMP Smashing 4:Bloodshot Trainee,B,-,1,1,0,1.0,32.58082235047423,55.010883333186634,7.476686994237468,17.0,NaN
JMP Smashing 4:Etali, Primal Storm,B,-,1,1,0,1.0,32.58082235047423,55.010883333186634,7.476686994237468,17.0,NaN
JMP Smashing 4:Hungry Flames,B,-,1,1,0,1.0,32.58082235047423,55.010883333186634,7.476686994237468,17.0,NaN
JMP Smashing 4:Turret Ogre,B,-,2,1,1,0.5,32.558315889852906,55.01225752386802,7.484647211338372,17.0,12.0
J25 Wizards 1:Choking Tethers,B,-,2,2,0,1.0,32.54894793352734,55.230190179534546,7.560414082002403,34.0,NaN
JMP Smashing 2:Volcanic Salvo,B,-,4,2,2,0.5,32.536385870111715,50.59869255338452,6.0207688944242665,19.5,21.5
J25 Beasts 1:Explore,B,-,3,3,0,1.0,32.5317436840444,54.747656959223214,7.4053044250596045,15.666666666666666,NaN
J25 Goblins 1:Shock,B,-,4,3,1,0.75,32.52093626533689,53.65607020266176,7.045044645774955,16.0,19.0
J22 Fangs 4:Bloodbond Vampire,B,-,3,2,1,0.6666666666666666,32.511241091743926,51.54728484265268,6.345347916969585,34.5,16.0
J22 Fangs 4:Moment of Craving,B,-,3,2,1,0.6666666666666666,32.511241091743926,51.54728484265268,6.345347916969585,34.5,16.0
J22 Holy 4:Faith's Fetters,B,-,3,2,1,0.6666666666666666,32.48899894943695,54.429599891277334,7.313533647280129,22.5,21.0
J25 Encounter 1:Jiang Yanggu, Wildcrafter,B,-,1,1,0,1.0,32.48205796258736,54.6997198506574,7.405887296023346,22.0,NaN
J25 Dragons 1:Dragon Hatchling,B,-,7,3,4,0.42857142857142855,32.45176683871567,50.01026339208973,5.8528321844580224,20.0,18.0
JMP Legion 2:Raise the Alarm,B,-,2,1,1,0.5,32.44990477362853,49.08313564650673,5.544410290959401,16.0,18.0
JMP Legion 2:Legion's Judgment,B,-,2,1,1,0.5,32.44990477362853,49.08313564650673,5.544410290959401,16.0,18.0
JMP Minotaurs 1:Minotaur Sureshot,B,-,6,3,3,0.5,32.4374094560056,49.67601038777443,5.746200310589613,24.0,25.333333333333332
JMP Minotaurs 1:Borderland Minotaur,B,-,6,3,3,0.5,32.4374094560056,49.67601038777443,5.746200310589613,24.0,25.333333333333332
J25 Zealots 4:Bloodlust Inciter,B,-,2,1,1,0.5,32.41046528291497,54.89270377423014,7.494079497105057,18.0,17.0
J25 Beasts 1:Spined Tyrranax,B,-,4,3,1,0.75,32.40120964513304,51.510082077698314,6.369624144188427,20.0,18.0
J22 Merfolk 3:Harbinger of the Tides,B,-,5,3,2,0.6,32.39669709737079,50.76118296722301,6.121495289950738,16.0,17.5
J22 Insects 1:Swarm Shambler,B,-,3,2,1,0.6666666666666666,32.39646098625387,54.61290509709214,7.405481370279423,23.5,24.0
J22 Morbid 2:Morkrut Banshee,B,-,3,2,1,0.6666666666666666,32.38725514684792,52.72343805918415,6.778727637445408,24.0,24.0
JMP Legion 1:Inspired Charge,B,-,3,3,0,1.0,32.38363929896419,54.3409719125623,7.319110871199371,18.333333333333332,NaN
J25 Goblins 4:Destructive Digger,B,-,1,1,0,1.0,32.37663190695345,55.029396613551896,7.550921568866149,22.0,NaN
J25 Goblins 4:Goblin Surprise,B,-,1,1,0,1.0,32.37663190695345,55.029396613551896,7.550921568866149,22.0,NaN
J25 Goblins 4:General Kreat, the Boltbringer,B,-,1,1,0,1.0,32.37663190695345,55.029396613551896,7.550921568866149,22.0,NaN
J25 Goblins 4:Fire Prophecy,B,-,1,1,0,1.0,32.37663190695345,55.029396613551896,7.550921568866149,22.0,NaN
JMP Discarding 2:Wight of Precinct Six,B,-,2,2,0,1.0,32.318475092176946,53.912717301837986,7.19808073655368,22.0,NaN
JMP Plus One 4:Nessian Hornbeetle,B,-,3,2,1,0.6666666666666666,32.30169039031709,51.2121894232773,6.303499677653405,15.0,23.0
J25 Soaring 4:Nightveil Sprite,B,-,3,3,0,1.0,32.25278768807863,54.5870004213491,7.444737577756825,16.0,NaN
J25 Bookworms 1:Faerie Vandal,B,-,3,1,2,0.3333333333333333,32.23133852359584,51.81456685799265,6.5277427781322706,18.0,16.0
J25 Goblins 1:Fissure Wizard,B,-,3,2,1,0.6666666666666666,32.19846619397113,53.67915788866648,7.160230564898452,13.0,27.0
J22 Ferocious 2:Nessian Hornbeetle,B,-,2,2,0,1.0,32.191408515413954,53.729250900255856,7.1792807949473,15.0,NaN
J22 Blink 1:Distinguished Conjurer,B,-,3,3,0,1.0,32.17903815698935,55.00770838641571,7.609556743142119,26.333333333333332,NaN
J22 Blink 1:Rambunctious Mutt,B,-,3,3,0,1.0,32.17903815698935,55.00770838641571,7.609556743142119,26.333333333333332,NaN
J22 Multi-Headed 2:Hydra's Growth,B,-,2,1,1,0.5,32.17640788506222,51.4116496133368,6.411747242758193,15.0,26.0
JMP Angels 2:Angelic Page,B,-,4,2,2,0.5,32.16836650115806,51.172101457165105,6.334578318669013,20.0,17.0
JMP Spellcasting 2:Hungry Flames,B,-,1,1,0,1.0,32.16567272548775,54.18873516909841,7.341020814536884,24.0,NaN
J22 Dragons 2:Lathliss, Dragon Queen,B,-,1,1,0,1.0,32.16307101267719,53.999051355814,7.278660114378933,17.0,NaN
J22 Dragons 2:Sparktongue Dragon,B,-,1,1,0,1.0,32.16307101267719,53.999051355814,7.278660114378933,17.0,NaN
J22 Law 3:Midnight Guard,B,-,3,2,1,0.6666666666666666,32.14627032453389,48.046366927258326,5.300032200908147,17.0,14.0
J25 Zealots 4:Sandstorm Crasher,B,-,4,2,2,0.5,32.1279181519475,54.29793367945872,7.390005175837076,16.5,15.0
J22 Zombies 1:Gravecrawler,B,-,2,1,1,0.5,32.12687471273842,51.74049614126974,6.5378738095104385,21.0,22.0
J25 Elves 2:Hunter's Edge,B,-,1,1,0,1.0,32.089261749894916,54.381409341892876,7.43071586399932,16.0,NaN
J22 Holy 3:Valkyrie Harbinger,B,-,3,3,0,1.0,32.08889416258833,53.867913953082926,7.2596732634981995,17.0,NaN
J22 Dragons 2:Scorching Dragonfire,B,-,2,1,1,0.5,32.08289476043328,53.90033540031746,7.272480213294728,17.0,17.0
J25 Elves 2:High-Rise Sawjack,B,-,3,3,0,1.0,32.07473412012894,54.40086779657352,7.442044558814861,16.0,NaN
J22 Cycling 2:Drannith Stinger,B,-,2,2,0,1.0,32.06881281163584,54.384838409316785,7.438675199226984,15.5,NaN
J25 Elves 2:Elvish Visionary,B,-,2,2,0,1.0,32.068761862553586,54.38483691339665,7.438691683614354,16.0,NaN
J25 Elves 2:Razorgrass Invoker,B,-,2,2,0,1.0,32.068761862553586,54.38483691339665,7.438691683614354,16.0,NaN
J22 Fangs 2:Ill-Gotten Inheritance,B,-,3,2,1,0.6666666666666666,32.057239689114994,50.313378052898315,6.085379454594442,15.0,21.0
JMP Vampires 2:Last Gasp,B,-,3,3,0,1.0,32.04860905173793,54.05555745131963,7.335649466527236,20.0,NaN
JMP Tree Hugging 4:Llanowar Visionary,B,-,4,4,0,1.0,32.04740212438766,54.305228034626836,7.419275303413058,22.0,NaN
JMP Doctor 3:Anointed Chorister,B,-,2,2,0,1.0,32.0417826904541,54.23994696621159,7.399388091919164,25.0,NaN
JMP Doctor 3:Moment of Heroism,B,-,2,2,0,1.0,32.0417826904541,54.23994696621159,7.399388091919164,25.0,NaN
JMP Witchcraft 1:Festering Newt,B,-,4,3,1,0.75,32.01589635806654,53.57419257671521,7.186098739549558,22.666666666666668,17.0
J25 Explorers 4:Ixalli's Diviner,B,-,5,3,2,0.6,31.977265422449243,49.85159757415865,5.958110717236471,19.0,24.0
JMP Dinosaurs 4:Colossal Dreadmaw,B,-,6,4,2,0.6666666666666666,31.961320667238226,48.74117229003611,5.593283874265961,28.75,22.0
J22 Vehicles:Kitsune Ace,B,-,4,2,2,0.5,31.946213049904724,52.4413840860271,6.8317236787074584,18.0,18.0
J22 Ferocious 2:Challenger Troll,B,-,2,2,0,1.0,31.944068925693255,53.83716527773458,7.297698784013774,22.5,NaN
JMP Goblins 3:Goblin Instigator,B,-,2,2,0,1.0,31.902553164382052,54.0689218622898,7.388789565969248,20.5,NaN
J22 Blink 1:Thraben Inspector,B,-,2,2,0,1.0,31.898822219420605,54.859563305907486,7.653580362162294,32.0,NaN
JMP Predatory 3:Somberwald Stag,B,-,2,2,0,1.0,31.86812106628259,53.57271063603053,7.23486318991598,19.0,NaN
JMP Devilish 3:Torch Fiend,B,-,3,3,0,1.0,31.847664034460074,54.237638947619,7.463324971052974,20.0,NaN
JMP Devilish 3:Traitorous Greed,B,-,2,2,0,1.0,31.842336781544,54.22773374731764,7.461798988591214,23.5,NaN
JMP Pirates 2:Corsair Captain,B,-,2,2,0,1.0,31.840989556385324,53.89431865012243,7.351109697912369,18.0,NaN
J25 Soaring 4:Opt,B,-,1,1,0,1.0,31.81534485792296,54.294498723152245,7.493051288409761,18.0,NaN
JMP Under the Sea 1:Voyage's End,B,-,5,3,2,0.6,31.80245952754651,49.542157357188046,5.913232609880512,22.666666666666668,21.0
JMP Spooky 1:Finishing Blow,B,-,2,1,1,0.5,31.80068441182053,53.20568997277706,7.135001853652176,30.0,35.0
JMP Spooky 1:Eternal Taskmaster,B,-,2,1,1,0.5,31.80068441182051,53.20568997277704,7.135001853652176,30.0,35.0
JMP Spooky 1:Liliana's Standard Bearer,B,-,2,1,1,0.5,31.80068441182051,53.20568997277704,7.135001853652176,30.0,35.0
JMP Goblins 3:Goblin Goon,B,-,4,3,1,0.75,31.797789271303373,53.936952309128316,7.379721012608314,16.666666666666668,18.0
JMP Dinosaurs 3:Titanic Growth,B,-,2,2,0,1.0,31.7759458573612,54.558634901351894,7.594229681330232,22.5,NaN
J25 Landfall 2:Snapping Gnarlid,B,-,4,3,1,0.75,31.770658513092737,51.41707191600874,6.548804467638667,17.666666666666668,48.0
J22 Holy 3:Dawning Angel,B,-,2,2,0,1.0,31.7640149068611,53.66876713549053,7.301584076209812,18.0,NaN
JMP Dinosaurs 4:Commune with Dinosaurs,B,-,6,5,1,0.8333333333333334,31.74533474611883,49.501778865925196,5.918814706602122,23.2,20.0
J25 Ne'er-do-wells 1:Audacious Thief,B,-,3,2,1,0.6666666666666666,31.73325596412416,53.70668707799791,7.324477037957917,28.5,20.0
J22 Teamwork 1:Agrus Kos, Eternal Soldier,B,-,5,3,2,0.6,31.707946315785986,51.81088966746938,6.700981117227799,27.333333333333332,22.0
JMP Spirits 1:Roaming Ghostlight,B,-,1,1,0,1.0,31.700987520989166,54.515971268685,7.604994582565277,28.0,NaN
JMP Spirits 1:Befuddle,B,-,1,1,0,1.0,31.700987520989166,54.515971268685,7.604994582565277,28.0,NaN
JMP Doctor 1:Brightmare,B,-,5,2,3,0.4,31.694615047554972,49.944205290449396,6.083196747631475,26.0,23.666666666666668
J22 Multi-Headed 2:Ordeal of Nylea,B,-,4,1,3,0.25,31.683659640056728,50.66891626078842,6.328418873577231,15.0,21.666666666666668
J25 Warriors 1:Boggart Brute,B,-,3,2,1,0.6666666666666666,31.679570551615853,50.633121651408494,6.317850366597547,15.5,18.0
J22 Gigantic 1:Naga Vitalist,B,-,3,2,1,0.6666666666666666,31.658516697842504,50.43697424093902,6.25948584769884,22.0,15.0
J22 Gigantic 1:Colossal Dreadmaw,B,-,3,2,1,0.6666666666666666,31.658516697842504,50.43697424093902,6.25948584769884,22.0,15.0
JMP Predatory 3:Marauder's Axe,B,-,3,2,1,0.6666666666666666,31.64550336539395,53.251973615347815,7.2021567499846215,19.0,39.0
J25 Heroes 1:Favored Hoplite,B,-,7,4,3,0.5714285714285714,31.644470389323224,47.22849286436744,5.194674158348072,20.25,21.666666666666668
J22 Goblins 4:Outnumber,B,-,4,3,1,0.75,31.599478668622798,49.28388466602426,5.894801999133819,15.0,30.0
J22 Detective 2:Vedalken Engineer,B,-,3,2,1,0.6666666666666666,31.598227453279492,51.90948408972128,6.7704188788139295,23.5,35.0
JMP Plus One 4:Hunter's Edge,B,-,2,1,1,0.5,31.597631644543597,50.67763121646579,6.359999857307399,17.0,23.0
JMP Predatory 2:Sabertooth Mauler,B,-,2,1,1,0.5,31.58697447279311,50.482472000334745,6.298499175847212,19.0,19.0
JMP Legion 1:Valorous Steed,B,-,2,2,0,1.0,31.558058883201326,53.8408750386336,7.427605385144091,20.0,NaN
J25 Grave Robbers 1:Graveblade Marauder,B,-,3,2,1,0.6666666666666666,31.550908617604016,51.24815084499768,6.565747409131221,36.5,18.0
JMP Wizards 4:Wizard's Retort,B,-,3,2,1,0.6666666666666666,31.54255735852267,50.11127531560661,6.1895726523613135,20.5,29.0
JMP Phyrexian:Parasitic Implant,B,-,5,3,2,0.6,31.520200864925137,53.30708022414037,7.262293119738411,25.0,25.0
J25 Soaring 4:Air Elemental,B,-,3,2,1,0.6666666666666666,31.51477473811829,53.44123107719597,7.308818779692561,16.5,13.0
JMP Legion 1:Makeshift Battalion,B,-,1,1,0,1.0,31.497907487040436,53.789737057268155,7.4306098567425725,18.0,NaN
J22 Holy 4:Divine Arrow,B,-,2,1,1,0.5,31.49044607038327,54.084703803234966,7.531419244283898,21.0,15.0
J22 Wolves 2:Young Wolf,B,-,3,1,2,0.3333333333333333,31.488797039162193,49.263965112512224,5.92505602445001,20.0,25.0
JMP Spooky 4:Liliana's Devotee,B,-,1,1,0,1.0,31.486881850924,54.12912564685071,7.547414598642237,25.0,NaN
JMP Spooky 4:Bone Picker,B,-,1,1,0,1.0,31.486881850924,54.12912564685071,7.547414598642237,25.0,NaN
JMP Spooky 4:Black Market,B,-,1,1,0,1.0,31.486881850924,54.12912564685071,7.547414598642237,25.0,NaN
JMP Spooky 4:Malefic Scythe,B,-,1,1,0,1.0,31.486881850924,54.12912564685071,7.547414598642237,25.0,NaN
J25 Explorers 4:Primeval Herald,B,-,4,3,1,0.75,31.4831367332881,50.1937422353904,6.236868500700768,15.0,18.0
JMP Devilish 4:Spiteful Prankster,B,-,1,1,0,1.0,31.464339922192224,53.78021540238084,7.4386251600628714,18.0,NaN
J22 Spirits 1:Pilgrim of the Ages,B,-,3,1,2,0.3333333333333333,31.43956088412449,51.91042447521961,6.823621197031706,20.0,33.0
JMP Dinosaurs 3:Commune with Dinosaurs,B,-,5,3,2,0.6,31.437202532130957,52.63249095719919,7.06509614168941,20.333333333333332,19.5
JMP Dinosaurs 3:Ornery Dilophosaur,B,-,5,3,2,0.6,31.431262406247885,52.60573282990293,7.058156807885013,20.333333333333332,14.5
J22 Treasure 1:Goldhound,B,-,3,3,0,1.0,31.40098094811691,53.37355423981427,7.324191097232453,18.0,NaN
J25 Elves 1:Elvish Visionary,B,-,4,3,1,0.75,31.386422205222356,52.35981203361507,6.9911299427975715,20.333333333333332,15.0
JMP Dinosaurs 4:Rampaging Brontodon,B,-,5,4,1,0.8,31.364571595782934,49.16684080269787,5.934089735638312,20.25,20.0
J25 Elves 1:Ghirapur Guide,B,-,4,3,1,0.75,31.36169217937224,52.330198947409,6.989502256012253,20.333333333333332,15.0
J22 Demons 2:Demon's Grasp,B,-,2,1,1,0.5,31.326811653847876,51.79306577522206,6.822084707124728,18.0,30.0
J22 Demons 2:Disciple of Perdition,B,-,2,1,1,0.5,31.326811653847876,51.79306577522206,6.822084707124728,18.0,30.0
J22 Demons 2:Takenuma Bleeder,B,-,2,1,1,0.5,31.326811653847876,51.79306577522206,6.822084707124728,18.0,30.0
JMP Discarding 1:Burglar Rat,B,-,2,1,1,0.5,31.324908656885313,51.58519791428645,6.753429752467044,27.0,23.0
J22 Blink 3:Settle Beyond Reality,B,-,2,2,0,1.0,31.315624355928982,54.19025254425114,7.624876062774052,22.5,NaN
JMP Predatory 1:Fungal Rebirth,B,-,3,1,2,0.3333333333333333,31.312395127383393,53.19125474141895,7.292953204678519,18.0,31.0
JMP Predatory 1:Sylvan Brushstrider,B,-,3,1,2,0.3333333333333333,31.31239512738338,53.19125474141894,7.292953204678519,18.0,31.0
JMP Basri:Staunch Shieldmate,B,-,1,1,0,1.0,31.306391953675657,54.50349262901022,7.732366891778187,26.0,NaN
J25 Legion 2:Mentor of the Meek,B,-,1,1,0,1.0,31.306391953675657,54.50349262901022,7.732366891778187,26.0,NaN
JMP Basri:Basri's Lieutenant,B,-,1,1,0,1.0,31.306391953675657,54.50349262901022,7.732366891778187,26.0,NaN
J22 Constellation 2:Transcendent Envoy,B,-,4,3,1,0.75,31.29797730596674,53.86679509698166,7.52293926367164,21.0,34.0
JMP Dinosaurs 3:Savage Stomp,B,-,2,2,0,1.0,31.293097518931233,54.21182386710222,7.639575449390328,16.5,NaN
J25 Landfall 2:Ancient Greenwarden,B,-,3,2,1,0.6666666666666666,31.28387855349902,51.27354445854108,6.663221968347354,20.0,18.0
JMP Dinosaurs 4:Thrashing Brontodon,B,-,7,5,2,0.7142857142857143,31.25102299628474,48.89426508836241,5.881080697359224,22.0,19.0
J25 Inventive 2:Experimental Aviator,B,-,2,1,1,0.5,31.250864539423507,51.09619757197575,6.615111010850748,18.0,23.0
J25 Inventive 2:Gilded Scuttler,B,-,2,1,1,0.5,31.250864539423507,51.09619757197575,6.615111010850748,18.0,23.0
J25 Elves 2:Dwynen's Elite,B,-,4,3,1,0.75,31.250701049400732,52.521632841347476,7.090310597315581,16.666666666666668,18.0
J22 Constellation 2:Glory Bearers,B,-,2,1,1,0.5,31.241029597800853,53.80519696593538,7.521389122711509,25.0,34.0
J25 Grave Robbers 1:Revoke Demise,B,-,5,3,2,0.6,31.23794250261995,49.00815847562314,5.9234053243343965,34.333333333333336,20.0
J22 Goblins 3:Goblin Researcher,B,-,3,3,0,1.0,31.220161772419413,53.20639916315862,7.328745796913069,16.666666666666668,NaN
J22 Detective 1:Filigree Attendant,B,-,3,2,1,0.6666666666666666,31.21016008385999,50.234244307166705,6.341361407768906,15.0,18.0
J25 Elves 1:Tajuru Pathwarden,B,-,3,2,1,0.6666666666666666,31.209611348114173,52.22762024632029,7.006002966068706,23.5,15.0
JMP Legion 1:Path to Exile,B,-,2,1,1,0.5,31.19613208017267,53.14519976526175,7.316355895029694,18.0,16.0
J25 Snakes:Whirlwind Denial,B,-,2,1,1,0.5,31.147820217418833,53.55172721572387,7.467968999435013,20.0,30.0
J22 Blink 3:Inspiring Overseer,B,-,1,1,0,1.0,31.133312333467487,54.07492737952037,7.64720501535096,26.0,NaN
J22 Primates:Kibo, Uktabi Prince,B,-,2,1,1,0.5,31.128805023756854,48.437315023468386,5.769503333237178,18.0,14.0
JMP Plus One 1:Invigorating Surge,B,-,1,1,0,1.0,31.127076611831136,54.14840129327799,7.673774893815619,22.0,NaN
J22 Faeries 1:Instruments of War,B,-,4,3,1,0.75,31.112099542750286,47.546371252768054,5.478090570005923,19.666666666666668,20.0
J22 Merfolk 3:Fallowsage,B,-,3,2,1,0.6666666666666666,31.103819136719657,51.00134333958921,6.632508067623185,17.5,22.0
J25 Heroes 1:Dauntless Onslaught,B,-,4,2,2,0.5,31.102820895154963,48.23874592292238,5.711975009255804,18.5,21.5
J22 Cats 4:Leonin Warleader,B,-,1,1,0,1.0,31.098953276707903,53.121243386036355,7.340763369776151,13.0,NaN
JMP Dogs 2:Affa Guard Hound,B,-,2,2,0,1.0,31.087379124987375,53.56309159170615,7.491904155572924,23.0,NaN
J25 Stalwart 2:Basri's Lieutenant,B,-,1,1,0,1.0,31.044779343680247,54.40293396488334,7.786051540401031,48.0,NaN
J25 Stalwart 2:Basri's Acolyte,B,-,1,1,0,1.0,31.044779343680247,54.40293396488334,7.786051540401031,48.0,NaN
J22 Blink 1:Acrobatic Maneuver,B,-,1,1,0,1.0,31.044779343680247,54.40293396488334,7.786051540401031,48.0,NaN
J25 Stalwart 2:Steadfast Sentry,B,-,1,1,0,1.0,31.044779343680247,54.40293396488334,7.786051540401031,48.0,NaN
J25 Stalwart 2:Star Pupil,B,-,1,1,0,1.0,31.044779343680247,54.40293396488334,7.786051540401031,48.0,NaN
J25 Stalwart 2:Banishing Light,B,-,1,1,0,1.0,31.044779343680247,54.40293396488334,7.786051540401031,48.0,NaN
J22 Detective 3:Shimmer Dragon,B,-,1,1,0,1.0,31.033388063060734,53.69580324467449,7.554138393871251,22.0,NaN
J22 Detective 3:Magnifying Glass,B,-,1,1,0,1.0,31.033388063060734,53.69580324467449,7.554138393871251,22.0,NaN
JMP Basri:Basri Ket,B,-,4,2,2,0.5,31.032030702491603,51.938818120828756,6.968929139445717,24.5,27.0
J25 Goblins 1:Volley Veteran,B,-,2,1,1,0.5,31.021013363700675,53.04078259104409,7.3399230757811385,13.0,27.0
J25 Soaring 3:Aerial Guide,B,-,4,4,0,1.0,31.011378563975033,53.99044819458517,7.659689876870046,21.75,NaN
J22 Elves 4:Woodland Champion,B,-,3,2,1,0.6666666666666666,31.00339254661531,51.127238652339535,6.707948701908076,12.5,25.0
JMP Spooky 3:Finishing Blow,B,-,5,4,1,0.8,30.979902888943634,50.53044348626206,6.516846865772808,18.25,22.0
J25 Legion 2:Dawnwing Marshal,B,-,3,2,1,0.6666666666666666,30.9637517097607,51.96032740860831,6.998858566282536,24.0,28.0
JMP Goblins 1:Outnumber,B,-,4,2,2,0.5,30.960956911772954,52.38904604510111,7.142696377776053,22.5,20.5
J25 Bookworms 4:Faerie Vandal,B,-,5,3,2,0.6,30.91853837830337,47.54143360771713,5.540965076471253,20.0,17.0
J25 Legion 2:Hinterland Sanctifier,B,-,2,1,1,0.5,30.88575546966054,53.78252661732098,7.632257049220147,26.0,20.0
J25 Legion 2:Adeline, Resplendent Cathar,B,-,2,1,1,0.5,30.88575546966054,53.78252661732098,7.632257049220147,26.0,20.0
JMP Devilish 3:Hobblefiend,B,-,3,3,0,1.0,30.80861683546278,53.566320266127015,7.585901143554745,17.666666666666668,NaN
J25 Fun Guys 2:Saproling Migration,B,-,2,2,0,1.0,30.796998614045986,53.68400115733861,7.6290008477642095,25.5,NaN
JMP Spellcasting 2:Chandra's Pyreling,B,-,4,2,2,0.5,30.79601036150975,51.14481524127119,6.782934959920479,21.0,18.0
J22 Cruel 1:Alley Strangler,B,-,5,3,2,0.6,30.779637036887014,49.321582359208556,6.180648440773847,21.333333333333332,16.0
JMP Tree Hugging 1:Gnarled Sage,B,-,2,2,0,1.0,30.762637279878962,53.103981988958594,7.447114903026544,21.0,NaN
JMP Goblins 3:Goblin Arsonist,B,-,3,3,0,1.0,30.752110991751504,53.45409491093076,7.567327973059753,17.0,NaN
J25 Legion 1:Search Party Captain,B,-,2,2,0,1.0,30.7398370265669,52.97024178991895,7.410134921117351,15.5,NaN
J25 Fun Guys 2:Band Together,B,-,4,3,1,0.75,30.73287064118401,53.594732042695604,7.620620467170531,26.0,13.0
JMP Dragons 1:Thrill of Possibility,B,-,2,2,0,1.0,30.72099475379347,53.07053476598372,7.449846670730084,14.0,NaN
J22 Holy 4:Righteous Valkyrie,B,-,2,2,0,1.0,30.718907777757494,53.476697235428844,7.585929819223783,24.0,NaN
J22 Holy 4:Attended Healer,B,-,2,2,0,1.0,30.718907777757494,53.476697235428844,7.585929819223783,24.0,NaN
J25 Healers 4:Faith's Fetters,B,-,2,2,0,1.0,30.711209478413952,53.42132099595157,7.570037172512539,23.5,NaN
J25 Healers 4:Mesa Unicorn,B,-,2,2,0,1.0,30.711209478413952,53.42132099595157,7.570037172512539,23.5,NaN
J25 Healers 4:Felidar Sovereign,B,-,2,2,0,1.0,30.711209478413952,53.42132099595157,7.570037172512539,23.5,NaN
J25 Armed 2:Faithful Pikemaster,B,-,3,2,1,0.6666666666666666,30.704731705541146,49.77496493651828,6.356744410325711,25.5,27.0
J25 Drowned 2:Wall of Lost Thoughts,B,-,2,2,0,1.0,30.67654730268234,53.18788374999455,7.503778815770736,22.0,NaN
J25 Drowned 2:Cackling Counterpart,B,-,2,2,0,1.0,30.67654730268234,53.18788374999455,7.503778815770736,22.0,NaN
J25 Drowned 2:Draugr Thought-Thief,B,-,2,2,0,1.0,30.67654730268234,53.18788374999455,7.503778815770736,22.0,NaN
JMP Vampires 2:Sanguine Indulgence,C,-,2,2,0,1.0,30.671576797962377,53.134026259830804,7.487483153956142,20.5,NaN
J22 Demons 2:Demon's Disciple,C,-,3,1,2,0.3333333333333333,30.66939275979991,50.78347985187249,6.704695697357528,18.0,25.0
J22 Ferocious 2:Spectral Hunt-Caller,C,-,1,1,0,1.0,30.655567656954602,52.868509599311544,7.4043139807856475,17.0,NaN
J22 Detective 3:Lumengrid Sentinel,C,-,2,1,1,0.5,30.624168785189468,52.91452784267406,7.430119685828198,22.0,22.0
J22 Fangs 1:Moment of Craving,C,-,4,2,2,0.5,30.621242826234173,53.67239026499806,7.683715812921294,21.0,20.5
J22 Goblins 4:Volley Veteran,C,-,2,1,1,0.5,30.614264202527067,48.54311972666557,5.976285174712835,14.0,30.0
JMP Well-Read 4:Mystic Archaeologist,C,-,5,2,3,0.4,30.56791797832794,49.07262998391511,6.168237335195721,23.0,16.666666666666668
J25 Stalwart 4:Parhelion Patrol,C,-,2,2,0,1.0,30.56157388412265,53.76670661758433,7.735044244487227,25.5,NaN
J25 Stalwart 4:Gavony Silversmith,C,-,3,2,1,0.6666666666666666,30.53871405771624,53.76874933703251,7.743345093105423,25.5,16.0
J22 Fangs 1:Epicure of Blood,C,-,3,2,1,0.6666666666666666,30.534262135431824,53.42081793539627,7.628851933321483,21.0,18.0
J22 Gigantic 2:Engulfing Slagwurm,C,-,2,2,0,1.0,30.524008600159636,53.41026732033057,7.628752906723644,20.0,NaN
JMP Devilish 3:Dance with Devils,C,-,2,2,0,1.0,30.522850367052087,53.40636355927425,7.62783773074072,18.0,NaN
J22 Gigantic 2:Ondu Giant,C,-,1,1,0,1.0,30.515551110702972,53.39562948979652,7.626692793031182,23.0,NaN
JMP Devilish 3:Chained Brute,C,-,1,1,0,1.0,30.515551110702972,53.39562948979652,7.626692793031182,23.0,NaN
J22 Fangs 1:Marauding Blight-Priest,C,-,4,2,2,0.5,30.510513062589755,53.422023525134556,7.6371701541816,21.0,19.5
J25 Warriors 1:Expedition Champion,C,-,4,3,1,0.75,30.50819432211525,48.71316554858793,6.06832374215756,17.666666666666668,15.0
J25 Stalwart 4:Sandsteppe Outcast,C,-,3,2,1,0.6666666666666666,30.507808174921685,53.66154859852474,7.717913474534352,25.5,14.0
J25 Stoked 1:Twinferno,C,-,1,1,0,1.0,30.50097240778677,53.13881979045077,7.545949127554666,15.0,NaN
J25 Stoked 1:Hearts on Fire,C,-,1,1,0,1.0,30.50097240778677,53.13881979045077,7.545949127554666,15.0,NaN
J22 Gigantic 2:Thrashing Brontodon,C,-,2,1,1,0.5,30.492331791479433,53.391447720762926,7.633038643094498,23.0,16.0
JMP Phyrexian:Phyrexian Rager,C,-,5,3,2,0.6,30.471369097664798,47.30789079845651,5.612173900263905,25.333333333333332,14.5
J22 Holy 4:Pillardrop Rescuer,C,-,3,2,1,0.6666666666666666,30.43048829148651,53.00685375556675,7.5254551546934145,24.0,21.0
J25 Soaring 3:Malcator's Watcher,C,-,6,5,1,0.8333333333333334,30.429351948891938,52.98231400438364,7.517654018497233,21.2,17.0
JMP Liliana:Ghoulraiser,C,-,2,2,0,1.0,30.422812406336313,53.27693713817909,7.618041577280927,30.5,NaN
J22 Merfolk 3:Wake Thrasher,C,-,6,4,2,0.6666666666666666,30.41637297637625,45.43441040091601,5.006012474846586,15.25,21.0
J22 Fangs 4:Oathsworn Vampire,C,-,4,2,2,0.5,30.39795897868637,49.19005088899038,6.264030636768004,34.5,14.5
J25 Snakes:Nightveil Sprite,C,-,3,2,1,0.6666666666666666,30.36401614598311,51.990696048606104,7.208893300874331,16.5,19.0
J25 Vampires 1:Blood Fountain,C,-,3,2,1,0.6666666666666666,30.359672301237403,51.06877483975254,6.903034179505047,16.5,23.0
JMP Minotaurs 1:Mugging,C,-,4,1,3,0.25,30.35163916594744,50.56124005051187,6.736533628188143,31.0,24.0
JMP Tree Hugging 1:Nature's Way,C,-,3,2,1,0.6666666666666666,30.34744014141905,52.38293042312387,7.345163427234938,21.0,19.0
JMP Goblins 3:Boggart Brute,C,-,1,1,0,1.0,30.336326171073413,53.159513418771034,7.607729082565874,19.0,NaN
J22 Go to School 2:Academy Journeymage,C,-,2,1,1,0.5,30.323252002692346,50.61013894894308,6.7622956487502455,17.0,30.0
J22 Raid 2:Plundering Predator,C,-,3,2,1,0.6666666666666666,30.298773079078185,51.136498749354274,6.945908556758696,25.0,16.0
J25 Stalwart 4:Battlefield Promotion,C,-,1,1,0,1.0,30.28815813544924,53.56977853960428,7.7605401347183465,34.0,NaN
JMP Seismic:Molten Ravager,C,-,1,1,0,1.0,30.27116247056729,52.72786859021944,7.4855687065507155,16.0,NaN
J25 Stalwart 4:Mikaeus, the Lunarch,C,-,2,1,1,0.5,30.265393664119994,53.57182011326892,7.768808816382975,34.0,16.0
JMP Pirates 2:Kitesail Corsair,C,-,3,3,0,1.0,30.2402282369668,52.847182341191704,7.5356513680749675,15.333333333333334,NaN
JMP Pirates 2:Read the Tides,C,-,3,3,0,1.0,30.2402282369668,52.847182341191704,7.5356513680749675,15.333333333333334,NaN
J25 Explorers 2:Razorgrass Invoker,C,-,4,2,2,0.5,30.23813633558393,48.72058910114879,6.160817588521619,24.0,16.0
J25 Explorers 2:Byway Courier,C,-,2,1,1,0.5,30.20325465085291,52.61393971850615,7.470228355884415,16.0,11.0
J25 Angels 1:Celestial Enforcer,C,-,4,3,1,0.75,30.19316974729996,46.51671310984994,5.4411811208499925,15.666666666666666,13.0
JMP Angels 2:Angelic Ascension,C,-,1,1,0,1.0,30.182073458636975,52.84258015610788,7.553502232490302,23.0,NaN
J22 Raid 3:Plundering Predator,C,-,3,3,0,1.0,30.176527725199225,53.445699318037114,7.756390530945963,22.333333333333332,NaN
J22 Cats 1:Basri's Acolyte,C,-,2,2,0,1.0,30.166696241728765,53.24345510611315,7.692252954794796,15.5,NaN
J25 Giddyap:Tenacity,C,-,4,3,1,0.75,30.164183932763738,52.21726442846286,7.351026831899708,25.0,18.0
J22 Gross 3:Plaguecrafter,C,-,2,2,0,1.0,30.157643048703882,53.16976529996927,7.670707417088463,26.5,NaN
J22 Merfolk 1:Aquatic Incursion,C,-,3,1,2,0.3333333333333333,30.144265904450762,51.032184776785165,6.962639624111468,16.0,22.0
J22 Law 3:Angelic Edict,C,-,1,1,0,1.0,30.143816156266375,53.2299536116401,7.695379151791241,21.0,NaN
J22 Law 3:Magnanimous Magistrate,C,-,1,1,0,1.0,30.143816156266375,53.2299536116401,7.695379151791241,21.0,NaN
J22 Law 3:Skyhunter Patrol,C,-,1,1,0,1.0,30.143816156266364,53.22995361164009,7.695379151791243,21.0,NaN
J22 Detective 3:Weldfast Wingsmith,C,-,2,1,1,0.5,30.123250506177236,52.06838403121193,7.315044508344897,22.0,20.0
J22 Elves 3:Dwynen's Elite,C,-,2,1,1,0.5,30.116577406400793,50.49640393056848,6.793275508055897,31.0,26.0
JMP Goblins 3:Ornery Goblin,C,-,1,1,0,1.0,30.081750522053945,52.62491377720173,7.51438775171593,17.0,NaN
J22 Cats 1:Felidar Cub,C,-,1,1,0,1.0,30.059261203764454,53.18457592913184,7.708438241789128,18.0,NaN
JMP Dinosaurs 1:Commune with Dinosaurs,C,-,1,1,0,1.0,30.059261203764418,53.1845759291318,7.708438241789128,18.0,NaN
J25 Stalwart 2:Swift Response,C,-,2,1,1,0.5,30.056460651078858,52.35945633876512,7.43433189589542,48.0,15.0
J25 Stalwart 2:Battlefield Promotion,C,-,2,1,1,0.5,30.056460651078858,52.35945633876512,7.43433189589542,48.0,15.0
JMP Dinosaurs 1:Ghalta, Primal Hunger,C,-,2,2,0,1.0,30.05170720885438,53.192041834174674,7.713444875106765,13.5,NaN
JMP Spooky 1:Crypt Lurker,C,-,1,1,0,1.0,30.04785350217228,53.25140922221497,7.734518573347562,20.0,NaN
J25 Encounter 3:Aggressive Instinct,C,-,1,1,0,1.0,30.047853502172273,53.25140922221496,7.734518573347562,20.0,NaN
J25 Encounter 3:Deepwood Denizen,C,-,1,1,0,1.0,30.047853502172266,53.25140922221495,7.734518573347562,20.0,NaN
JMP Spooky 1:Fetid Imp,C,-,2,2,0,1.0,30.025192645588035,53.25337589525253,7.742727749888165,17.5,NaN
JMP Minotaurs 2:Soul Sear,C,-,5,4,1,0.8,30.019710741499544,48.48099359921509,6.153760952571848,22.25,14.0
J22 Elves 4:Dutiful Replicator,C,-,1,1,0,1.0,29.988219660249673,52.396844095778214,7.469541478509513,12.0,NaN
J25 Armed 4:Faithful Pikemaster,C,-,4,3,1,0.75,29.974692469674398,47.72391161803827,5.916406382787958,23.666666666666668,17.0
JMP Plus One 4:Wildwood Scourge,C,-,4,1,3,0.25,29.96991866706583,48.306812728129906,6.112298020354692,17.0,18.0
JMP Above the Clouds 3:Unsubstantiate,C,-,3,2,1,0.6666666666666666,29.96711650920156,48.50144257011751,6.178108686971984,16.5,18.0
J22 Elves 4:Wildborn Preserver,C,-,2,1,1,0.5,29.9570771519094,52.38074483819778,7.47455589542946,12.0,17.0
J25 Landfall 2:Krosan Tusker,C,-,5,2,3,0.4,29.956091449134927,49.313775123680074,6.452561224848382,20.0,18.666666666666668
JMP Archaeology 1:Meteor Golem,C,-,1,1,0,1.0,29.943083821023507,53.17533479376771,7.744083657581401,23.0,NaN
JMP Archaeology 1:Scholar of the Lost Trove,C,-,1,1,0,1.0,29.943083821023507,53.17533479376771,7.744083657581401,23.0,NaN
JMP Archaeology 1:Thirst for Knowledge,C,-,1,1,0,1.0,29.943083821023507,53.17533479376771,7.744083657581401,23.0,NaN
JMP Spirits 1:Tome Anima,C,-,3,1,2,0.3333333333333333,29.932628857397788,51.661434448834484,7.242935197145565,28.0,19.5
JMP Liliana:Liliana's Steward,C,-,3,2,1,0.6666666666666666,29.910400399191907,52.45855964504049,7.516053081949527,30.5,24.0
JMP Liliana:Settle the Score,C,-,4,3,1,0.75,29.891781977122065,52.46264287680077,7.523620299892902,26.0,24.0
J25 Snakes:Moonsnare Specialist,C,-,3,1,2,0.3333333333333333,29.85283013387538,51.3332847017518,7.1601515226254735,20.0,17.5
J25 Healers 2:Recumbent Bliss,C,-,2,2,0,1.0,29.85062109929712,53.08833177187687,7.745903557526582,19.5,NaN
J22 Boneyard 1:Moodmark Painter,C,-,1,1,0,1.0,29.80674146114885,52.599047725012376,7.597435421287842,16.0,NaN
JMP Archaeology 3:Meteor Golem,C,-,3,3,0,1.0,29.800434984722244,52.916102203615985,7.7052224062979136,24.333333333333332,NaN
J25 Vampires 2:Gluttonous Guest,C,-,2,2,0,1.0,29.776061259225493,53.21189750456975,7.811945415114752,24.5,NaN
J22 Cats 1:Weight of Conscience,C,-,2,1,1,0.5,29.776060278735347,52.289679568581406,7.504539763282019,18.0,17.0
J25 Landfall 4:Scythecat Cub,C,-,1,1,0,1.0,29.72953533260065,52.678451288230434,7.649638651876594,19.0,NaN
J25 Landfall 4:Sporemound,C,-,1,1,0,1.0,29.72953533260065,52.678451288230434,7.649638651876594,19.0,NaN
J25 Landfall 4:Snapping Gnarlid,C,-,1,1,0,1.0,29.72953533260065,52.678451288230434,7.649638651876594,19.0,NaN
J25 Landfall 4:Sutina, Speaker of the Tajuru,C,-,1,1,0,1.0,29.72953533260065,52.678451288230434,7.649638651876594,19.0,NaN
J25 Stoked 1:Titan's Strength,C,-,1,1,0,1.0,29.72953533260065,52.678451288230434,7.649638651876594,19.0,NaN
J25 Landfall 4:Grazing Gladehart,C,-,1,1,0,1.0,29.72953533260065,52.678451288230434,7.649638651876594,19.0,NaN
J25 Stalwart 3:Swift Response,C,-,5,3,2,0.6,29.724672627485095,49.72294911093509,6.666092161149998,24.666666666666668,19.0
JMP Minotaurs 2:Traitorous Greed,C,-,3,3,0,1.0,29.722786105725937,52.671467939343835,7.649560611205965,15.333333333333334,NaN
J22 Raid 3:Mardu Heart-Piercer,C,-,4,3,1,0.75,29.710486604709,52.63521226990013,7.641575221730377,22.333333333333332,30.0
J22 Raid 3:Daring Piracy,C,-,2,2,0,1.0,29.705417825875074,53.17253329530338,7.8223718231427695,25.5,NaN
J25 Bloody 3:Scion of Opulence,C,-,3,3,0,1.0,29.702725299612766,51.88395978094844,7.393744827111891,16.333333333333332,NaN
J25 Of the Coast 2:Shorecomber Crab,C,-,2,2,0,1.0,29.700069997974005,52.58623907993485,7.628723027320281,24.0,NaN
J25 Of the Coast 2:Glimmerbell,C,-,2,2,0,1.0,29.700069997974005,52.58623907993485,7.628723027320281,24.0,NaN
J25 Of the Coast 2:Sigiled Starfish,C,-,2,2,0,1.0,29.700069997974005,52.58623907993485,7.628723027320281,24.0,NaN
J25 Of the Coast 2:Run Ashore,C,-,2,2,0,1.0,29.700069997974005,52.58623907993485,7.628723027320281,24.0,NaN
J25 Of the Coast 2:Opt,C,-,2,2,0,1.0,29.700069997974005,52.58623907993485,7.628723027320281,24.0,NaN
J25 Vampires 2:Urge to Feed,C,-,1,1,0,1.0,29.689224001465124,53.14870699395348,7.819827664162786,28.0,NaN
J22 Raid 3:Swaggering Corsair,C,-,1,1,0,1.0,29.689224001465124,53.14870699395348,7.819827664162786,28.0,NaN
J25 Vampires 2:Nazar, the Velvet Fang,C,-,1,1,0,1.0,29.689224001465124,53.14870699395348,7.819827664162786,28.0,NaN
J25 Armed 2:Fencing Ace,C,-,3,2,1,0.6666666666666666,29.683574506216964,47.68903009514748,6.001818529643506,15.0,15.0
JMP Above the Clouds 3:Wall of Runes,C,-,3,2,1,0.6666666666666666,29.66104650203131,52.23955809509096,7.5261705310198845,17.5,22.0
J22 Gross 3:Death Wind,C,-,3,3,0,1.0,29.635540115301062,52.70241798664412,7.688959290447687,28.0,NaN
J22 Spirits 1:Angel of Flight Alabaster,C,-,3,1,2,0.3333333333333333,29.539262890965453,49.28158150277572,6.580772870603423,20.0,32.5
J22 Blink 1:Brightmare,C,-,3,2,1,0.6666666666666666,29.501030895574658,51.403410639166275,7.300793247863872,32.0,29.0
JMP Devilish 4:Chained Brute,C,-,3,2,1,0.6666666666666666,29.500558517706025,50.09288814727014,6.86410987652137,18.5,17.0
JMP Legion 2:Siege Striker,C,-,1,1,0,1.0,29.48483287079918,52.32752585619018,7.614230995130333,16.0,NaN
JMP Legion 2:Valorous Steed,C,-,1,1,0,1.0,29.48483287079918,52.32752585619018,7.614230995130333,16.0,NaN
JMP Devilish 1:Zurzoth, Chaos Rider,C,-,1,1,0,1.0,29.48483287079918,52.32752585619018,7.614230995130333,16.0,NaN
JMP Devilish 1:Hobblefiend,C,-,2,2,0,1.0,29.468546025230083,52.33210016832609,7.621184714365337,18.0,NaN
JMP Devilish 1:Heartfire,C,-,2,2,0,1.0,29.468546025230083,52.33210016832609,7.621184714365337,18.0,NaN
J22 Gigantic 1:Thrashing Brontodon,C,-,4,2,2,0.5,29.441213067753253,46.636743169677786,5.731843367308178,19.0,21.5
J25 Healers 4:Qala, Ajani's Pridemate,C,-,3,3,0,1.0,29.43136146037615,52.442260231804674,7.6702995904761755,16.666666666666668,NaN
JMP Above the Clouds 3:Warden of Evos Isle,C,-,4,2,2,0.5,29.429206078185825,47.701735563379195,6.090843161731123,16.5,20.0
JMP Devilish 4:Act of Treason,C,-,2,1,1,0.5,29.416746515339156,50.023189648797086,6.86881437781931,18.0,17.0
JMP Basri:Knight of the Tusk,C,-,3,2,1,0.6666666666666666,29.416580034859233,49.32058069228126,6.634666885807342,24.5,18.0
J22 Faeries 1:Sentinels of Glen Elendra,C,-,1,1,0,1.0,29.41064889051715,52.145441143885485,7.578264084456111,17.0,NaN
J22 Constellation 1:Spirited Companion,C,-,2,2,0,1.0,29.384595914376575,52.78460617240965,7.800003419344359,18.0,NaN
J22 Insects 1:Nessian Hornbeetle,C,-,2,2,0,1.0,29.372672374199382,52.17164005130229,7.599655892367636,20.0,NaN
J25 Chaos:Bloodbraid Elf,C,-,1,1,0,1.0,29.323332820091984,52.160109994866545,7.6122590582581875,18.0,NaN
J25 Chaos:Bituminous Blast,C,-,1,1,0,1.0,29.32333282009197,52.16010999486653,7.6122590582581875,18.0,NaN
J22 Blink 3:Faith's Fetters,C,-,3,2,1,0.6666666666666666,29.31761192515421,50.66266521298951,7.115017762611766,22.5,17.0
JMP Tree Hugging 4:Soul of the Harvest,C,-,3,3,0,1.0,29.308608056076878,52.32542578415361,7.672272576025577,22.0,NaN
J25 Clerics 2:Priest of Gix,C,-,2,2,0,1.0,29.30222244553905,51.9227974122044,7.540191655555118,17.0,NaN
J25 Clerics 2:Taborax, Hope's Demise,C,-,2,2,0,1.0,29.30222244553905,51.9227974122044,7.540191655555118,17.0,NaN
J25 Zealots 3:Emberhorn Minotaur,C,-,2,1,1,0.5,29.294799375577732,51.2529877099282,7.319396111450156,15.0,31.0
J22 Zombies 1:Crow of Dark Tidings,C,-,4,1,3,0.25,29.284992589131825,47.4021449612528,6.039050790706992,21.0,24.0
J25 Explorers 2:Braulios of Pheres Band,C,-,2,1,1,0.5,29.25911542078179,52.48449231450121,7.741792297906474,24.0,11.0
J25 Chaos:Shardless Outlander,C,-,2,1,1,0.5,29.255845393921305,52.06462281264173,7.602925806240142,18.0,19.0
JMP Dragons 2:Dragon Fodder,C,-,2,2,0,1.0,29.25340870618528,52.27095179982332,7.672514364546014,18.0,NaN
JMP Dragons 2:Rapacious Dragon,C,-,2,2,0,1.0,29.25340870618528,52.27095179982332,7.672514364546014,18.0,NaN
J22 Raid 3:Firecannon Blast,C,-,3,2,1,0.6666666666666666,29.24622050271606,52.358253889575586,7.704011128953176,25.5,30.0
J22 Multi-Headed 1:Adventurous Impulse,C,-,2,1,1,0.5,29.238480156207242,49.223364311892055,6.661628051894938,18.0,17.0
J25 Armed 3:Fencing Ace,C,-,4,3,1,0.75,29.237920728551146,51.51597788870118,7.426019053383344,18.333333333333332,18.0
JMP Minions 1:Nocturnal Feeder,C,-,2,1,1,0.5,29.23261495243193,50.443636999592634,7.0703406823869015,52.0,41.0
JMP Minions 1:Dutiful Attendant,C,-,2,1,1,0.5,29.23261495243193,50.443636999592634,7.0703406823869015,52.0,41.0
JMP Minions 1:Kels, Fight Fixer,C,-,2,1,1,0.5,29.23261495243193,50.443636999592634,7.0703406823869015,52.0,41.0
JMP Minions 1:Shambling Goblin,C,-,2,1,1,0.5,29.23261495243193,50.443636999592634,7.0703406823869015,52.0,41.0
J22 Raid 3:Rigging Runner,C,-,2,1,1,0.5,29.230587870290776,52.33418552331961,7.701199217676279,28.0,30.0
J25 Clerics 2:Revoke Demise,C,-,1,1,0,1.0,29.218389647629856,51.86266854685577,7.548092966408639,17.0,NaN
JMP Dragons 2:Gadrak, the Crown-Scourge,C,-,4,2,2,0.5,29.204007485073852,52.265962421748775,7.687318312224974,18.0,17.0
JMP Dragons 2:Draconic Roar,C,-,4,2,2,0.5,29.204007485073852,52.265962421748775,7.687318312224974,18.0,17.0
JMP Tree Hugging 4:Wildsize,C,-,3,3,0,1.0,29.1989093256515,52.22870496619768,7.676598546848728,22.0,NaN
JMP Dragons 1:Terror of the Peaks,C,-,3,2,1,0.6666666666666666,29.197543355876793,51.75024259255668,7.517566412226629,12.5,27.0
J25 Grave Robbers 4:Deal Gone Bad,C,-,1,1,0,1.0,29.186337511619715,52.21606511590236,7.676575868094215,21.0,NaN
JMP Angels 2:Guardian Idol,C,-,2,2,0,1.0,29.168256732191317,52.09665171489024,7.642798327566309,17.5,NaN
J25 Explorers 4:Merfolk Branchwalker,C,-,2,2,0,1.0,29.163509912788648,52.6930210870543,7.843170391421884,21.0,NaN
J22 Blink 3:Preston, the Vanisher,C,-,2,1,1,0.5,29.131186668778085,50.52601293060493,7.131608753942281,26.0,17.0
J22 Blink 3:Distinguished Conjurer,C,-,2,1,1,0.5,29.131186668778085,50.52601293060493,7.131608753942281,26.0,17.0
JMP Archaeology 3:Juggernaut,C,-,2,2,0,1.0,29.12917739743777,52.49498856065577,7.7886037210726675,25.0,NaN
J25 Armed 4:Deadly Riposte,C,-,6,4,2,0.6666666666666666,29.122213627875247,46.14984303057502,5.6758764675665905,22.25,19.5
J25 Wizards 2:Frost Trickster,C,-,3,1,2,0.3333333333333333,29.12149469796407,47.487030627283204,6.121845309773044,30.0,23.0
J25 Warriors 1:Ghitu Encampment,C,-,4,3,1,0.75,29.118554004593072,47.64228379273427,6.174576596047066,19.0,15.0
JMP Doctor 3:Rhox Faithmender,C,-,2,2,0,1.0,29.1080879170812,52.149102364696525,7.680338149205108,17.0,NaN
JMP Dragons 1:Lightning Shrieker,C,-,3,2,1,0.6666666666666666,29.107328511630925,51.67611135000444,7.522927612791172,12.0,27.0
J22 Gross 3:Infernal Idol,C,-,2,2,0,1.0,29.10432074228109,52.490109804947544,7.795263020888818,36.5,NaN
J22 Gross 3:Dune Beetle,C,-,2,2,0,1.0,29.10432074228109,52.490109804947544,7.795263020888818,36.5,NaN
J22 Gross 3:Blight Keeper,C,-,2,2,0,1.0,29.10432074228109,52.490109804947544,7.795263020888818,36.5,NaN
JMP Archaeology 3:Sharding Sphinx,C,-,1,1,0,1.0,29.103497523997913,52.46886614961789,7.7884562085399915,30.0,NaN
J25 Giddyap:Sungrace Pegasus,C,-,1,1,0,1.0,29.103497523997913,52.46886614961789,7.7884562085399915,30.0,NaN
JMP Archaeology 3:Archaeomender,C,-,1,1,0,1.0,29.103497523997913,52.46886614961789,7.7884562085399915,30.0,NaN
J22 Raid 1:Kari Zev, Skyship Raider,C,-,4,2,2,0.5,29.097886348105597,52.0709636055234,7.657692419139268,19.5,38.5
JMP Pirates 2:Rishadan Airship,C,-,2,2,0,1.0,29.089877612342615,52.153306440731555,7.68780960946298,17.5,NaN
JMP Pirates 2:Chart a Course,C,-,2,2,0,1.0,29.089877612342615,52.153306440731555,7.68780960946298,17.5,NaN
JMP Above the Clouds 3:Roaming Ghostlight,C,-,1,1,0,1.0,29.08374815974221,51.93748360684564,7.6179118157011425,16.0,NaN
JMP Spirits 2:Winged Words,C,-,1,1,0,1.0,29.08374815974221,51.93748360684564,7.6179118157011425,16.0,NaN
J25 Explorers 2:Clear Shot,C,-,6,3,3,0.5,29.081927733376123,45.54533979030362,5.487804018975833,18.333333333333332,14.0
J25 Inventive 3:Fading Hope,C,-,6,4,2,0.6666666666666666,29.071080518203782,45.52785717070467,5.4855922175002965,19.25,21.0
JMP Pirates 2:Spectral Sailor,C,-,3,3,0,1.0,29.0670666997543,52.155029065623104,7.695987455289602,16.0,NaN
JMP Above the Clouds 3:Tide Skimmer,C,-,2,2,0,1.0,29.06675310537286,51.94150324287925,7.62491671250213,15.0,NaN
J22 Constellation 1:Sage's Reverie,C,-,2,2,0,1.0,29.017849814544533,52.56724250925924,7.849797564904902,17.5,NaN
J25 Wizards 1:Naban, Dean of Iteration,C,-,2,2,0,1.0,29.016964606906583,52.04847870387419,7.677171365655868,30.0,NaN
JMP Archaeology 1:Aether Spellbomb,C,-,2,1,1,0.5,29.01119972508551,50.88368966020286,7.29082997837245,23.0,16.0
JMP Archaeology 1:Archaeomender,C,-,2,1,1,0.5,29.01119972508551,50.88368966020286,7.29082997837245,23.0,16.0
JMP Tree Hugging 4:Snarespinner,C,-,4,4,0,1.0,29.00781285777075,52.10153217892993,7.697906440386392,21.0,NaN
J25 Armed 3:Valkyrie's Sword,C,-,3,2,1,0.6666666666666666,29.006321119112965,51.58750246958529,7.527060450157442,16.5,15.0
J22 Raid 3:Brazen Cannonade,C,-,4,2,2,0.5,28.99835979742646,51.870175570433396,7.623938591002313,25.5,26.5
J25 Clerics 1:Taborax, Hope's Demise,C,-,1,1,0,1.0,28.96548356313956,52.16533130362967,7.73328258016337,17.0,NaN
J25 Clerics 1:Disfigure,C,-,1,1,0,1.0,28.96548356313956,52.16533130362967,7.73328258016337,17.0,NaN
J25 Ghastly 4:Falkenrath Noble,C,-,1,1,0,1.0,28.96548356313956,52.16533130362967,7.73328258016337,17.0,NaN
J25 Clerics 1:Koma's Faithful,C,-,1,1,0,1.0,28.96548356313956,52.16533130362967,7.73328258016337,17.0,NaN
J25 Clerics 1:Agonizing Syphon,C,-,1,1,0,1.0,28.965483563139554,52.165331303629664,7.73328258016337,17.0,NaN
J25 Clerics 1:Nullpriest of Oblivion,C,-,1,1,0,1.0,28.965483563139554,52.165331303629664,7.73328258016337,17.0,NaN
J25 Surprise 4:Brineborn Cutthroat,C,-,3,2,1,0.6666666666666666,28.96478180914565,51.73284757511401,7.589355255322786,16.0,22.0
J22 Wolves 2:Bounding Wolf,C,-,3,1,2,0.3333333333333333,28.956687918066468,47.4365657248861,6.159959268939878,30.0,25.0
J22 Blink 1:Wispweaver Angel,C,-,3,2,1,0.6666666666666666,28.95537616096554,51.07948660457848,7.374703481204313,31.5,29.0
JMP Heavily Armored 3:Patron of the Valiant,C,-,2,2,0,1.0,28.951855144460772,52.074872296299645,7.707672383946291,14.5,NaN
JMP Heavily Armored 3:Basri's Solidarity,C,-,2,2,0,1.0,28.951855144460772,52.074872296299645,7.707672383946291,14.5,NaN
J22 Fangs 4:Blood Artist,C,-,2,1,1,0.5,28.947000641270446,48.653068757097635,6.568689371942397,40.0,16.0
JMP Cats 2:Feline Sovereign,C,-,3,1,2,0.3333333333333333,28.909095234228527,51.81232191038758,7.634408892053018,15.0,16.0
J22 Raid 1:Daring Piracy,C,-,4,2,2,0.5,28.908515629538776,51.65150197023049,7.580995446897239,19.5,31.0
J25 Healers 2:Valkyrie Harbinger,C,-,1,1,0,1.0,28.898504856981415,52.501014731624664,7.86750329154775,20.0,NaN
J22 Constellation 1:Glory Bearers,C,-,1,1,0,1.0,28.898504856981415,52.501014731624664,7.86750329154775,20.0,NaN
J22 Constellation 1:Archon of Sun's Grace,C,-,1,1,0,1.0,28.898504856981415,52.501014731624664,7.86750329154775,20.0,NaN
J22 Constellation 1:Pious Wayfarer,C,-,1,1,0,1.0,28.898504856981415,52.501014731624664,7.86750329154775,20.0,NaN
J25 Healers 2:Brightmare,C,-,1,1,0,1.0,28.898504856981415,52.501014731624664,7.86750329154775,20.0,NaN
JMP Devilish 2:Pitchburn Devils,C,-,1,1,0,1.0,28.87901726804444,51.86816462278412,7.663049118246561,23.0,NaN
J22 Merfolk 3:One With the Wind,C,-,1,1,0,1.0,28.863101560638928,51.69426091611587,7.610386451825648,20.0,NaN
J22 Insects 1:Iridescent Hornbeetle,C,-,1,1,0,1.0,28.858808714931214,51.798752700704966,7.646647995257917,13.0,NaN
J25 Grave Robbers 1:Eternal Taskmaster,C,-,1,1,0,1.0,28.857886569117277,52.39790559756921,7.846673009483979,30.0,NaN
J25 Beasts 1:Brushstrider,C,-,2,2,0,1.0,28.85644851860637,52.41023241485445,7.851261298749359,23.5,NaN
J22 Think Again 3:Alandra, Sky Dreamer,C,-,2,1,1,0.5,28.84334699909256,50.62467912734942,7.260444042752286,25.0,22.0
J22 Fangs 3:Nirkana Assassin,C,-,1,1,0,1.0,28.832264046765594,51.979509017118616,7.715748323451008,22.0,NaN
JMP Heavily Armored 4:Supply Runners,C,-,1,1,0,1.0,28.832264046765594,51.979509017118616,7.715748323451008,22.0,NaN
J22 Fangs 3:Vampire Envoy,C,-,1,1,0,1.0,28.832264046765594,51.979509017118616,7.715748323451008,22.0,NaN
J25 Healers 4:Hinterland Sanctifier,C,-,2,2,0,1.0,28.811350386709748,52.10342581131583,7.764025141535361,17.5,NaN
J22 Holy 3:Inspiring Cleric,C,-,2,2,0,1.0,28.791450182329225,51.77835327046846,7.662301029379744,17.5,NaN
J25 Angels 1:Starnheim Memento,C,-,1,1,0,1.0,28.7686459136702,51.96725857134833,7.73287088589271,15.0,NaN
JMP Minions 4:Shambling Goblin,C,-,2,1,1,0.5,28.763278123144893,45.99914832593606,5.745290067597056,26.0,16.0
JMP Minions 4:Witch's Cauldron,C,-,2,1,1,0.5,28.763278123144893,45.99914832593606,5.745290067597056,26.0,16.0
JMP Well-Read 3:Library Larcenist,C,-,2,1,1,0.5,28.750751708964643,48.3484585618163,6.5325689509505525,18.0,21.0
JMP Well-Read 3:Curiosity,C,-,2,1,1,0.5,28.750751708964643,48.3484585618163,6.5325689509505525,18.0,21.0
JMP Cats 2:Canopy Stalker,C,-,3,1,2,0.3333333333333333,28.728934194852,51.534135081750605,7.601733628966202,13.0,15.5
J25 Ghastly 4:Doomed Dissenter,C,-,2,1,1,0.5,28.69976386409148,51.53217535147903,7.610803829129184,17.0,18.0
JMP Minions 1:Eliminate,C,-,2,1,1,0.5,28.699227778953855,48.982191776853576,6.760987999299907,21.0,41.0
JMP Minions 1:Witch's Cauldron,C,-,2,1,1,0.5,28.699227778953855,48.982191776853576,6.760987999299907,21.0,41.0
JMP Tree Hugging 4:Gnarled Sage,C,-,3,3,0,1.0,28.694395662477714,52.10296227225624,7.802855536592843,24.0,NaN
J25 Ghastly 1:Wakedancer,C,-,4,2,2,0.5,28.693859250199267,47.72786427035284,6.344668340051191,21.5,17.0
JMP Predatory 3:Crushing Canopy,C,-,2,1,1,0.5,28.69291919932923,51.23836049922273,7.5151470999645005,14.0,39.0
J22 Blink 1:Settle Beyond Reality,C,-,2,1,1,0.5,28.647995357138583,50.89012824229713,7.4140442950528485,48.0,29.0
J22 Blink 1:Faith's Fetters,C,-,2,1,1,0.5,28.647995357138583,50.89012824229713,7.4140442950528485,48.0,29.0
J22 Blink 1:Inspiring Overseer,C,-,2,1,1,0.5,28.647995357138583,50.89012824229713,7.4140442950528485,48.0,29.0
J22 Gross 1:Grotesque Mutation,C,-,2,2,0,1.0,28.6478466219718,51.79406168883604,7.715405022288079,24.0,NaN
J22 Gross 1:Durable Coilbug,C,-,2,2,0,1.0,28.6478466219718,51.79406168883604,7.715405022288079,24.0,NaN
JMP Doctor 2:Secure the Scene,C,-,3,2,1,0.6666666666666666,28.641440311722036,48.451472367137434,6.6033440184718,21.5,40.0
JMP Wizards 4:Sage's Row Savant,C,-,2,1,1,0.5,28.62152266325417,47.85249957912425,6.41032563862336,17.0,29.0
J22 Cats 1:Leonin Scimitar,C,-,1,1,0,1.0,28.602616474844535,51.62388764184612,7.673757055667195,17.0,NaN
JMP Feathered Friends 3:Swift Response,C,-,1,1,0,1.0,28.594503378132593,52.05478530453882,7.820093975468742,25.0,NaN
JMP Elves 1:Dwynen's Elite,C,-,1,1,0,1.0,28.594503378132593,52.05478530453882,7.820093975468742,25.0,NaN
JMP Elves 1:Craterhoof Behemoth,C,-,1,1,0,1.0,28.594503378132593,52.05478530453882,7.820093975468742,25.0,NaN
JMP Feathered Friends 3:Falconer Adept,C,-,1,1,0,1.0,28.594503378132593,52.05478530453882,7.820093975468742,25.0,NaN
JMP Doctor 3:Brightmare,C,-,3,2,1,0.6666666666666666,28.57818961673324,49.22917668613885,6.883662356468536,25.0,19.0
J25 Grave Robbers 4:Isareth the Awakener,C,-,2,1,1,0.5,28.56956321741014,51.37193572179524,7.600790834795034,21.0,33.0
JMP Above the Clouds 3:Frost Breath,C,-,2,1,1,0.5,28.568056338531022,50.907582519405274,7.4465087269580845,16.0,22.0
JMP Dogs 2:Pack Leader,C,-,3,2,1,0.6666666666666666,28.567857350495412,51.170413068161714,7.534185239222101,17.0,21.0
J25 Treasures 2:Pitiless Plunderer,C,-,2,1,1,0.5,28.55759146377892,50.71600065456308,7.3861363969280545,17.0,20.0
J22 Raid 1:Goblin Oriflamme,C,-,4,2,2,0.5,28.5486946028577,50.63716171055131,7.362822369231203,19.5,28.5
J22 Raid 1:Storm Fleet Pyromancer,C,-,3,1,2,0.3333333333333333,28.537371329745255,51.5488264083041,7.670485026186283,18.0,30.5
JMP Heavily Armored 4:Lightwalker,C,-,4,2,2,0.5,28.520121319599106,50.95997400145062,7.4799508939505035,17.5,22.0
J25 Vampires 3:Go for the Throat,C,-,2,2,0,1.0,28.505528614885396,51.83428365279955,7.776251679304718,19.5,NaN
J25 Ninjas:Moon-Circuit Hacker,C,-,4,2,2,0.5,28.49016596600418,48.45000395540056,6.653279329798793,21.0,18.0
J25 Vampires 3:Thirsting Bloodlord,C,-,3,3,0,1.0,28.48184027058149,51.835595495212665,7.784585074877058,17.666666666666668,NaN
J22 Think Again 4:Faerie Formation,C,-,2,2,0,1.0,28.477467933336225,51.515663397666806,7.679398488110194,21.5,NaN
J22 Think Again 4:Mantle of Tides,C,-,2,2,0,1.0,28.477467933336225,51.515663397666806,7.679398488110194,21.5,NaN
J22 Think Again 4:Faerie Vandal,C,-,2,2,0,1.0,28.477467933336225,51.515663397666806,7.679398488110194,21.5,NaN
J25 Vampires 3:Gluttonous Guest,C,-,2,2,0,1.0,28.446777777703275,51.80006005473525,7.784427425677324,20.0,NaN
J25 Elves 2:Elvish Archdruid,C,-,4,3,1,0.75,28.438786073049066,48.708373720873404,6.756529215941446,16.666666666666668,18.0
J22 Boneyard 1:Ossuary Rats,C,-,2,1,1,0.5,28.437393445947464,50.25713505132987,7.273247201794135,16.0,24.0
J25 Bookworms 1:Cartouche of Knowledge,C,-,1,1,0,1.0,28.41679069290185,51.55709258104243,7.713433962713528,20.0,NaN
J25 Healers 4:Brightmare,C,-,3,3,0,1.0,28.385244407348768,51.580846380141125,7.731867324264119,17.666666666666668,NaN
J25 Bookworms 1:Trial of Knowledge,C,-,2,1,1,0.5,28.381001502377277,51.50833584353966,7.709111447054128,20.0,14.0
J25 Bookworms 1:Lat-Nam Adept,C,-,2,1,1,0.5,28.381001502377277,51.50833584353966,7.709111447054128,20.0,14.0
JMP Feathered Friends 3:Sky Tether,C,-,2,1,1,0.5,28.364213530351314,51.67417770129427,7.769988056980985,25.0,23.0
JMP Feathered Friends 3:Take Heart,C,-,2,1,1,0.5,28.364213530351314,51.67417770129427,7.769988056980985,25.0,23.0
J22 Holy 3:Chains of Custody,C,-,2,1,1,0.5,28.362970977045656,51.454219066671804,7.697082696542049,20.0,15.0
J25 Encounter 2:Duskshell Crawler,C,-,1,1,0,1.0,28.361914332502373,51.42961512105731,7.6892335961849785,17.0,NaN
J25 Encounter 2:Oran-Rief Ooze,C,-,1,1,0,1.0,28.361914332502373,51.42961512105731,7.6892335961849785,17.0,NaN
J22 Think Again 4:Memorial to Genius,C,-,1,1,0,1.0,28.361914332502373,51.42961512105731,7.6892335961849785,17.0,NaN
J22 Shapeshifters:Crashing Tide,C,-,1,1,0,1.0,28.35351410143971,51.73788650303006,7.794790800530117,21.0,NaN
J22 Shapeshifters:Chilling Trap,C,-,1,1,0,1.0,28.35351410143971,51.73788650303006,7.794790800530117,21.0,NaN
J22 Shapeshifters:Gigantoplasm,C,-,1,1,0,1.0,28.35351410143971,51.73788650303006,7.794790800530117,21.0,NaN
J22 Law 1:Gideon's Lawkeeper,C,-,1,1,0,1.0,28.351478989065317,51.81150670603419,7.820009238989623,22.0,NaN
JMP Lightning 1:Lightning Bolt,C,-,4,3,1,0.75,28.345146328695442,45.33220827021489,5.6623539805064835,20.666666666666668,16.0
JMP Feathered Friends 1:Warded Battlements,C,-,1,1,0,1.0,28.321648057153183,51.44890304282212,7.7090849952229785,18.0,NaN
JMP Feathered Friends 1:Moment of Heroism,C,-,1,1,0,1.0,28.321648057153183,51.44890304282212,7.7090849952229785,18.0,NaN
JMP Feathered Friends 1:Dauntless Onslaught,C,-,1,1,0,1.0,28.321648057153183,51.44890304282212,7.7090849952229785,18.0,NaN
JMP Doctor 2:Angel of Mercy,C,-,2,1,1,0.5,28.29862302989704,48.19391541025078,6.631764126784581,21.0,40.0
J22 Shapeshifters:Bloodline Pretender,C,-,2,1,1,0.5,28.290573352112087,51.64720805300374,7.785544900297217,21.0,17.0
J22 Blink 4:Wispweaver Angel,C,-,1,1,0,1.0,28.286641214906403,51.858268550921665,7.857209112005087,35.0,NaN
J22 Blink 4:Panharmonicon,C,-,1,1,0,1.0,28.286641214906403,51.858268550921665,7.857209112005087,35.0,NaN
J22 Blink 4:Settle Beyond Reality,C,-,1,1,0,1.0,28.286641214906396,51.85826855092166,7.857209112005087,35.0,NaN
J22 Blink 4:Faith's Fetters,C,-,1,1,0,1.0,28.286641214906396,51.85826855092166,7.857209112005087,35.0,NaN
J22 Shapeshifters:Mistwalker,C,-,3,2,1,0.6666666666666666,28.275091026438083,51.65179433612999,7.792234436563969,20.5,17.0
J22 Boneyard 2:Necrotic Wound,C,-,3,2,1,0.6666666666666666,28.239719563236733,48.0325879986152,6.597622811792823,19.5,31.0
J25 Ghastly 1:Ozox, the Clattering King,C,-,3,3,0,1.0,28.204558600620608,51.68823365171625,7.827891683698549,22.333333333333332,NaN
J25 Elves 2:Llanowar Elves,C,-,3,2,1,0.6666666666666666,28.197735323203386,48.54545190031499,6.782572192370534,16.0,18.0
J25 Stoked 2:Cleon, Merry Champion,C,-,3,3,0,1.0,28.153847180039282,51.2624973750726,7.702883398344439,27.0,NaN
JMP Dogs 2:Rambunctious Mutt,C,-,4,2,2,0.5,28.122837334635662,48.899196256763005,6.925452974042448,23.0,19.5
JMP Lightning 2:Lightning Phoenix,C,-,2,2,0,1.0,28.10505426345447,51.09453332417482,7.663159686906783,13.5,NaN
J22 Cats 1:King of the Pride,C,-,2,1,1,0.5,28.030281281623115,47.46021410826735,6.476644275548079,19.0,18.0
J25 Treasures 2:Evereth, Viceroy of Plunder,C,-,2,1,1,0.5,28.027726117396167,50.603571558003395,7.525281813535742,18.0,20.0
J25 Treasures 2:Undercity Scrounger,C,-,2,1,1,0.5,28.027726117396167,50.603571558003395,7.525281813535742,18.0,20.0
JMP Above the Clouds 4:Lofty Denial,C,-,2,2,0,1.0,28.02721160357302,51.09783559811015,7.690207998179044,15.0,NaN
JMP Lightning 2:Lightning Diadem,C,-,1,1,0,1.0,28.021975328772587,51.03979867077473,7.672607780667381,15.0,NaN
JMP Under the Sea 2:Unstable Obelisk,C,-,4,1,3,0.25,28.0129430823826,51.30849401210372,7.765183643240374,22.0,21.0
J25 Armed 3:Militant Inquisitor,C,-,3,2,1,0.6666666666666666,28.00790117276361,51.1181613163776,7.703420047871331,20.0,14.0
J22 Goblins 4:Goblin Researcher,C,-,5,2,3,0.4,27.993658372695986,44.97115086222257,5.659164163175529,15.0,22.0
J25 Stalwart 3:Expedition Raptor,C,-,4,2,2,0.5,27.991249611638107,48.99699628139439,7.001915556585427,21.5,24.0
JMP Spellcasting 3:Charmbreaker Devils,C,-,3,1,2,0.3333333333333333,27.990253523580286,50.41775466358176,7.4758337133338255,18.0,29.0
J25 Bookworms 2:Muse Drake,C,-,1,1,0,1.0,27.987092910385396,51.62370500980178,7.878870699805462,29.0,NaN
J25 Bookworms 2:Mystic Skyfish,C,-,1,1,0,1.0,27.98709291038539,51.623705009801775,7.878870699805462,29.0,NaN
J25 Bookworms 2:Phantasmal Shieldback,C,-,1,1,0,1.0,27.98709291038539,51.623705009801775,7.878870699805462,29.0,NaN
J25 Bookworms 2:Reckless Scholar,C,-,1,1,0,1.0,27.987092910385382,51.62370500980177,7.878870699805462,29.0,NaN
J25 Bookworms 2:Witching Well,C,-,1,1,0,1.0,27.987092910385382,51.62370500980177,7.878870699805462,29.0,NaN
J25 Heroes 1:Chains of Custody,C,-,5,3,2,0.6,27.98242203050895,46.61591993145294,6.211165966981331,23.0,26.0
J22 Law 2:Midnight Guard,C,-,3,1,2,0.3333333333333333,27.9682574041213,45.6603489304233,5.897363842100666,21.0,14.0
J25 Bookworms 2:Memorial to Genius,C,-,2,1,1,0.5,27.93724683890612,46.68968236059282,6.250811840562234,17.0,15.0
JMP Tree Hugging 1:Burlfist Oak,C,-,1,1,0,1.0,27.92132750566966,51.36467127665666,7.814447923662334,24.0,NaN
J25 Heroes 2:Repel the Darkness,C,-,1,1,0,1.0,27.92132750566966,51.36467127665666,7.814447923662334,24.0,NaN
J25 Zealots 4:Battlefield Scavenger,C,-,2,2,0,1.0,27.912908632286268,50.93049286618924,7.672528077967658,22.0,NaN
JMP Smashing 1:Borderland Marauder,C,-,1,1,0,1.0,27.8685185061167,51.0046561090364,7.712045867639899,13.0,NaN
JMP Smashing 1:Turret Ogre,C,-,1,1,0,1.0,27.8685185061167,51.0046561090364,7.712045867639899,13.0,NaN
J22 Elves 4:Dwynen's Elite,C,-,2,1,1,0.5,27.838787948186845,50.989167511470455,7.716793187761204,13.0,17.0
JMP Goblins 1:Goblin Shortcutter,C,-,5,3,2,0.6,27.835536685972798,46.802099705024546,6.322187673017249,22.0,20.5
JMP Elves 1:Silhana Wayfinder,C,-,1,1,0,1.0,27.81292008778483,51.00358812769985,7.730222679971674,15.0,NaN
JMP Tree Hugging 3:Wall of Blossoms,C,-,2,2,0,1.0,27.81221101323939,51.05845588200407,7.748748289588226,18.0,NaN
JMP Tree Hugging 3:Nature's Way,C,-,2,2,0,1.0,27.81221101323939,51.05845588200407,7.748748289588226,18.0,NaN
J22 Experimental 1:Mizzix, Replica Rider,C,-,2,2,0,1.0,27.80671720470109,51.29229310467924,7.828525299992716,17.5,NaN
J22 Experimental 1:Goblin Researcher,C,-,2,2,0,1.0,27.80671720470109,51.29229310467924,7.828525299992716,17.5,NaN
JMP Discarding 2:Nyxathid,C,-,4,3,1,0.75,27.799015306369018,47.189092284712046,6.46335899278101,20.333333333333332,30.0
J25 Ghastly 1:Moan of the Unhallowed,C,-,2,2,0,1.0,27.779987108247433,51.17078658234286,7.79693315803181,23.5,NaN
J25 Healers 4:Ajani's Pridemate,C,-,2,2,0,1.0,27.755966650718733,51.24059022629338,7.828207858524882,19.0,NaN
J22 Raid 1:War-Name Aspirant,C,-,4,2,2,0.5,27.753143605788278,49.73896734153427,7.328607911915331,19.5,24.0
JMP Above the Clouds 4:Mistral Singer,C,-,2,2,0,1.0,27.745261169030684,50.906693911084325,7.7204775806845465,14.0,NaN
J25 Stoked 2:Titan's Strength,C,-,2,2,0,1.0,27.74473074993087,50.97901331555853,7.744760855209221,21.0,NaN
J25 Stoked 2:Arena Athlete,C,-,2,2,0,1.0,27.74473074993087,50.97901331555853,7.744760855209221,21.0,NaN
JMP Goblins 1:Goblin Arsonist,C,-,3,1,2,0.3333333333333333,27.729331392463312,46.685668326619464,6.318778978052051,16.0,20.5
JMP Basri:Basri's Solidarity,C,-,5,2,3,0.4,27.6828350306,47.295984219835795,6.537716396411931,24.5,24.333333333333332
J25 Angels 2:Giada, Font of Hope,C,-,2,2,0,1.0,27.651618585351393,51.14635465505401,7.831578689900873,20.5,NaN
J25 Healers 4:Divine Arrow,C,-,1,1,0,1.0,27.649688973340353,51.31744950985549,7.889253512171713,22.0,NaN
J22 Faeries 1:Fleeting Distraction,C,-,1,1,0,1.0,27.649688973340353,51.31744950985549,7.889253512171713,22.0,NaN
J22 Faeries 1:Wavebreak Hippocamp,C,-,1,1,0,1.0,27.649688973340353,51.31744950985549,7.889253512171713,22.0,NaN
J25 Stoked 2:Kiln Fiend,C,-,3,2,1,0.6666666666666666,27.637305397437395,50.762590096529024,7.708428233030544,21.0,14.0
J22 Treasure 1:Dutiful Replicator,C,-,3,2,1,0.6666666666666666,27.63434487512947,50.02689124257917,7.464182122483232,18.0,23.0
J22 Boneyard 2:Wailing Ghoul,C,-,2,1,1,0.5,27.63008324448895,47.58225320244534,6.650723319318796,21.0,31.0
JMP Predatory 4:Trufflesnout,C,-,2,2,0,1.0,27.62578448333443,50.843961297501124,7.739392271388898,16.0,NaN
JMP Spooky 1:Caged Zombie,C,-,3,2,1,0.6666666666666666,27.61899899148386,49.69997845322275,7.360326487246296,17.5,35.0
JMP Legion 4:Raise the Alarm,C,-,2,2,0,1.0,27.6039766886828,50.83810214209756,7.744708484471587,15.0,NaN
J22 Experimental 1:Ignite the Future,C,-,1,1,0,1.0,27.603048635742677,51.1868491998167,7.8612668546913405,22.0,NaN
J25 Legion 2:Memorial to Glory,C,-,1,1,0,1.0,27.603048635742663,51.186849199816685,7.8612668546913405,22.0,NaN
J22 Cats 2:Ingenious Leonin,C,-,2,1,1,0.5,27.59079714013935,50.13659284682934,7.515265235563329,18.0,30.0
J22 Cats 2:Steppe Lynx,C,-,2,1,1,0.5,27.59079714013935,50.13659284682934,7.515265235563329,18.0,30.0
JMP Devilish 2:Hobblefiend,C,-,2,1,1,0.5,27.57635479980376,49.353505678285174,7.259050292827139,23.0,16.0
J25 Heroes 2:Ojutai Exemplars,C,-,2,2,0,1.0,27.568199893304502,51.07103772863644,7.834279278443979,22.0,NaN
JMP Tree Hugging 1:Explore,C,-,3,1,2,0.3333333333333333,27.546526934522312,50.65053036713044,7.701334477536044,24.0,18.5
J25 Angels 2:Faithful Pikemaster,C,-,1,1,0,1.0,27.52252821183923,51.070188561029916,7.849220116396895,26.0,NaN
J25 Angels 2:Pacifism,C,-,1,1,0,1.0,27.52252821183923,51.070188561029916,7.849220116396895,26.0,NaN
J22 Unlucky Thirteen:Dread Rider,C,-,1,1,0,1.0,27.522528211839216,51.0701885610299,7.849220116396895,26.0,NaN
J25 Angels 2:Rally of Wings,C,-,1,1,0,1.0,27.522528211839216,51.0701885610299,7.849220116396895,26.0,NaN
J25 Angels 2:Inspiring Overseer,C,-,1,1,0,1.0,27.522528211839216,51.0701885610299,7.849220116396895,26.0,NaN
JMP Doctor 1:Mesa Unicorn,C,-,4,1,3,0.25,27.501344269937654,45.75335638339935,6.0840040378205655,21.0,23.0
J25 Goblins 2:Kindled Fury,C,-,2,2,0,1.0,27.45985437802467,51.00858878509266,7.849578135689331,23.0,NaN
J25 Explorers 4:Razorgrass Invoker,C,-,3,1,2,0.3333333333333333,27.44039797347812,45.890872937128265,6.150158321216715,15.0,24.0
J25 Nefarious:Opt,C,-,7,3,4,0.42857142857142855,27.436451887621494,44.698353326101426,5.753967146159977,22.0,15.75
J22 Goblins 3:Destructive Tampering,C,-,3,2,1,0.6666666666666666,27.43162911479254,45.06794410755013,5.878771664252532,18.5,17.0
J22 Goblins 3:Dragon Fodder,C,-,3,2,1,0.6666666666666666,27.43162911479254,45.06794410755013,5.878771664252532,18.5,17.0
J22 Unlucky Thirteen:Piranha Marsh,C,-,2,1,1,0.5,27.422410481511452,50.895676359472645,7.824421959320397,26.0,19.0
J25 Goblins 2:Volley Veteran,C,-,1,1,0,1.0,27.41803118011982,50.96985150793004,7.85060677593674,24.0,NaN
JMP Wizards 4:Storm Sculptor,C,-,1,1,0,1.0,27.41803118011982,50.96985150793004,7.85060677593674,24.0,NaN
J22 Gross 1:Leechridden Swamp,C,-,4,3,1,0.75,27.411520965149915,46.351656184942186,6.313378406597423,25.333333333333332,24.0
J25 Angels 1:Giada, Font of Hope,C,-,5,3,2,0.6,27.393040936400766,44.092479136784014,5.56647940012775,14.666666666666666,16.5
J25 Legion 2:Recruitment Officer,C,-,2,1,1,0.5,27.384778150064925,49.34488942846758,7.320037092800885,26.0,28.0
JMP Legion 4:Fortify,C,-,1,1,0,1.0,27.382407603599297,50.69823592656439,7.771942774321696,14.0,NaN
JMP Minotaurs 1:Sure Strike,C,-,2,1,1,0.5,27.375301350366463,49.01391681984682,7.212871823160119,23.0,33.0
J22 Law 3:Arrest,C,-,2,1,1,0.5,27.36279838301321,43.81256190461873,5.483254507201841,13.0,14.0
JMP Liliana:Cemetery Recruitment,C,-,2,2,0,1.0,27.354376999119733,51.01419383237326,7.886605611084509,17.0,NaN
JMP Smashing 2:Turret Ogre,C,-,6,2,4,0.3333333333333333,27.327468034286674,45.199558613684566,5.957363526465963,19.5,23.25
JMP Tree Hugging 4:Wall of Blossoms,C,-,3,3,0,1.0,27.32161244460098,51.034389081065456,7.9042588788214925,21.333333333333332,NaN
J22 Detective 2:Magnifying Glass,C,-,3,2,1,0.6666666666666666,27.317548682565498,45.66709591765456,6.1165157450296865,23.5,14.0
J25 Armed 2:Mirran Bardiche,C,-,2,2,0,1.0,27.31451506841875,50.93091939036785,7.872134773983032,24.0,NaN
JMP Plus One 4:Branching Evolution,C,-,3,1,2,0.3333333333333333,27.309201434014394,45.36575143912002,6.018850001701875,16.0,18.5
J25 Legion 2:Triplicate Spirits,C,-,2,1,1,0.5,27.246650563059717,50.51367192119754,7.755673786045941,22.0,20.0
J22 Spirits 1:Chains of Custody,C,-,2,1,1,0.5,27.242456763387935,49.1793737254989,7.3123056540369875,19.0,17.0
J25 Heroes 1:Akroan Skyguard,C,-,5,3,2,0.6,27.242274457309332,45.565816034033034,6.107847192241234,23.0,23.0
J25 Bloody 3:Markov Warlord,C,-,1,1,0,1.0,27.237667926489983,50.193031358367676,7.651787810625898,11.0,NaN
J25 Beasts 2:Brushstrider,C,-,1,1,0,1.0,27.237667926489983,50.193031358367676,7.651787810625898,11.0,NaN
J25 Giddyap:Banishing Light,C,-,2,2,0,1.0,27.192396912384343,50.93641902671167,7.9146740381091085,26.5,NaN
J25 Goblins 2:Open Fire,C,-,2,1,1,0.5,27.188988856224356,50.56230020647008,7.79110378341524,24.0,26.0
J25 Landfall 2:Kazandu Stomper,C,-,4,2,2,0.5,27.18802369603484,45.20522603734582,6.005734113770325,15.0,34.5
J22 Law 2:Decree of Justice,C,-,1,1,0,1.0,27.1185230282585,50.6277416613573,7.836406211032933,16.0,NaN
JMP Vampires 2:Silversmote Ghoul,C,-,3,2,1,0.6666666666666666,27.11743851832902,50.75996716194972,7.880842881206899,21.0,27.0
J22 Think Again 3:Desert of the Mindful,C,-,1,1,0,1.0,27.11689939554674,50.56822091935811,7.817107174603791,16.0,NaN
J22 Goblins 3:Goblin Trailblazer,C,-,2,1,1,0.5,27.106968887475006,47.02912674268423,6.640719285069741,17.0,17.0
JMP Chandra:Flames of the Firebrand,C,-,3,1,2,0.3333333333333333,27.098258426246108,48.44989182989374,7.117211134549209,20.0,20.0
J22 Inventive 1:Aether Spellbomb,C,-,2,2,0,1.0,27.076823085623403,50.397695991172085,7.773624301849561,18.0,NaN
J22 Inventive 1:Gearsmith Guardian,C,-,2,2,0,1.0,27.076823085623403,50.397695991172085,7.773624301849561,18.0,NaN
J22 Law 3:Gideon's Lawkeeper,C,-,1,1,0,1.0,27.05720959310829,50.37405790490209,7.772282770597933,16.0,NaN
J22 Inventive 1:Planar Atlas,C,-,1,1,0,1.0,27.05720959310829,50.37405790490209,7.772282770597933,16.0,NaN
J22 Inventive 1:Merfolk Pupil,C,-,3,2,1,0.6666666666666666,27.053327450341595,50.396711238503585,7.78112792938733,18.0,17.0
J22 Inventive 1:Whirler Rogue,C,-,2,1,1,0.5,27.033709340289988,50.37307305432072,7.77978790467691,16.0,17.0
JMP Chandra:Chandra, Heart of Fire,C,-,3,1,2,0.3333333333333333,27.012310011443663,48.21336906406072,7.067019684205686,20.0,16.5
JMP Elves 1:Titanic Growth,C,-,2,1,1,0.5,27.009607192325653,48.51594502921121,7.1687792789618525,25.0,14.0
J25 Dinosaurs 1:Saurian Symbiote,C,-,1,1,0,1.0,27.00380926224044,50.5973821194899,7.86452428574982,19.0,NaN
J25 Dinosaurs 1:Colossal Dreadmaw,C,-,1,1,0,1.0,27.00380926224044,50.5973821194899,7.86452428574982,19.0,NaN
J25 Dinosaurs 1:Giant Growth,C,-,1,1,0,1.0,27.00380926224044,50.5973821194899,7.86452428574982,19.0,NaN
J25 Dinosaurs 1:Armored Kincaller,C,-,1,1,0,1.0,27.00380926224044,50.5973821194899,7.86452428574982,19.0,NaN
J25 Dinosaurs 1:Drowsing Tyrannodon,C,-,1,1,0,1.0,27.00380926224044,50.5973821194899,7.86452428574982,19.0,NaN
JMP Tree Hugging 3:Aggressive Urge,C,-,1,1,0,1.0,27.00380926224044,50.5973821194899,7.86452428574982,19.0,NaN
J25 Ghastly 1:Murder,C,-,2,2,0,1.0,27.0003911469026,50.708995331285124,7.902868061460841,23.0,NaN
J25 Ghastly 1:Village Rites,C,-,2,2,0,1.0,27.0003911469026,50.708995331285124,7.902868061460841,23.0,NaN
J22 Unlucky Thirteen:Tree of Perdition,C,-,2,1,1,0.5,26.990573148994066,50.20206051111247,7.737162454039468,26.0,28.0
JMP Legion 4:Selfless Savior,C,-,3,2,1,0.6666666666666666,26.989736395730887,50.05318025012636,7.687814618131824,15.0,30.0
J22 Holy 3:Light of Hope,C,-,3,2,1,0.6666666666666666,26.98615786181565,48.50684116359162,7.173561100591992,17.5,18.0
J22 Law 2:Phalanx Tactics,C,-,2,1,1,0.5,26.980625162296903,50.36488182201562,7.794752219906238,16.0,14.0
JMP Tree Hugging 3:Llanowar Visionary,C,-,2,1,1,0.5,26.979271014017254,50.59495356916524,7.871894185049329,19.0,29.0
J25 Icky 1:Eaten Alive,C,-,2,1,1,0.5,26.95863253171852,46.99900878561187,6.680125417964449,23.0,35.0
J25 Icky 1:Swarm of Bloodflies,C,-,2,1,1,0.5,26.95863253171852,46.99900878561187,6.680125417964449,23.0,35.0
JMP Dogs 1:Feat of Resistance,C,-,2,2,0,1.0,26.94223946071248,50.62251604173616,7.893425527007894,19.5,NaN
J25 Icky 1:Nantuko Husk,C,-,5,2,3,0.4,26.918320248587445,45.84794461977839,6.309874790396981,18.0,25.333333333333332
J25 Armed 1:Starnheim Memento,C,-,5,4,1,0.8,26.913635837641095,46.86494829168728,6.650437484682061,28.25,31.0
JMP Reanimated 4:Soul Salvage,C,-,2,1,1,0.5,26.90047840064255,49.79214654365224,7.630556047669895,18.0,28.0
J25 Armed 1:Fencing Ace,C,-,4,3,1,0.75,26.89936627220959,46.83733529410622,6.645989673965542,30.0,31.0
JMP Devilish 1:Pitchburn Devils,C,-,1,1,0,1.0,26.89883946168191,50.385774398197135,7.828978312171742,20.0,NaN
JMP Devilish 1:Collateral Damage,C,-,1,1,0,1.0,26.89883946168191,50.385774398197135,7.828978312171742,20.0,NaN
J25 Elves 3:Razorgrass Invoker,C,-,3,2,1,0.6666666666666666,26.89658650711538,46.098409729378105,6.400607740754241,23.5,13.0
JMP Tree Hugging 2:Ambassador Oak,C,-,4,4,0,1.0,26.891787498847773,50.52652525060053,7.8782459172509185,23.25,NaN
JMP Devilish 1:Spiteful Prankster,C,-,2,2,0,1.0,26.883508341942917,50.39050429328071,7.835665317112599,20.0,NaN
JMP Reanimated 4:Miasmic Mummy,C,-,3,2,1,0.6666666666666666,26.87731194713929,49.793346900434926,7.638678317765212,16.5,28.0
JMP Vampires 1:Nocturnal Feeder,C,-,1,1,0,1.0,26.868657564596038,50.68992823972769,7.940423558377218,32.0,NaN
JMP Vampires 1:Gifted Aetherborn,C,-,1,1,0,1.0,26.86865756459603,50.689928239727685,7.940423558377218,32.0,NaN
JMP Vampires 1:Agonizing Syphon,C,-,1,1,0,1.0,26.86865756459603,50.689928239727685,7.940423558377218,32.0,NaN
JMP Vampires 1:Vito, Thorn of the Dusk Rose,C,-,1,1,0,1.0,26.86865756459603,50.689928239727685,7.940423558377218,32.0,NaN
J25 Nefarious:Supreme Will,C,-,1,1,0,1.0,26.867030441241894,50.67096106063199,7.934643539796698,30.0,NaN
JMP Doctor 3:Faith's Fetters,C,-,1,1,0,1.0,26.867030441241894,50.67096106063199,7.934643539796698,30.0,NaN
J22 Fangs 2:Creeping Bloodsucker,C,-,4,2,2,0.5,26.85044594199074,43.74152258681896,5.630358881609407,15.0,19.5
J25 Nefarious:Murmuring Mystic,C,-,2,1,1,0.5,26.842818915106367,50.66918922151673,7.942123435470122,30.0,20.0
JMP Doctor 3:Basri's Acolyte,C,-,2,1,1,0.5,26.820234883563593,50.61334756473617,7.931037560390861,30.0,19.0
JMP Well-Read 3:Rhystic Study,C,-,3,1,2,0.3333333333333333,26.814472196254993,45.49797023446338,6.227832679402796,18.0,20.5
JMP Well-Read 3:Narcolepsy,C,-,3,1,2,0.3333333333333333,26.814472196254993,45.49797023446338,6.227832679402796,18.0,20.5
JMP Feathered Friends 2:Swift Response,C,-,3,2,1,0.6666666666666666,26.80967951787138,50.431556081014584,7.873958854381068,25.0,23.0
J25 Ghastly 1:Doomed Dissenter,C,-,3,3,0,1.0,26.787817625790744,50.638953845066425,7.95037873975856,23.0,NaN
J25 Heroes 2:Wingsteed Rider,C,-,2,2,0,1.0,26.781633807287967,50.495347724114275,7.904571305608769,18.5,NaN
JMP Devilish 4:Havoc Jester,C,-,1,1,0,1.0,26.781085364010256,50.54302109585954,7.92064524394976,22.0,NaN
JMP Legion 4:Lena, Selfless Champion,C,-,2,1,1,0.5,26.771916329779827,49.9140799742213,7.714054548147159,14.0,30.0
JMP Under the Sea 1:Tolarian Kraken,C,-,3,2,1,0.6666666666666666,26.769425229198625,46.54332319678565,6.591299322529008,23.0,19.0
JMP Basri:Legion's Judgment,C,-,2,1,1,0.5,26.744308431344297,47.27196176252538,6.842551110393694,26.0,18.0
JMP Predatory 3:Thragtusk,C,-,1,1,0,1.0,26.72541913248057,50.445661069305665,7.906747312275031,24.0,NaN
J25 Explorers 3:Ulvenwald Mysteries,C,-,3,2,1,0.6666666666666666,26.72277979466304,49.6923088255533,7.656509676963418,27.0,13.0
J22 Ferocious 2:Drowsing Tyrannodon,C,-,2,2,0,1.0,26.69738844370026,50.32265516829708,7.875088908198941,20.5,NaN
J22 Ferocious 2:Savage Punch,C,-,2,2,0,1.0,26.69738844370026,50.32265516829708,7.875088908198941,20.5,NaN
J22 Ferocious 2:Goreclaw, Terror of Qal Sisma,C,-,2,2,0,1.0,26.69738844370026,50.32265516829708,7.875088908198941,20.5,NaN
J25 Dinosaurs 2:Ghalta, Primal Hunger,C,-,4,4,0,1.0,26.695188123481756,50.316297373480175,7.873703083332806,17.5,NaN
JMP Tree Hugging 1:Ambassador Oak,C,-,2,1,1,0.5,26.6740441563527,48.83427588128204,7.3867439083097794,24.0,16.0
J22 Zombies 2:Suspicious Shambler,C,-,1,1,0,1.0,26.658496152536554,50.48904629522406,7.943516714229168,24.0,NaN
J22 Boneyard 1:Oversold Cemetery,C,-,1,1,0,1.0,26.647488162017147,50.24333877963295,7.865283539205268,15.0,NaN
J25 Surprise 4:Fading Hope,C,-,1,1,0,1.0,26.647488162017126,50.24333877963293,7.865283539205268,15.0,NaN
J22 Multi-Headed 1:Ilysian Caryatid,C,-,3,1,2,0.3333333333333333,26.641981430091768,45.78237942654116,6.380132665483131,30.0,17.0
J22 Zombies 2:Liliana, Death's Majesty,C,-,2,2,0,1.0,26.638111692341027,50.491689790499976,7.951192699386316,20.5,NaN
J25 Of the Coast 2:Azure Drake,C,-,3,2,1,0.6666666666666666,26.636179244135057,47.68664165475064,7.016820803538526,24.0,15.0
J25 Dinosaurs 2:Drowsing Tyrannodon,C,-,3,3,0,1.0,26.627199280484284,50.26727524592774,7.880025321814486,18.0,NaN
JMP Heavily Armored 2:Gird for Battle,C,-,2,1,1,0.5,26.615619121063595,45.20799152359703,6.197457467511145,15.0,30.0
JMP Tree Hugging 4:Burlfist Oak,C,-,2,2,0,1.0,26.606720529815455,50.57519785833999,7.989492442841511,24.0,NaN
JMP Wizards 3:Sage's Row Savant,C,-,2,2,0,1.0,26.60571875787111,50.44962686945845,7.947969370529113,25.0,NaN
JMP Dogs 1:Release the Dogs,C,-,1,1,0,1.0,26.591689006203403,50.441579235722216,7.949963409839604,25.0,NaN
JMP Dogs 1:Alpine Watchdog,C,-,1,1,0,1.0,26.591689006203403,50.441579235722216,7.949963409839604,25.0,NaN
JMP Dogs 1:Cathar's Companion,C,-,1,1,0,1.0,26.591689006203403,50.441579235722216,7.949963409839604,25.0,NaN
JMP Dogs 1:Pack Leader,C,-,1,1,0,1.0,26.591689006203403,50.441579235722216,7.949963409839604,25.0,NaN
JMP Dogs 1:Supply Runners,C,-,1,1,0,1.0,26.591689006203403,50.441579235722216,7.949963409839604,25.0,NaN
J22 Holy 1:Miraculous Recovery,C,-,1,1,0,1.0,26.591689006203403,50.441579235722216,7.949963409839604,25.0,NaN
JMP Dogs 1:Pacifism,C,-,1,1,0,1.0,26.591689006203403,50.441579235722216,7.949963409839604,25.0,NaN
J25 Dragons 1:Lathliss, Dragon Queen,C,-,2,1,1,0.5,26.58325939304192,47.480879617449915,6.965873408135998,27.0,30.0
JMP Wizards 3:Vodalian Arcanist,C,-,3,2,1,0.6666666666666666,26.579808636663557,50.44364436592785,7.954611909754765,25.0,27.0
J25 Healers 4:Angel of Vitality,C,-,1,1,0,1.0,26.57472485212665,50.44561385098403,7.956962999619128,25.0,NaN
J25 Healers 4:Revitalize,C,-,1,1,0,1.0,26.574724852126636,50.44561385098402,7.956962999619128,25.0,NaN
JMP Predatory 3:Fungal Rebirth,C,-,2,1,1,0.5,26.545227089730815,50.12996842124334,7.861580443837508,24.0,39.0
JMP Predatory 3:Sabertooth Mauler,C,-,2,1,1,0.5,26.545227089730815,50.12996842124334,7.861580443837508,24.0,39.0
JMP Reanimated 2:Funeral Rites,C,-,2,2,0,1.0,26.519489580872808,50.3934450157743,7.957985144967163,25.0,NaN
JMP Smashing 1:Bloodrage Brawler,C,-,2,1,1,0.5,26.519218840485713,49.15986495398477,7.5468820378330195,13.0,31.0
JMP Pirates 2:Departed Deckhand,C,-,1,1,0,1.0,26.505748395549507,50.207028528111465,7.900426710853986,18.0,NaN
JMP Pirates 2:Prosperous Pirates,C,-,1,1,0,1.0,26.505748395549507,50.207028528111465,7.900426710853986,18.0,NaN
J25 Surprise 4:Wavebreak Hippocamp,C,-,2,1,1,0.5,26.48862416016268,49.988564120027206,7.833313319954842,15.0,15.0
JMP Tree Hugging 4:Explore,C,-,1,1,0,1.0,26.48044645114966,50.4843909210936,8.001314823314646,22.0,NaN
J22 Treasure 1:Ripscale Predator,C,-,1,1,0,1.0,26.459986721434277,50.12775580420431,7.889256360923345,18.0,NaN
J25 Surprise 1:Slimebind,C,-,1,1,0,1.0,26.452931395935558,50.13557701082555,7.894215204963331,20.0,NaN
J25 Surprise 1:Undersea Invader,C,-,1,1,0,1.0,26.452931395935558,50.13557701082555,7.894215204963331,20.0,NaN
JMP Heavily Armored 2:Lightwalker,C,-,3,1,2,0.3333333333333333,26.44881653503358,44.97705936332965,6.176080942765357,15.0,26.0
JMP Angels 2:Take Heart,C,-,3,2,1,0.6666666666666666,26.38061659956785,44.773711112792455,6.131031504408201,20.0,20.0
JMP Spirits 1:Frost Breath,C,-,3,1,2,0.3333333333333333,26.35680771717668,44.26224156508868,5.968477949304,15.0,20.5
JMP Tree Hugging 2:Burlfist Oak,C,-,2,2,0,1.0,26.344325948186967,50.17023490423023,7.9419696520144205,23.5,NaN
JMP Minotaurs 2:Sethron, Hurloon General,C,-,3,2,1,0.6666666666666666,26.33101034229165,47.615143374409506,7.094711010705953,18.0,23.0
J22 Go to School 2:Kasmina, Enigmatic Mentor,C,-,3,1,2,0.3333333333333333,26.32719150731984,44.95086680115385,6.207891764611338,17.0,27.0
JMP Above the Clouds 4:Wall of Runes,C,-,1,1,0,1.0,26.303426835914912,50.013083203143914,7.903218789076334,15.0,NaN
J25 Elves 4:Ivy Lane Denizen,C,-,2,2,0,1.0,26.264865617479703,50.20586248110153,7.980332287873943,20.0,NaN
J25 Elves 4:Paradise Druid,C,-,2,2,0,1.0,26.264865617479703,50.20586248110153,7.980332287873943,20.0,NaN
J25 Icky 1:Village Rites,C,-,3,1,2,0.3333333333333333,26.25418723451403,45.99917186224449,6.581661542576819,23.0,26.0
J25 Zealots 1:Nef-Crop Entangler,C,-,3,2,1,0.6666666666666666,26.24439956925331,49.29741565426379,7.684338695003492,19.0,21.0
JMP Spooky 2:Bone Splinters,C,-,2,1,1,0.5,26.23521772205295,49.76635292611737,7.84371173468814,14.0,21.0
J25 Armed 1:Ancestral Blade,C,-,5,4,1,0.8,26.229812494771167,46.46940350742998,6.746530337552938,27.75,31.0
J25 Giddyap:Moment of Triumph,C,-,4,3,1,0.75,26.228807107232942,49.07208231718562,7.614425069984225,22.333333333333332,18.0
J25 Explorers 4:Clear Shot,C,-,2,1,1,0.5,26.22624679330826,48.516955177426055,7.430236128039265,25.0,30.0
J25 Explorers 4:Jadelight Ranger,C,-,2,1,1,0.5,26.22624679330826,48.516955177426055,7.430236128039265,25.0,30.0
J25 Explorers 4:Shardless Outlander,C,-,2,1,1,0.5,26.22624679330826,48.516955177426055,7.430236128039265,25.0,30.0
J22 Morbid 2:Mortuary Mire,C,-,5,3,2,0.6,26.205376822070843,45.22475814611915,6.339793774682769,20.333333333333332,24.5
JMP Dinosaurs 4:Savage Stomp,C,-,3,3,0,1.0,26.192215949403355,50.103306172314454,7.970363407637032,23.666666666666668,NaN
J22 Cats 1:Ingenious Leonin,C,-,3,1,2,0.3333333333333333,26.189871548449826,44.81967591317527,6.209934788241814,19.0,20.0
J25 Bloody 2:Stolen Vitality,C,-,1,1,0,1.0,26.184983447736347,49.69627016262275,7.837095571628802,15.0,NaN
J22 Gross 3:Eaten Alive,C,-,2,2,0,1.0,26.17377447395672,50.296657054103015,8.040960860048765,28.0,NaN
J25 Surprise 1:Wind Strider,C,-,2,1,1,0.5,26.16463558120913,49.607293881571216,7.814219433454029,20.0,17.0
J25 Surprise 1:Thryx, the Sudden Storm,C,-,2,1,1,0.5,26.16463558120913,49.607293881571216,7.814219433454029,20.0,17.0
JMP Tree Hugging 4:Warden of the Woods,C,-,2,2,0,1.0,26.160906693931437,50.24895304696919,8.029348784345919,20.0,NaN
J25 Dinosaurs 2:Thrashing Brontodon,C,-,2,2,0,1.0,26.15848252727616,49.77856149190293,7.873359654875589,15.0,NaN
J25 Dinosaurs 2:Predator's Strike,C,-,2,2,0,1.0,26.15848252727616,49.77856149190293,7.873359654875589,15.0,NaN
JMP Spellcasting 2:Flame Lash,C,-,3,1,2,0.3333333333333333,26.15657319504049,45.57922167235209,6.474216159103867,24.0,20.0
JMP Tree Hugging 2:Primordial Sage,C,-,2,2,0,1.0,26.154383183661277,50.04759318572172,7.964403334020148,27.0,NaN
JMP Tree Hugging 2:Gnarled Sage,C,-,2,2,0,1.0,26.154383183661277,50.04759318572172,7.964403334020148,27.0,NaN
J25 Stalwart 3:Banishing Light,C,-,3,2,1,0.6666666666666666,26.149161406995407,49.54781640890219,7.799551667302262,24.5,24.0
J22 Wolves 4:Briarpack Alpha,C,-,2,2,0,1.0,26.140707550963462,50.20364192153126,8.020978123522598,30.0,NaN
J22 Wolves 4:Flourishing Hunter,C,-,2,2,0,1.0,26.140707550963462,50.20364192153126,8.020978123522598,30.0,NaN
J22 Wolves 4:Howl of the Hunt,C,-,2,2,0,1.0,26.140707550963462,50.20364192153126,8.020978123522598,30.0,NaN
J22 Wolves 4:Mild-Mannered Librarian,C,-,2,2,0,1.0,26.140707550963462,50.20364192153126,8.020978123522598,30.0,NaN
J22 Wolves 4:Arlinn, Voice of the Pack,C,-,2,2,0,1.0,26.140707550963462,50.20364192153126,8.020978123522598,30.0,NaN
JMP Tree Hugging 2:Nature's Way,C,-,3,3,0,1.0,26.135598679493583,50.050815947890406,7.971739089465608,24.333333333333332,NaN
JMP Dinosaurs 4:Drowsing Tyrannodon,C,-,6,4,2,0.6666666666666666,26.1348297287008,46.17347714041155,6.679549137236917,23.5,21.0
J25 Explorers 3:Ambassador Oak,C,-,3,2,1,0.6666666666666666,26.128914426050937,48.845880731112466,7.572322101687177,27.0,17.0
JMP Dinosaurs 3:Colossal Dreadmaw,C,-,2,2,0,1.0,26.124514908197195,49.9827106409377,7.9527319109135,19.5,NaN
J22 Fiery 2:Fiery Intervention,C,-,1,1,0,1.0,26.118968803822064,50.03478647312064,7.971939223099525,18.0,NaN
J25 Armed 2:Stone Haven Outfitter,C,-,3,2,1,0.6666666666666666,26.086966912985375,44.820573698185655,6.244535595066759,19.0,15.0
J25 Goblins 2:Krenko's Command,C,-,2,1,1,0.5,26.06649607310327,48.6740995938552,7.535867840250645,24.0,25.0
J25 Stalwart 3:Generous Pup,C,-,3,2,1,0.6666666666666666,26.060206742282272,48.75203456723954,7.563942608319089,24.5,14.0
JMP Feathered Friends 2:Angelic Ascension,C,-,1,1,0,1.0,26.025289772081962,50.21382747403817,8.06284590065207,20.0,NaN
J25 Zealots 1:Anep, Vizier of Hazoret,C,-,1,1,0,1.0,26.025289772081962,50.21382747403817,8.06284590065207,20.0,NaN
J25 Ne'er-do-wells 1:Serpent Assassin,C,-,2,1,1,0.5,26.02267975992457,47.58410196620923,7.18714073542822,33.0,19.0
J25 Stalwart 4:Light of the Legion,C,-,1,1,0,1.0,25.985762950015797,49.99038930776474,8.001542119249647,16.0,NaN
J22 Gross 1:Devouring Swarm,C,-,2,2,0,1.0,25.975160096888366,50.13451142622179,8.053117109777808,25.0,NaN
J25 Bloody 3:Flame-Blessed Bolt,C,-,1,1,0,1.0,25.970402139506188,49.97426453905261,8.001287466515475,17.0,NaN
J25 Bloody 3:Voldaren Duelist,C,-,1,1,0,1.0,25.970402139506188,49.97426453905261,8.001287466515475,17.0,NaN
J25 Bloody 3:Belligerent Guest,C,-,1,1,0,1.0,25.970402139506188,49.97426453905261,8.001287466515475,17.0,NaN
J25 Bloody 3:Insolent Neonate,C,-,1,1,0,1.0,25.970402139506188,49.97426453905261,8.001287466515475,17.0,NaN
J25 Bloody 3:Soul Sear,C,-,1,1,0,1.0,25.970402139506188,49.97426453905261,8.001287466515475,17.0,NaN
J25 Stalwart 3:Relief Captain,C,-,1,1,0,1.0,25.954672398851727,50.037085097657034,8.027470899601768,31.0,NaN
J22 Blink 3:Valor in Akros,C,-,3,1,2,0.3333333333333333,25.94297911463229,45.73199298064407,6.596337955337261,26.0,16.5
J22 Treasure 1:Goldvein Pick,C,-,3,2,1,0.6666666666666666,25.93477266384881,48.42099885890375,7.4954087316849805,17.5,23.0
J25 Explorers 1:Tireless Provisioner,C,-,1,1,0,1.0,25.920195895812213,49.8237465033974,7.967850202528396,19.0,NaN
J22 Ferocious 1:Colossal Majesty,C,-,1,1,0,1.0,25.908574841798334,50.09327920450217,8.061568120901278,27.0,NaN
J22 Wolves 3:Wolfwillow Haven,C,-,1,1,0,1.0,25.908574841798334,50.09327920450217,8.061568120901278,27.0,NaN
J22 Ferocious 1:Ornery Dilophosaur,C,-,1,1,0,1.0,25.908574841798334,50.09327920450217,8.061568120901278,27.0,NaN
JMP Lightning 2:Lightning Visionary,C,-,3,2,1,0.6666666666666666,25.90783576586185,47.19738591571919,7.096516716619113,13.5,18.0
JMP Rainbow:Ironroot Warlord,C,-,1,1,0,1.0,25.906698053160653,49.93273771563819,8.008679887492512,23.0,NaN
JMP Rainbow:Terramorphic Expanse,C,-,1,1,0,1.0,25.906698053160653,49.93273771563819,8.008679887492512,23.0,NaN
JMP Rainbow:Dinrova Horror,C,-,1,1,0,1.0,25.906698053160646,49.93273771563818,8.008679887492512,23.0,NaN
JMP Rainbow:Alloy Myr,C,-,1,1,0,1.0,25.906698053160646,49.93273771563818,8.008679887492512,23.0,NaN
J22 Treasure 2:Brazen Freebooter,C,-,2,2,0,1.0,25.899657410196806,49.85982657410577,7.986723054636321,16.5,NaN
J25 Icky 1:Fretwork Colony,C,-,4,2,2,0.5,25.899294556308973,45.639461439543005,6.580055627744677,19.0,29.5
J25 Explorers 3:Byway Courier,C,-,2,2,0,1.0,25.87567283179033,49.715101317810074,7.946476162006582,28.0,NaN
J25 Explorers 3:Somberwald Beastmaster,C,-,2,2,0,1.0,25.87567283179033,49.715101317810074,7.946476162006582,28.0,NaN
J25 Explorers 3:Explore,C,-,2,2,0,1.0,25.87567283179033,49.715101317810074,7.946476162006582,28.0,NaN
J22 Law 4:Magnanimous Magistrate,C,-,1,1,0,1.0,25.842831211634838,49.557548670687495,7.9049058196842195,17.0,NaN
J22 Wolves 3:Bounding Wolf,C,-,2,1,1,0.5,25.83961805806795,49.96955434401602,8.043312095316024,27.0,21.0
J25 Vampires 1:Nazar, the Velvet Fang,C,-,2,1,1,0.5,25.82644485497238,45.16195977778686,6.4451716409381605,19.0,17.0
J25 Vampires 1:Urge to Feed,C,-,2,1,1,0.5,25.82644485497238,45.16195977778686,6.4451716409381605,19.0,17.0
JMP Lightning 2:Lightning-Core Excavator,C,-,2,1,1,0.5,25.824497028897284,47.13151222437335,7.102338398492023,15.0,18.0
J25 Ghastly 4:Shambling Ghast,C,-,3,2,1,0.6666666666666666,25.82122350597059,46.63068361757014,6.9364867038665174,17.5,23.0
J25 Ghastly 4:Moan of the Unhallowed,C,-,4,3,1,0.75,25.82055466172764,46.64399748522715,6.94114760783317,15.0,23.0
J22 Goblins 4:Hordeling Outburst,C,-,2,1,1,0.5,25.817435847798304,43.89810553561945,6.026889895940382,18.0,30.0
JMP Chandra:Chandra's Incinerator,C,-,1,1,0,1.0,25.811337604625496,49.66030837151672,7.949656922297074,18.0,NaN
JMP Above the Clouds 3:Rain of Revelation,C,-,2,1,1,0.5,25.79828761257451,45.39432079967935,6.53201106236828,17.0,18.0
J22 Holy 1:Angelic Cub,C,-,3,2,1,0.6666666666666666,25.74944741115812,48.84859309318472,7.6997152273422,19.5,21.0
J25 Clerics 3:Moment of Craving,C,-,3,3,0,1.0,25.7324764867456,49.89618734349761,8.054570285584003,23.666666666666668,NaN
JMP Minotaurs 1:Sethron, Hurloon General,C,-,3,1,2,0.3333333333333333,25.73169686841085,46.42259847162935,6.896967201072833,23.0,29.5
J22 Holy 1:Blessed Sanctuary,C,-,3,1,2,0.3333333333333333,25.717855535713507,48.83137593463241,7.704506799639635,25.0,18.0
J25 Vampires 3:Scourge of the Undercity,C,-,4,3,1,0.75,25.707875341375917,49.73245557845594,8.008193412360008,15.666666666666666,23.0
J25 Vampires 3:Vicious Conquistador,C,-,4,3,1,0.75,25.707875341375917,49.73245557845594,8.008193412360008,15.666666666666666,23.0
JMP Chandra:Pillar of Flame,C,-,3,1,2,0.3333333333333333,25.702691523320745,49.50515668713216,7.934155054603805,18.0,20.5
J25 Vampires 3:Skymarch Bloodletter,C,-,2,2,0,1.0,25.70099595249968,49.72075602736095,8.006586691620422,17.0,NaN
J25 Clerics 3:Eerie Soultender,C,-,2,2,0,1.0,25.698246888287475,49.86125059835438,8.054334570022302,25.5,NaN
J25 Surprise 4:Wind Strider,C,-,2,1,1,0.5,25.677064409988304,49.507172773550074,7.943369454520591,17.0,27.0
J25 Vampires 3:Gift of Fangs,C,-,3,3,0,1.0,25.67656207628773,49.72130953450208,8.014915819404784,16.0,NaN
J25 Surprise 4:Venser, Shaper Savant,C,-,3,1,2,0.3333333333333333,25.63722798798936,49.54514340051769,7.969305137509443,17.0,18.5
J25 Prideful:Brimaz, King of Oreskos,C,-,2,1,1,0.5,25.63420171274904,49.388762515733255,7.918186934328071,19.0,31.0
J25 Prideful:Dawnwing Marshal,C,-,2,1,1,0.5,25.63420171274904,49.388762515733255,7.918186934328071,19.0,31.0
J25 Stalwart 3:Sandsteppe Outcast,C,-,2,1,1,0.5,25.607593227041704,49.198954151449925,7.863786974802741,31.0,24.0
J25 Soaring 2:Gust of Wind,C,-,3,3,0,1.0,25.59968548816601,49.69054230240103,8.030285604745005,18.333333333333332,NaN
J25 Soaring 2:Tide Skimmer,C,-,3,3,0,1.0,25.59968548816601,49.69054230240103,8.030285604745005,18.333333333333332,NaN
J25 Vampires 3:Necropolis Regent,C,-,1,1,0,1.0,25.59350019721169,49.64920604592815,8.018568616238822,15.0,NaN
J25 Giddyap:Steadfast Unicorn,C,-,1,1,0,1.0,25.592714551915364,49.96234322398937,8.123209557358003,31.0,NaN
JMP Minotaurs 2:Borderland Minotaur,C,-,2,1,1,0.5,25.57876676402126,44.44991194313191,6.290381726370216,24.0,14.0
J25 Illusions:Phantom Ninja,C,-,1,1,0,1.0,25.570723545430635,49.68678338951789,8.038686614695752,27.0,NaN
J25 Vampires 3:Nazar, the Velvet Fang,C,-,2,2,0,1.0,25.56910277780287,49.64975838966386,8.026885203953663,14.5,NaN
J25 Goblins 1:Weaselback Redcap,C,-,3,2,1,0.6666666666666666,25.55880794595801,49.47333148135445,7.971507845132146,17.5,27.0
JMP Under the Sea 1:Unstable Obelisk,C,-,2,1,1,0.5,25.554386307489743,45.67176964997909,6.705794447496449,24.0,19.0
JMP Vampires 1:Silversmote Ghoul,C,-,2,1,1,0.5,25.548036158924994,48.29695044406765,7.582971428380885,32.0,22.0
JMP Vampires 1:Sanguine Indulgence,C,-,2,1,1,0.5,25.548036158924994,48.29695044406765,7.582971428380885,32.0,22.0
J22 Treasure 1:Brazen Freebooter,C,-,2,1,1,0.5,25.537233496432883,48.52651250021614,7.663093001261086,18.0,23.0
J22 Cruel 2:Infernal Idol,C,-,3,1,2,0.3333333333333333,25.535610592070753,44.55254596036533,6.338978456098192,26.0,17.0
J22 Cruel 2:Consign to the Pit,C,-,3,1,2,0.3333333333333333,25.535610592070753,44.55254596036533,6.338978456098192,26.0,17.0
J25 Elves 4:Arbor Armament,C,-,1,1,0,1.0,25.533947438859094,49.73180029607439,8.065950952405098,23.0,NaN
J25 Elves 4:Tyvar Kell,C,-,1,1,0,1.0,25.533947438859094,49.73180029607439,8.065950952405098,23.0,NaN
JMP Vampires 2:Nocturnal Feeder,C,-,1,1,0,1.0,25.533947438859094,49.73180029607439,8.065950952405098,23.0,NaN
JMP Phyrexian:Phyrexian Gargantua,C,-,2,1,1,0.5,25.531221365130108,49.86264520794516,8.110474614271682,31.0,26.0
JMP Vampires 2:Agonizing Syphon,C,-,2,1,1,0.5,25.507131769630142,49.72527009770222,8.072712776024026,23.0,27.0
J25 Beasts 1:Woodland Liege,C,-,3,2,1,0.6666666666666666,25.50597779182189,47.25349216827517,7.249171458817761,22.0,23.0
J25 Ne'er-do-wells 1:Morbid Opportunist,C,-,3,1,2,0.3333333333333333,25.488359744732463,47.68445016186101,7.398696805709514,24.0,20.0
J22 Fiery 2:Blisterspit Gremlin,C,-,2,1,1,0.5,25.486813085031475,48.64886031943699,7.7206824114685055,18.0,16.0
JMP Angels 2:Scroll of Avacyn,C,-,4,2,2,0.5,25.48084456771284,41.539741410049224,5.3529656141121285,17.0,19.5
JMP Cats 2:Initiate's Companion,C,-,3,2,1,0.6666666666666666,25.472170526186208,44.32798456008701,6.285271344633601,14.0,18.0
J25 Beasts 1:Gnarlid Colony,C,-,3,2,1,0.6666666666666666,25.45050461508618,47.220298516617156,7.256597967176991,23.5,23.0
J25 Landfall 2:Canopy Baloth,C,-,5,2,3,0.4,25.430433303957873,43.2959872129215,5.95518463632121,17.0,29.0
JMP Dogs 2:Secure the Scene,C,-,2,2,0,1.0,25.427681640038337,49.73835353601532,8.103557298658993,21.0,NaN
J25 Grave Robbers 4:Murder,C,-,3,1,2,0.3333333333333333,25.393197766100904,47.1341350642349,7.246979099377997,21.0,26.5
JMP Phyrexian:Phyrexian Debaser,C,-,4,2,2,0.5,25.370437037620103,49.027110166117815,7.8855577094992375,29.5,25.0
J25 Landfall 3:Canopy Baloth,C,-,1,1,0,1.0,25.33447346715348,49.52454968931084,8.063358740719119,18.0,NaN
J25 Ghastly 4:Defenestrate,C,-,1,1,0,1.0,25.33447346715348,49.52454968931084,8.063358740719119,18.0,NaN
JMP Dinosaurs 3:Orazca Frillback,C,-,7,4,3,0.5714285714285714,25.32674556942999,47.588096195228225,7.420450208599412,16.75,17.0
J22 Merfolk 4:Windrider Patrol,C,-,2,1,1,0.5,25.305553744479262,44.28005179618847,6.324832683903068,16.0,19.0
J22 Merfolk 4:Triton Shorestalker,C,-,2,1,1,0.5,25.305553744479262,44.28005179618847,6.324832683903068,16.0,19.0
J22 Elves 4:Elven Bow,C,-,2,1,1,0.5,25.28131533626526,47.190562226994906,7.303082296909883,13.0,25.0
JMP Plus One 2:Wildwood Scourge,C,-,3,3,0,1.0,25.278588420254568,49.456340614274325,8.059250731339919,19.0,NaN
JMP Doctor 2:Moment of Heroism,C,-,3,1,2,0.3333333333333333,25.27340806228299,43.03914674849576,5.921912895404256,14.0,29.0
JMP Doctor 2:Griffin Aerie,C,-,3,1,2,0.3333333333333333,25.27340806228299,43.03914674849576,5.921912895404256,14.0,29.0
J25 Armed 1:Starnheim Courser,C,-,2,2,0,1.0,25.251285583980202,49.50226304943538,8.083659155151725,34.0,NaN
J25 Zealots 1:Ahn-Crop Crasher,C,-,2,1,1,0.5,25.246843671507126,48.64234320945007,7.798499845980981,20.0,21.0
JMP Devilish 1:Havoc Jester,C,-,2,1,1,0.5,25.246830902199275,47.169655429759125,7.307608175853283,20.0,18.0
J25 Too Many:Brothers Yamazaki,C,-,7,3,4,0.42857142857142855,25.232998940325814,41.8595588030248,5.542186620899661,27.666666666666668,15.75
J22 Gross 1:Massacre Wurm,C,-,3,2,1,0.6666666666666666,25.216992487931165,44.075854989855664,6.2862875006414995,18.5,24.0
J25 Ghastly 3:Deadly Dispute,C,-,4,4,0,1.0,25.21163382949854,49.37426659185439,8.054210920785286,18.75,NaN
J25 Surprise 2:Thryx, the Sudden Storm,C,-,1,1,0,1.0,25.208806883223126,49.24479099941224,8.01199470539637,13.0,NaN
J22 Ferocious 2:Giant Ladybug,C,-,1,1,0,1.0,25.208806883223126,49.24479099941224,8.01199470539637,13.0,NaN
JMP Devilish 3:Pitchburn Devils,C,-,2,2,0,1.0,25.180950509786022,49.37410044404946,8.064383311421146,20.5,NaN
JMP Devilish 3:Havoc Jester,C,-,2,2,0,1.0,25.180950509786022,49.37410044404946,8.064383311421146,20.5,NaN
JMP Devilish 4:Collateral Damage,C,-,3,2,1,0.6666666666666666,25.15440350249353,46.85469162148503,7.2334293729971675,20.5,17.0
JMP Dinosaurs 3:Cultivate,C,-,5,3,2,0.6,25.154322786614255,47.503186594932245,7.44962126943933,18.666666666666668,14.5
JMP Rainbow:Skittering Surveyor,C,-,2,1,1,0.5,25.15412035441406,48.396992185287274,7.747623943624404,23.0,27.0
J25 Soaring 1:Windreader Sphinx,C,-,2,1,1,0.5,25.142447765432088,48.98854325614583,7.948698496904581,16.0,20.0
J22 Merfolk 3:Soul Read,C,-,2,1,1,0.5,25.138046612674508,46.15934001929364,7.007097802206377,20.0,22.0
JMP Dinosaurs 3:Drover of the Mighty,C,-,3,3,0,1.0,25.109568271099015,49.27241469808291,8.054282142327965,17.0,NaN
J25 Elves 3:Llanowar Elves,C,-,2,1,1,0.5,25.08492194217526,44.70202793160713,6.5390353298106225,26.0,13.0
J25 Soaring 2:Warden of Evos Isle,C,-,1,1,0,1.0,25.078173728681904,49.32547939298922,8.082435221435773,15.0,NaN
J25 Zealots 4:Anep, Vizier of Hazoret,C,-,3,2,1,0.6666666666666666,25.06270854111921,48.95588243045138,7.964391296444057,22.5,15.0
JMP Devilish 4:Lightning-Core Excavator,C,-,2,1,1,0.5,25.04972124088008,46.770868302420915,7.240382353846946,22.0,17.0
J22 Gross 2:Durable Coilbug,C,-,2,2,0,1.0,25.04040518604753,49.31865501490409,8.092749942952187,21.0,NaN
J22 Gross 2:Grotesque Mutation,C,-,2,2,0,1.0,25.04040518604753,49.31865501490409,8.092749942952187,21.0,NaN
J22 Gross 2:Fungal Infection,C,-,2,2,0,1.0,25.04040518604753,49.31865501490409,8.092749942952187,21.0,NaN
J25 Elves 3:Band Together,C,-,3,1,2,0.3333333333333333,25.03418811437445,44.651125103596705,6.538978996407418,26.0,14.5
JMP Phyrexian:Douse in Gloom,C,-,3,2,1,0.6666666666666666,25.009928651990222,45.20662989225502,6.732233746754934,22.0,18.0
JMP Lightning 1:Lightning Visionary,C,-,2,2,0,1.0,24.987984390787208,49.34402933588769,8.118681648366827,23.5,NaN
JMP Well-Read 4:Oneirophage,C,-,1,1,0,1.0,24.972742822879738,49.505663524240774,8.177640233787011,22.0,NaN
J25 Armed 3:Flutterfox,C,-,1,1,0,1.0,24.8898429800215,49.26426360384544,8.124806874607982,15.0,NaN
JMP Vampires 2:Eternal Thirst,C,-,1,1,0,1.0,24.88062092019876,49.242004165683205,8.120461081828148,19.0,NaN
JMP Vampires 2:Gloom Sower,C,-,1,1,0,1.0,24.88062092019876,49.242004165683205,8.120461081828148,19.0,NaN
J22 Cruel 1:Wicked Guardian,C,-,3,2,1,0.6666666666666666,24.872471692345762,45.33535466925754,6.820960992303926,25.0,17.0
JMP Pirates 1:Kitesail Corsair,C,-,2,2,0,1.0,24.864953083511928,49.14033483370161,8.091793916729893,14.0,NaN
J22 Rats:Typhoid Rats,C,-,2,2,0,1.0,24.863759441523744,49.26521013011581,8.133816896197356,24.0,NaN
J22 Rats:Ulcerate,C,-,2,2,0,1.0,24.863759441523744,49.26521013011581,8.133816896197356,24.0,NaN
J22 Rats:Burglar Rat,C,-,2,2,0,1.0,24.863759441523744,49.26521013011581,8.133816896197356,24.0,NaN
JMP Vampires 2:Gifted Aetherborn,C,-,2,1,1,0.5,24.85372714549547,49.23537595269668,8.12721626906707,19.0,27.0
JMP Under the Sea 1:Pursued Whale,C,-,1,1,0,1.0,24.852062117576345,49.17395853840471,8.107298806942788,22.0,NaN
J22 Elves 2:Band Together,C,-,2,2,0,1.0,24.846357499147906,49.29291490481707,8.148852468556386,23.5,NaN
JMP Dogs 2:Cathar's Companion,C,-,2,1,1,0.5,24.845447210647137,48.69027826777755,7.948277019043472,27.0,21.0
J22 Treasure 2:Rapacious Dragon,C,-,5,4,1,0.8,24.837565252341268,45.17834711281615,6.780260620158294,20.75,40.0
J22 Rats:Sinuous Vermin,C,-,1,1,0,1.0,24.830005546234617,49.233856205946076,8.134616886570486,28.0,NaN
J22 Wolves 4:Bounding Wolf,C,-,1,1,0,1.0,24.830005546234617,49.233856205946076,8.134616886570486,28.0,NaN
J22 Wolves 4:Nightpack Ambusher,C,-,1,1,0,1.0,24.830005546234617,49.233856205946076,8.134616886570486,28.0,NaN
J25 Angels 1:Youthful Valkyrie,C,-,1,1,0,1.0,24.829213713162602,49.05303131819501,8.074605868344136,17.0,NaN
J25 Stoked 4:Akroan Crusader,C,-,1,1,0,1.0,24.815558022779534,49.139895700126615,8.108112559115694,14.0,NaN
J25 Stoked 4:Crimson Wisps,C,-,1,1,0,1.0,24.815558022779534,49.139895700126615,8.108112559115694,14.0,NaN
JMP Plus One 2:Branching Evolution,C,-,1,1,0,1.0,24.808286757207014,49.15836576979265,8.116693004195213,24.0,NaN
JMP Devilish 3:Lightning-Core Excavator,C,-,1,1,0,1.0,24.808286757207014,49.15836576979265,8.116693004195213,24.0,NaN
JMP Plus One 2:Hunter's Edge,C,-,1,1,0,1.0,24.808286757207014,49.15836576979265,8.116693004195213,24.0,NaN
J22 Holy 4:Chains of Custody,C,-,2,1,1,0.5,24.799566769549195,49.16259691783394,8.121010049428248,24.0,15.0
JMP Milling:Belltower Sphinx,C,-,3,3,0,1.0,24.798666307636136,49.38003850802373,8.193790733462532,27.333333333333332,NaN
JMP Plus One 2:Trufflesnout,C,-,2,1,1,0.5,24.78432465078682,49.15638072410841,8.124018691107196,24.0,19.0
JMP Plus One 2:Armorcraft Judge,C,-,2,1,1,0.5,24.782514928645714,49.14762524998029,8.121703440444858,24.0,17.0
JMP Well-Read 4:Runed Servitor,C,-,3,1,2,0.3333333333333333,24.77173517885374,49.04049355363962,8.089586124928628,22.0,16.5
J22 Blink 4:Distinguished Conjurer,C,-,1,1,0,1.0,24.767448632375828,49.12070069096029,8.117750686194821,13.0,NaN
JMP Above the Clouds 4:Roaming Ghostlight,C,-,1,1,0,1.0,24.767448632375828,49.12070069096029,8.117750686194821,13.0,NaN
JMP Smashing 2:Borderland Marauder,C,-,5,3,2,0.6,24.763719051900367,46.65071570167161,7.295665549923747,20.0,25.0
J22 Gross 4:Blight Keeper,C,-,2,1,1,0.5,24.74801579011433,47.68015752770144,7.64404724586237,13.0,19.0
J22 Morbid 2:Reassembling Skeleton,C,-,3,1,2,0.3333333333333333,24.745532587894644,44.215832826372306,6.490100079492554,21.0,25.0
J22 Gross 3:Skullslither Worm,C,-,2,2,0,1.0,24.744468111920504,49.134354288324374,8.12996205880129,24.5,NaN
JMP Pirates 1:Corsair Captain,C,-,2,2,0,1.0,24.74344233788284,49.0871832482571,8.114580303458085,17.0,NaN
JMP Pirates 1:Pirate's Cutlass,C,-,2,2,0,1.0,24.74344233788284,49.0871832482571,8.114580303458085,17.0,NaN
J22 Ferocious 2:Ilysian Caryatid,C,-,1,1,0,1.0,24.741118062139137,49.27567860888936,8.17818684891674,28.0,NaN
J22 Ferocious 2:Colossal Majesty,C,-,1,1,0,1.0,24.741118062139137,49.27567860888936,8.17818684891674,28.0,NaN
J22 Boneyard 2:Liliana's Elite,C,-,2,2,0,1.0,24.74037402931033,49.137983499244676,8.132536489978115,18.5,NaN
J22 Think Again 3:Mystic Skyfish,C,-,3,1,2,0.3333333333333333,24.72408836636867,45.10434927404039,6.793420302557239,25.0,25.0
J25 Ghastly 3:Morkrut Behemoth,C,-,2,2,0,1.0,24.72386121123168,49.07687706603638,8.117671951601567,23.0,NaN
J25 Ghastly 3:Tragic Slip,C,-,2,2,0,1.0,24.72386121123168,49.07687706603638,8.117671951601567,23.0,NaN
JMP Pirates 1:Chart a Course,C,-,1,1,0,1.0,24.71811935099366,49.058861425902776,8.113580691636372,17.0,NaN
J25 Ghastly 3:Blood Beckoning,C,-,1,1,0,1.0,24.71811935099366,49.058861425902776,8.113580691636372,17.0,NaN
JMP Pirates 1:Sailor of Means,C,-,1,1,0,1.0,24.71811935099366,49.058861425902776,8.113580691636372,17.0,NaN
J22 Goblins 4:Goblin Rally,C,-,3,2,1,0.6666666666666666,24.71491390271102,48.63708551448855,7.974057203925842,17.0,15.0
JMP Reanimated 1:Crow of Dark Tidings,C,-,2,2,0,1.0,24.70744614530448,49.197558201551544,8.163370685415687,17.5,NaN
JMP Vampires 4:Silversmote Ghoul,C,-,1,1,0,1.0,24.697653399607336,49.180322991963344,8.16088986411867,21.0,NaN
JMP Vampires 4:Falkenrath Noble,C,-,1,1,0,1.0,24.697653399607336,49.180322991963344,8.16088986411867,21.0,NaN
JMP Vampires 4:Gloom Sower,C,-,1,1,0,1.0,24.697653399607336,49.180322991963344,8.16088986411867,21.0,NaN
JMP Reanimated 1:Eliminate,C,-,1,1,0,1.0,24.697653399607336,49.180322991963344,8.16088986411867,21.0,NaN
JMP Reanimated 1:Crypt Lurker,C,-,1,1,0,1.0,24.697653399607336,49.180322991963344,8.16088986411867,21.0,NaN
JMP Vampires 4:Bloodbond Vampire,C,-,1,1,0,1.0,24.697653399607336,49.180322991963344,8.16088986411867,21.0,NaN
JMP Vampires 4:Mark of the Vampire,C,-,1,1,0,1.0,24.697653399607336,49.180322991963344,8.16088986411867,21.0,NaN
JMP Reanimated 1:Funeral Rites,C,-,1,1,0,1.0,24.697653399607336,49.180322991963344,8.16088986411867,21.0,NaN
J25 Armed 4:Militant Inquisitor,C,-,2,2,0,1.0,24.6928364596986,49.26457689760813,8.190580145969843,26.5,NaN
J22 Goblins 4:Rummaging Goblin,C,-,4,3,1,0.75,24.684676225521805,48.09965235596294,7.804992043480377,16.0,13.0
J22 Gross 4:Ophiomancer,C,-,2,1,1,0.5,24.672537674947993,47.3967921517751,7.574751492275703,13.0,18.0
J22 Gross 4:Vermin Gorger,C,-,2,1,1,0.5,24.672537674947993,47.3967921517751,7.574751492275703,13.0,18.0
J25 Landfall 2:Sutina, Speaker of the Tajuru,C,-,5,1,4,0.2,24.66069692762855,42.562135945881074,5.967146339417509,17.0,26.75
J25 Landfall 4:Baloth Woodcrasher,C,-,3,1,2,0.3333333333333333,24.621317156363435,45.23683914276645,6.871840662134338,19.0,22.0
J25 Prideful:Take Up the Shield,C,-,2,1,1,0.5,24.61782854897431,47.49853549805911,7.626902316361601,19.0,24.0
J25 Dragons 1:Sparktongue Dragon,C,-,5,2,3,0.4,24.605752133521634,42.38112849345528,5.925125453311216,22.5,22.666666666666668
JMP Spooky 3:Caged Zombie,C,-,2,1,1,0.5,24.60474014193602,48.955612761154896,8.116957539739625,15.0,21.0
JMP Tree Hugging 2:Wall of Blossoms,C,-,3,3,0,1.0,24.59057192766405,49.04679558913249,8.152074553822814,22.0,NaN
JMP Wizards 1:Read the Tides,C,-,2,2,0,1.0,24.556216386735436,48.97313671357234,8.138973442278967,23.0,NaN
JMP Wizards 1:Shipwreck Dowser,C,-,2,2,0,1.0,24.556216386735436,48.97313671357234,8.138973442278967,23.0,NaN
J22 Think Again 4:Teferi's Protege,C,-,3,3,0,1.0,24.5542731983995,48.90778254172998,8.117836447776826,18.0,NaN
J25 Ghastly 1:Blood Beckoning,C,-,1,1,0,1.0,24.548957251811,48.99709048988566,8.149377746024886,24.0,NaN
J22 Wolves 3:Hunger of the Howlpack,C,-,3,2,1,0.6666666666666666,24.53034130750719,47.620198321680974,7.696619004724595,24.5,30.0
J22 Wolves 4:Spectral Hunt-Caller,C,-,1,1,0,1.0,24.517582455560614,49.14839933411133,8.21027229285024,32.0,NaN
J22 Wolves 4:Pestilent Wolf,C,-,1,1,0,1.0,24.517582455560614,49.14839933411133,8.21027229285024,32.0,NaN
J22 Merfolk 1:River Sneak,C,-,3,1,2,0.3333333333333333,24.493213113931063,44.22734684702141,6.578044577696782,16.0,17.0
JMP Well-Read 1:Tolarian Kraken,C,-,1,1,0,1.0,24.487855364604997,48.89087377911744,8.134339471504148,17.0,NaN
JMP Reanimated 1:Reanimate,C,-,3,2,1,0.6666666666666666,24.481792432469685,48.74003886895352,8.086082145494611,17.5,21.0
J22 Boneyard 2:Shadowborn Demon,C,-,3,2,1,0.6666666666666666,24.480464064217163,45.28734144020728,6.9356257919967055,19.5,31.0
JMP Reanimated 1:Tithebearer Giant,C,-,2,1,1,0.5,24.47207671244043,48.72232298878662,8.083415425448731,21.0,21.0
JMP Reanimated 1:Mire Triton,C,-,2,1,1,0.5,24.472076712440423,48.722322988786615,8.083415425448731,21.0,21.0
J22 Wolves 1:Fierce Witchstalker,C,-,3,2,1,0.6666666666666666,24.459347657573744,43.364403639351934,6.301685327259397,24.0,19.0
J22 Wolves 3:Kessig Cagebreakers,C,-,2,1,1,0.5,24.45535436672656,47.55785561852163,7.700833750598356,27.0,30.0
J22 Gigantic 1:Ondu Giant,C,-,1,1,0,1.0,24.424345205278705,48.91869297613179,8.16478259028436,22.0,NaN
J22 Think Again 4:Mystic Skyfish,C,-,2,2,0,1.0,24.421671370823866,48.81320252144171,8.130510383539281,14.0,NaN
JMP Under the Sea 2:Wishful Merfolk,C,-,5,2,3,0.4,24.42043312380886,43.11338041627806,6.230982430823068,20.5,18.333333333333332
J25 Bookworms 1:Blink of an Eye,C,-,3,1,2,0.3333333333333333,24.40517544009071,45.38174210218809,6.992188887365794,20.0,14.5
J22 Zombies 2:Maalfeld Twins,C,-,4,2,2,0.5,24.381306970406982,46.60304124662073,7.407244758737915,20.5,25.0
J22 Morbid 2:Skirsdag High Priest,C,-,5,2,3,0.4,24.380601416135917,43.635330204983696,6.418242929615927,17.0,21.666666666666668
J22 Cruel 1:Tormented Soul,C,-,1,1,0,1.0,24.378420450275165,48.971582717060805,8.197720755595213,28.0,NaN
JMP Liliana:Liliana, Waker of the Dead,C,-,2,1,1,0.5,24.37424454515947,48.52461178731415,8.05012241405156,28.0,24.0
JMP Wizards 3:Read the Tides,C,-,3,2,1,0.6666666666666666,24.36662230502388,47.0280916399622,7.553823111646106,25.0,29.0
JMP Wizards 3:Talrand's Invocation,C,-,3,2,1,0.6666666666666666,24.36662230502388,47.0280916399622,7.553823111646106,25.0,29.0
JMP Wizards 3:Opt,C,-,3,2,1,0.6666666666666666,24.36662230502388,47.0280916399622,7.553823111646106,25.0,29.0
J22 Raid 2:Swaggering Corsair,C,-,1,1,0,1.0,24.35859791756549,48.92279340305774,8.18806516183075,30.0,NaN
J22 Raid 2:War-Name Aspirant,C,-,1,1,0,1.0,24.35859791756549,48.92279340305774,8.18806516183075,30.0,NaN
J22 Raid 2:Firecannon Blast,C,-,1,1,0,1.0,24.35859791756549,48.92279340305774,8.18806516183075,30.0,NaN
J22 Gigantic 1:Overgrowth,C,-,2,1,1,0.5,24.35499885537606,48.75853295474226,8.1345113664554,22.0,28.0
J22 Gigantic 1:Towering Gibbon,C,-,2,1,1,0.5,24.35499885537606,48.75853295474226,8.1345113664554,22.0,28.0
J25 Prideful:Leonin Vanguard,C,-,3,1,2,0.3333333333333333,24.341323233837933,47.0944199476065,7.584365571256187,19.0,27.5
J25 Prideful:Leonin of the Lost Pride,C,-,3,1,2,0.3333333333333333,24.341323233837933,47.0944199476065,7.584365571256187,19.0,27.5
JMP Wizards 3:Unsubstantiate,C,-,4,2,2,0.5,24.33962009167776,47.021359686569376,7.560579864963872,25.0,28.0
J25 Grave Robbers 4:Shardless Outlander,C,-,4,1,3,0.25,24.338520887644396,42.22138623764748,5.960955116667694,28.0,22.666666666666668
JMP Spooky 4:Plagued Rusalka,C,-,2,1,1,0.5,24.33702173018562,44.34742338386998,6.670133884561453,25.0,20.0
J22 Spirits 1:Not Forgotten,C,-,2,1,1,0.5,24.33549867583434,46.049449048675285,7.237983457613648,19.0,48.0
J25 Clerics 3:Vito, Thorn of the Dusk Rose,C,-,2,2,0,1.0,24.312538107682883,49.0134097410688,8.233623877795305,26.5,NaN
J25 Armed 4:Fencing Ace,C,-,5,4,1,0.8,24.277855146361873,43.36082284885277,6.3609892341636325,23.75,17.0
J25 Clerics 3:Revoke Demise,C,-,1,1,0,1.0,24.275314245330247,48.97727177465499,8.233985843108247,33.0,NaN
J22 Inventive 4:Self-Assembler,C,-,1,1,0,1.0,24.267537333344094,48.795659776320434,8.176040814325447,15.0,NaN
J22 Inventive 4:Gearsmith Prodigy,C,-,1,1,0,1.0,24.267537333344094,48.795659776320434,8.176040814325447,15.0,NaN
J22 Inventive 4:Assembly-Worker,C,-,1,1,0,1.0,24.267537333344094,48.795659776320434,8.176040814325447,15.0,NaN
JMP Wizards 3:Wizard's Retort,C,-,3,1,2,0.3333333333333333,24.262558385103738,46.949927908152596,7.562456507682953,23.0,28.0
J25 Healers 2:Take Up the Shield,C,-,1,1,0,1.0,24.256102023194693,48.81726328122143,8.18705375267558,19.0,NaN
J25 Healers 2:Angel of Vitality,C,-,1,1,0,1.0,24.256102023194693,48.81726328122143,8.18705375267558,19.0,NaN
J22 Spirits 1:Mausoleum Guard,C,-,3,1,2,0.3333333333333333,24.255596036188255,45.936036013499844,7.22681332577053,19.0,33.0
JMP Wizards 1:Exclusion Mage,C,-,4,2,2,0.5,24.243124504403056,48.464113416415984,8.073662970670975,23.0,28.5
J22 Spirits 1:Selfless Spirit,C,-,4,1,3,0.25,24.233104663503436,45.924662221616444,7.230519186037669,19.0,25.333333333333332
J25 Armed 3:Danitha Capashen, Paragon,C,-,3,2,1,0.6666666666666666,24.225866442977598,45.56985036829782,7.114661308440075,20.0,25.0
J25 Armed 3:Faithful Pikemaster,C,-,3,2,1,0.6666666666666666,24.225866442977598,45.56985036829782,7.114661308440075,20.0,25.0
JMP Doctor 4:Alabaster Mage,C,-,2,1,1,0.5,24.210999282446203,48.68672325066143,8.158574656071742,24.0,20.0
J25 Heroes 2:Elite Skirmisher,C,-,1,1,0,1.0,24.171187888355913,48.78919894307497,8.206003684906353,20.0,NaN
J25 Heroes 2:Faithful Pikemaster,C,-,1,1,0,1.0,24.171187888355913,48.78919894307497,8.206003684906353,20.0,NaN
J22 Treasure 4:Improvised Weaponry,C,-,1,1,0,1.0,24.171187888355913,48.78919894307497,8.206003684906353,20.0,NaN
J25 Surprise 4:Vexing Gull,C,-,3,2,1,0.6666666666666666,24.170573631512333,45.158338572867315,6.995921647118327,16.0,20.0
J22 Zombies 3:Dead Weight,C,-,3,2,1,0.6666666666666666,24.166706298473365,48.69943373186082,8.177575811129152,15.5,29.0
J22 Cats 2:King of the Pride,C,-,4,1,3,0.25,24.157175015546084,44.63338471106853,6.8254032318408155,18.0,21.666666666666668
J25 Heroes 2:Fencing Ace,C,-,3,2,1,0.6666666666666666,24.154081969611347,43.76989158136046,6.538603203916371,24.0,18.0
J25 Heroes 2:Chains of Custody,C,-,3,2,1,0.6666666666666666,24.154081969611347,43.76989158136046,6.538603203916371,24.0,18.0
JMP Chandra:Chandra's Magmutt,C,-,4,1,3,0.25,24.14597710835979,46.2787226858934,7.3775818591778695,18.0,19.333333333333332
J25 Explorers 3:Shardless Outlander,C,-,3,1,2,0.3333333333333333,24.138388084109042,45.22957436810293,7.030395427997963,16.0,16.5
J25 Zealots 1:Zealous Conscripts,C,-,2,1,1,0.5,24.13822414700263,47.12046273628565,7.660746196427674,20.0,22.0
JMP Wizards 1:Opt,C,-,2,2,0,1.0,24.131558824260203,48.74600454114476,8.204815238961517,21.5,NaN
J22 Unlucky Thirteen:Sling-Gang Lieutenant,C,-,2,1,1,0.5,24.118944569429317,45.3945917122362,7.091882380935628,26.0,18.0
JMP Rogues 1:Gonti, Lord of Luxury,C,-,1,1,0,1.0,24.110941988397602,48.647831665993074,8.178963225865157,15.0,NaN
J22 Wolves 2:Howlgeist,C,-,1,1,0,1.0,24.092461059841252,48.67911207783081,8.195550339329852,18.0,NaN
J22 Urza's:Runed Servitor,C,-,1,1,0,1.0,24.092461059841252,48.67911207783081,8.195550339329852,18.0,NaN
J25 Nefarious:Krovikan Mist,C,-,5,1,4,0.2,24.09199509189337,41.52110448410468,5.8097031307371045,18.0,18.0
J25 Fun Guys 2:Fungal Plots,C,-,2,2,0,1.0,24.0887551230388,48.90282560731579,8.27135682809233,27.5,NaN
J25 Surprise 4:Spectral Sailor,C,-,4,2,2,0.5,24.086564919677617,45.05592054750592,6.989785209276101,16.0,21.0
J25 Fun Guys 2:Slimy Piper,C,-,2,2,0,1.0,24.077270289346863,48.89627214338208,8.273000618011737,19.5,NaN
JMP Wizards 1:Talrand's Invocation,C,-,3,2,1,0.6666666666666666,24.073452236493026,48.64785946029786,8.191469074601612,21.5,26.0
J25 Grave Robbers 1:Gorging Vulture,C,-,1,1,0,1.0,24.06861103412747,48.84216677286592,8.257851912912818,38.0,NaN
JMP Tree Hugging 3:Ambassador Oak,C,-,2,1,1,0.5,24.0630365109976,48.668010175947735,8.201657888316712,17.0,29.0
JMP Tree Hugging 3:Snarespinner,C,-,2,1,1,0.5,24.0630365109976,48.668010175947735,8.201657888316712,17.0,29.0
JMP Smashing 2:Flames of the Raze-Boar,C,-,2,2,0,1.0,24.027774026651855,48.73460190802839,8.235609293792178,20.0,NaN
JMP Milling:Wall of Lost Thoughts,C,-,3,1,2,0.3333333333333333,24.02710955435755,48.73200813110183,8.234966192248093,30.0,19.0
J22 Zombies 3:Maalfeld Twins,C,-,2,1,1,0.5,24.017797664581202,48.60820405236985,8.196802129262883,15.0,29.0
J25 Warriors 1:Relic Axe,C,-,4,2,2,0.5,24.011951749428395,41.267339668679156,5.7517959730835875,17.5,16.5
J22 Raid 4:War-Name Aspirant,C,-,3,2,1,0.6666666666666666,24.00671383331172,47.99215953946896,7.995148568719079,18.5,18.0
J22 Raid 4:Keldon Raider,C,-,3,2,1,0.6666666666666666,24.00671383331172,47.99215953946896,7.995148568719079,18.5,18.0
J22 Zombies 3:Lord of the Accursed,C,-,3,2,1,0.6666666666666666,24.004635903890858,48.339480946477245,8.111615014195463,15.5,20.0
J22 Zombies 3:Crow of Dark Tidings,C,-,3,2,1,0.6666666666666666,24.004635903890858,48.339480946477245,8.111615014195463,15.5,20.0
JMP Spellcasting 2:Thrill of Possibility,C,-,1,1,0,1.0,23.997320380255836,48.6597599215664,8.220813180436854,18.0,NaN
J22 Raid 4:Rigging Runner,C,-,1,1,0,1.0,23.992430185372548,48.66611231470559,8.224560709777682,20.0,NaN
JMP Tree Hugging 2:Crushing Canopy,C,-,1,1,0,1.0,23.992430185372548,48.66611231470559,8.224560709777682,20.0,NaN
JMP Spellcasting 2:Double Vision,C,-,2,2,0,1.0,23.977442585011275,48.662220281187466,8.22825923205873,18.5,NaN
J22 Merfolk 2:Soul Read,C,-,1,1,0,1.0,23.9621260233856,48.58854278119559,8.208805585936664,20.0,NaN
J22 Faeries 1:Soul Read,C,-,2,1,1,0.5,23.95654152220752,41.615838664833916,5.8864323808754655,20.0,20.0
J22 Faeries 1:Vendilion Clique,C,-,2,1,1,0.5,23.95654152220752,41.615838664833916,5.8864323808754655,20.0,20.0
JMP Tree Hugging 4:Crushing Canopy,C,-,1,1,0,1.0,23.944150009755838,48.6484969744009,8.234782321548353,16.0,NaN
J25 Elves 4:Llanowar Elves,C,-,1,1,0,1.0,23.941507858544238,48.65483091398259,8.237774351812785,17.0,NaN
J25 Illusions:Oneirophage,C,-,1,1,0,1.0,23.938722247030512,48.59473800519946,8.21867191938965,19.0,NaN
JMP Wizards 1:Talrand, Sky Summoner,C,-,1,1,0,1.0,23.938722247030512,48.59473800519946,8.21867191938965,19.0,NaN
JMP Dinosaurs 3:Thundering Spineback,C,-,2,1,1,0.5,23.92636288595091,48.57329741312318,8.215644842390757,23.0,12.0
J22 Rats:Nezumi Bone-Reader,C,-,2,1,1,0.5,23.92118221214995,46.71482619163524,7.597881326495097,28.0,16.0
J22 Go to School 1:Bury in Books,C,-,1,1,0,1.0,23.902278066851586,48.59325919609722,8.230327043081878,17.0,NaN
J22 Think Again 4:Leave in the Dust,C,-,1,1,0,1.0,23.885958714413754,48.514744550980055,8.209595278855433,13.0,NaN
J25 Elves 4:Overcome,C,-,2,1,1,0.5,23.884456920430495,48.49624723245636,8.203930104008622,17.0,16.0
J25 Elves 4:Voice of the Woods,C,-,2,1,1,0.5,23.884456920430495,48.49624723245636,8.203930104008622,17.0,16.0
J22 Treasure 3:Brazen Freebooter,C,-,2,1,1,0.5,23.883213542748702,48.53007003523847,8.215618830829921,15.0,26.0
J22 Treasure 4:Gadrak, the Crown-Scourge,C,-,3,2,1,0.6666666666666666,23.880767616538478,46.50358692697107,7.540939770144196,19.0,25.0
J22 Constellation 1:Transcendent Envoy,C,-,2,2,0,1.0,23.877965882211058,48.56696499203461,8.229666369941185,15.5,NaN
J22 Constellation 1:Favored of Iroas,C,-,2,2,0,1.0,23.877965882211058,48.56696499203461,8.229666369941185,15.5,NaN
J25 Grave Robbers 2:Gorex, the Tombshell,C,-,1,1,0,1.0,23.84788090724919,48.598253851331975,8.250124314694261,21.0,NaN
J25 Grave Robbers 2:Necrotic Wound,C,-,1,1,0,1.0,23.84788090724919,48.598253851331975,8.250124314694261,21.0,NaN
J22 Think Again 4:Merfolk Pupil,C,-,2,2,0,1.0,23.843550009568645,48.55201991966682,8.236156636699391,20.5,NaN
J22 Cats 4:Ingenious Leonin,C,-,1,1,0,1.0,23.83036322058977,48.62173173162795,8.263789503679394,23.0,NaN
J25 Goblins 1:Goblin Researcher,C,-,2,1,1,0.5,23.805630816691874,48.23081530522648,8.141728162844869,22.0,19.0
J22 Cats 4:Make a Stand,C,-,2,1,1,0.5,23.7983868140567,48.446901840090575,8.216171675344626,23.0,18.0
J22 Cats 4:Weight of Conscience,C,-,2,1,1,0.5,23.7983868140567,48.446901840090575,8.216171675344626,23.0,18.0
J22 Boneyard 2:Ossuary Rats,C,-,2,1,1,0.5,23.79202208228778,44.7520504684806,6.98667612873094,20.0,31.0
J22 Boneyard 2:Corpse Churn,C,-,2,1,1,0.5,23.79202208228778,44.7520504684806,6.98667612873094,20.0,31.0
J25 Drowned 2:Sudden Insight,C,-,1,1,0,1.0,23.77438182036056,48.56550330716711,8.263707162268851,21.0,NaN
J25 Drowned 2:Neerdiv, Devious Diver,C,-,1,1,0,1.0,23.77438182036056,48.56550330716711,8.263707162268851,21.0,NaN
JMP Lightning 1:Lightning Axe,C,-,3,2,1,0.6666666666666666,23.770626235357895,48.50518252972574,8.244852098122614,22.5,21.0
J22 Treasure 2:Improvised Weaponry,C,-,3,2,1,0.6666666666666666,23.76809949069566,44.36303312693401,6.864977878746117,24.0,40.0
J25 Of the Coast 2:Shipwreck Dowser,C,-,1,1,0,1.0,23.761886318635888,48.57110613027136,8.269739937211824,27.0,NaN
J25 Of the Coast 2:Tidepool Turtle,C,-,1,1,0,1.0,23.761886318635888,48.57110613027136,8.269739937211824,27.0,NaN
J22 Insects 1:Giant Ladybug,C,-,1,1,0,1.0,23.761886318635888,48.57110613027136,8.269739937211824,27.0,NaN
JMP Heavily Armored 3:Mikaeus, the Lunarch,C,-,2,2,0,1.0,23.750703884599634,48.51467189606562,8.254656003821996,17.0,NaN
JMP Wizards 4:Teferi's Protege,C,-,4,2,2,0.5,23.75018683959284,43.310207358430304,6.520006839612488,21.5,21.0
J22 Gross 1:Skullslither Worm,C,-,1,1,0,1.0,23.746487799874973,48.52813814313191,8.26055011441898,26.0,NaN
J22 Raid 3:War-Name Aspirant,C,-,2,2,0,1.0,23.74648755588964,48.505072653713206,8.252861699274522,19.5,NaN
JMP Discarding 2:Slate Street Ruffian,C,-,1,1,0,1.0,23.740282320531296,48.56624254991471,8.275320076461139,31.0,NaN
J22 Raid 1:Swaggering Corsair,C,-,2,1,1,0.5,23.72997839007694,48.508105320895034,8.259375643606031,21.0,38.0
J22 Constellation 1:Blessed Spirits,C,-,1,1,0,1.0,23.723862041117087,48.47779880007893,8.251312252987281,16.0,NaN
J22 Fangs 3:Moment of Craving,C,-,2,2,0,1.0,23.71115108500984,48.45145605693231,8.246768323974157,15.0,NaN
J25 Soaring 2:Majestic Metamorphosis,C,-,2,2,0,1.0,23.709915016891973,48.5325838470441,8.274222943384043,20.0,NaN
J22 Think Again 4:Steelgaze Griffin,C,-,1,1,0,1.0,23.705567992297524,48.455253432890316,8.249895146864263,15.0,NaN
J22 Think Again 4:Soul Read,C,-,1,1,0,1.0,23.705567992297524,48.455253432890316,8.249895146864263,15.0,NaN
J22 Fangs 2:Vampire Envoy,C,-,3,2,1,0.6666666666666666,23.6976756117999,43.85618203353886,6.719502140579651,18.5,18.0
JMP Seismic:Mana Geode,C,-,4,2,2,0.5,23.681276846922657,46.12397466747144,7.480899273516259,22.5,19.0
JMP Goblins 3:Goblin Shortcutter,C,-,1,1,0,1.0,23.680421833456652,48.492873721395135,8.270817295979494,23.0,NaN
JMP Wizards 3:Talrand, Sky Summoner,C,-,2,1,1,0.5,23.67880199294231,48.448541521096004,8.256579842717898,15.0,27.0
JMP Goblins 3:Goblin Chieftain,C,-,2,2,0,1.0,23.676789156812795,48.50184088628019,8.2750172431558,16.0,NaN
JMP Heavily Armored 3:Basri's Acolyte,C,-,2,2,0,1.0,23.676162273104556,48.46986344343899,8.264567056778144,17.0,NaN
JMP Plus One 2:Invigorating Surge,C,-,1,1,0,1.0,23.67142604528135,48.46034106699546,8.262971673904703,20.0,NaN
J25 Armed 2:Hexgold Hoverwings,C,-,1,1,0,1.0,23.668145241987915,48.42723398912854,8.253029582380208,16.0,NaN
J25 Burning:Goblin Fireslinger,C,-,1,1,0,1.0,23.668145241987915,48.42723398912854,8.253029582380208,16.0,NaN
J25 Burning:Wildfire Elemental,C,-,1,1,0,1.0,23.668145241987915,48.42723398912854,8.253029582380208,16.0,NaN
JMP Dragons 2:Dragonlord's Servant,C,-,1,1,0,1.0,23.651401492553333,48.47895896477203,8.275852490739567,16.0,NaN
J22 Primates:Silverback Shaman,C,-,1,1,0,1.0,23.651401492553333,48.47895896477203,8.275852490739567,16.0,NaN
J22 Elves 2:Elven Bow,C,-,2,1,1,0.5,23.645997428955933,46.96985722787457,7.774619932972879,13.0,18.0
J25 Copied 1:Fists of Flame,C,-,2,2,0,1.0,23.638904618726094,48.41764733192218,8.259580904398696,17.0,NaN
J25 Copied 1:Crimson Wisps,C,-,3,2,1,0.6666666666666666,23.632381054750823,48.414013647357855,8.260544197535678,18.0,19.0
JMP Goblins 3:Makeshift Munitions,C,-,2,1,1,0.5,23.63112417732539,48.372628761880236,8.247168194851616,23.0,18.0
J22 Unlucky Thirteen:Soulcage Fiend,C,-,3,1,2,0.3333333333333333,23.6306442724036,44.66506292328868,7.01147288362836,26.0,23.0
J22 Unlucky Thirteen:Triskaidekaphobia,C,-,3,1,2,0.3333333333333333,23.6306442724036,44.66506292328868,7.01147288362836,26.0,23.0
JMP Angels 1:Voice of the Provinces,C,-,1,1,0,1.0,23.629797135216457,48.46665736388192,8.278953409555156,39.0,NaN
J25 Stoked 2:Resistance Skywarden,C,-,1,1,0,1.0,23.629797135216457,48.46665736388192,8.278953409555156,39.0,NaN
J25 Stoked 2:Hearts on Fire,C,-,1,1,0,1.0,23.629797135216457,48.46665736388192,8.278953409555156,39.0,NaN
J25 Stoked 2:Coordinated Assault,C,-,1,1,0,1.0,23.629797135216457,48.46665736388192,8.278953409555156,39.0,NaN
J25 Stoked 2:Dreadhorde Arcanist,C,-,1,1,0,1.0,23.629797135216457,48.46665736388192,8.278953409555156,39.0,NaN
JMP Angels 1:Guardian Idol,C,-,1,1,0,1.0,23.629797135216457,48.46665736388192,8.278953409555156,39.0,NaN
JMP Angels 1:Angelic Edict,C,-,1,1,0,1.0,23.629797135216457,48.46665736388192,8.278953409555156,39.0,NaN
J22 Go to School 1:Tolarian Sentinel,C,-,1,1,0,1.0,23.6287496902167,48.43369870168556,8.268316337156286,22.0,NaN
J22 Go to School 1:Barrin, Tolarian Archmage,C,-,1,1,0,1.0,23.6287496902167,48.43369870168556,8.268316337156286,22.0,NaN
J22 Go to School 1:Elite Instructor,C,-,1,1,0,1.0,23.6287496902167,48.43369870168556,8.268316337156286,22.0,NaN
J22 Go to School 1:Biblioplex Kraken,C,-,1,1,0,1.0,23.6287496902167,48.43369870168556,8.268316337156286,22.0,NaN
J22 Raid 4:Ordeal of Purphoros,C,-,2,1,1,0.5,23.628353536690987,47.76482861094819,8.045491691419068,20.0,18.0
J22 Raid 4:Firecannon Blast,C,-,2,1,1,0.5,23.628353536690987,47.76482861094819,8.045491691419068,20.0,18.0
JMP Plus One 2:Pridemalkin,C,-,3,1,2,0.3333333333333333,23.621007596952005,48.44735460875212,8.275449003933373,20.0,18.0
J22 Holy 3:Serene Steward,C,-,1,1,0,1.0,23.617146457460294,48.4171192536704,8.266657598736701,15.0,NaN
J22 Cruel 1:Termination Facilitator,C,-,3,2,1,0.6666666666666666,23.61214597534312,45.85108814734721,7.412980724001364,22.5,14.0
JMP Plus One 3:Fertilid,C,-,1,1,0,1.0,23.60859588405329,48.38185023839596,8.257751451447557,13.0,NaN
JMP Plus One 3:Arbor Armament,C,-,1,1,0,1.0,23.60859588405329,48.38185023839596,8.257751451447557,13.0,NaN
JMP Basri:Concordia Pegasus,C,-,3,1,2,0.3333333333333333,23.607641925190343,42.900903217513466,6.431087097441042,26.0,18.5
J25 Stoked 2:Hero of the Games,C,-,2,1,1,0.5,23.565309041009446,48.26324793686751,8.232646298619354,39.0,14.0
J22 Fangs 3:Bloodbond Vampire,C,-,1,1,0,1.0,23.55837025892479,48.35879960498679,8.266809782020667,14.0,NaN
J22 Raid 4:Swaggering Corsair,C,-,1,1,0,1.0,23.55116015870663,48.379022406210225,8.2759540825012,17.0,NaN
J22 Merfolk 2:Watertrap Weaver,C,-,2,1,1,0.5,23.54628486328267,47.073813165985655,7.842509434234329,20.0,18.0
J22 Elves 2:Reckless Amplimancer,C,-,1,1,0,1.0,23.545632493165144,48.43237841019047,8.295581972341777,34.0,NaN
J22 Elves 2:Primeval Herald,C,-,1,1,0,1.0,23.545632493165144,48.43237841019047,8.295581972341777,34.0,NaN
J22 Elves 2:Might of the Masses,C,-,1,1,0,1.0,23.545632493165144,48.43237841019047,8.295581972341777,34.0,NaN
JMP Minotaurs 2:Minotaur Sureshot,C,-,3,2,1,0.6666666666666666,23.54054838190128,42.981339923854904,6.4802638473178735,18.0,14.0
J25 Explorers 1:Go Forth,C,-,2,1,1,0.5,23.54038897736837,45.27939302925453,7.246334683962053,19.0,17.0
J25 Copied 2:Uncaged Fury,C,-,1,1,0,1.0,23.538755394367445,48.383304410072704,8.28151633856842,14.0,NaN
J25 Copied 2:Young Pyromancer,C,-,1,1,0,1.0,23.538755394367445,48.383304410072704,8.28151633856842,14.0,NaN
J22 Gigantic 2:Gift of the Gargantuan,C,-,1,1,0,1.0,23.538755394367445,48.383304410072704,8.28151633856842,14.0,NaN
J25 Copied 2:Kiln Fiend,C,-,1,1,0,1.0,23.538755394367445,48.383304410072704,8.28151633856842,14.0,NaN
JMP Wizards 1:Sage's Row Savant,C,-,2,1,1,0.5,23.53767420569885,48.11912845224069,8.193818082180613,27.0,31.0
J22 Speedy:Swift Kick,C,-,1,1,0,1.0,23.535040877866116,48.3651416250991,8.276700249077662,17.0,NaN
J22 Vehicles:Caught in the Brights,C,-,2,2,0,1.0,23.530612479115586,48.37567273493266,8.281686751939024,17.0,NaN
J22 Think Again 3:Faerie Vandal,C,-,3,1,2,0.3333333333333333,23.52971730804021,43.08110046669222,6.51712771955067,25.0,19.0
J22 Morbid 2:Bone Picker,C,-,7,3,4,0.42857142857142855,23.52780456605433,41.82441255343629,6.09886932912732,20.333333333333332,21.75
J22 Primates:Simian Brawler,C,-,1,1,0,1.0,23.52177159313387,48.38470428968257,8.287644232182899,20.0,NaN
JMP Heavily Armored 3:Makeshift Battalion,C,-,1,1,0,1.0,23.52177159313387,48.38470428968257,8.287644232182899,20.0,NaN
JMP Heavily Armored 3:Trusty Retriever,C,-,1,1,0,1.0,23.52177159313387,48.38470428968257,8.287644232182899,20.0,NaN
J22 Teamwork 1:Cage of Hands,C,-,2,1,1,0.5,23.519246546759287,44.17218844689777,6.884313966712828,41.0,28.0
J25 Elves 1:Leaf-Crowned Visionary,C,-,2,2,0,1.0,23.51894100742503,48.385553678831464,8.28887089046881,15.5,NaN
J25 Encounter 2:Invigorating Surge,C,-,3,1,2,0.3333333333333333,23.50524380962612,44.483015434081366,6.992590541485082,17.0,17.5
JMP Wizards 1:Vodalian Arcanist,C,-,1,1,0,1.0,23.502777051853514,48.36288458984593,8.28670251266414,16.0,NaN
J25 Healers 3:Moment of Heroism,C,-,1,1,0,1.0,23.50259177006495,48.38357725464789,8.293661828194313,15.0,NaN
J25 Healers 3:Banisher Priest,C,-,1,1,0,1.0,23.50259177006495,48.38357725464789,8.293661828194313,15.0,NaN
J25 Goblins 4:Fanatical Firebrand,C,-,1,1,0,1.0,23.50259177006495,48.38357725464789,8.293661828194313,15.0,NaN
J25 Healers 3:Kabira Crossroads,C,-,1,1,0,1.0,23.50259177006495,48.38357725464789,8.293661828194313,15.0,NaN
J25 Goblins 4:Goblin Rabblemaster,C,-,1,1,0,1.0,23.50259177006495,48.38357725464789,8.293661828194313,15.0,NaN
J25 Healers 3:Deadly Riposte,C,-,1,1,0,1.0,23.50259177006495,48.38357725464789,8.293661828194313,15.0,NaN
J22 Teamwork 1:Task Force,C,-,5,3,2,0.6,23.499270128387778,44.18330629620289,6.894678722605039,25.333333333333332,25.0
J22 Vehicles:Lita, Mechanical Engineer,C,-,2,1,1,0.5,23.491230235539348,48.29975377773821,8.269507847399622,17.0,22.0
J25 Elves 2:Might of the Masses,C,-,2,2,0,1.0,23.489632632676962,48.34747114071774,8.285946169346925,17.0,NaN
J25 Stalwart 4:Gird for Battle,C,-,1,1,0,1.0,23.48579793388695,48.38475978125471,8.299653949122586,17.0,NaN
J25 Stoked 1:Cleon, Merry Champion,C,-,2,1,1,0.5,23.470659751867174,42.45357407129289,6.32763810647524,15.0,18.0
J25 Elves 1:Dionus, Elvish Archdruid,C,-,3,3,0,1.0,23.46672865963156,48.372633416802906,8.301968252390449,17.666666666666668,NaN
JMP Above the Clouds 2:Lofty Denial,C,-,1,1,0,1.0,23.462633442614454,48.339753825180175,8.29237346085524,20.0,NaN
JMP Above the Clouds 2:Talrand's Invocation,C,-,1,1,0,1.0,23.462633442614454,48.339753825180175,8.29237346085524,20.0,NaN
JMP Wizards 1:Befuddle,C,-,2,1,1,0.5,23.44697644237938,48.26488545416715,8.27263633726259,16.0,26.0
J25 Copied 1:Cyclops Electromancer,C,-,1,1,0,1.0,23.4433625321888,48.31747322594231,8.29137023125117,18.0,NaN
JMP Predatory 4:Ravenous Baloth,C,-,1,1,0,1.0,23.4433625321888,48.31747322594231,8.29137023125117,18.0,NaN
JMP Predatory 4:Affectionate Indrik,C,-,1,1,0,1.0,23.4433625321888,48.31747322594231,8.29137023125117,18.0,NaN
J22 Faeries 2:Stinging Lionfish,C,-,2,1,1,0.5,23.43707328775682,44.95821406047954,7.173713590907574,17.0,16.0
J25 Dinosaurs 2:Rampant Growth,C,-,3,3,0,1.0,23.431468741539145,48.347680711150524,8.30540398987046,16.666666666666668,NaN
J25 Soaring 4:Winged Words,C,-,2,1,1,0.5,23.429748066014476,47.54230128070383,8.037517738229786,17.0,13.0
JMP Cats 1:Pouncing Cheetah,C,-,2,1,1,0.5,23.428788732315212,47.96676083347391,8.179324033719567,15.0,11.0
J22 Landfall 2:Groundswell,C,-,1,1,0,1.0,23.427026548642626,48.28226210146252,8.285078517606632,9.0,NaN
JMP Basri:Tempered Veteran,C,-,2,1,1,0.5,23.426017232706194,45.38750026673705,7.320494344676952,23.0,19.0
JMP Basri:Faith's Fetters,C,-,2,1,1,0.5,23.426017232706194,45.38750026673705,7.320494344676952,23.0,19.0
JMP Basri:Feat of Resistance,C,-,2,1,1,0.5,23.426017232706194,45.38750026673705,7.320494344676952,23.0,19.0
J22 Zombies 3:Gnawing Zombie,C,-,2,2,0,1.0,23.422780610892563,48.31695087972327,8.298056756276903,16.5,NaN
J22 Landfall 2:Canopy Baloth,C,-,2,2,0,1.0,23.417926932553442,48.29022011695089,8.29076439479915,13.5,NaN
JMP Predatory 4:Sylvan Brushstrider,C,-,2,1,1,0.5,23.4166453368006,48.3032096914435,8.295521451547634,18.0,17.0
J25 Dinosaurs 2:Colossal Dreadmaw,C,-,2,2,0,1.0,23.415776545682263,48.32634426864791,8.303522574321882,17.0,NaN
J25 Soaring 4:Cynette, Jelly Drover,C,-,1,1,0,1.0,23.407234034441867,48.285477168833566,8.2927477114639,13.0,NaN
J25 Soaring 4:Majestic Metamorphosis,C,-,1,1,0,1.0,23.407234034441867,48.285477168833566,8.2927477114639,13.0,NaN
J25 Snakes:Taeko, the Patient Avalanche,C,-,2,1,1,0.5,23.404362374313394,47.74770454560248,8.114447390429696,18.0,30.0
J22 Think Again 1:Spectral Sailor,C,-,1,1,0,1.0,23.399231107318123,48.305770481346094,8.302179791342658,19.0,NaN
J22 Think Again 1:Mystic Skyfish,C,-,1,1,0,1.0,23.399231107318123,48.305770481346094,8.302179791342658,19.0,NaN
J22 Think Again 1:Teferi's Protege,C,-,1,1,0,1.0,23.399231107318123,48.305770481346094,8.302179791342658,19.0,NaN
J22 Think Again 1:Drag Under,C,-,1,1,0,1.0,23.399231107318123,48.305770481346094,8.302179791342658,19.0,NaN
J22 Blink 3:Brightmare,C,-,1,1,0,1.0,23.399231107318123,48.305770481346094,8.302179791342658,19.0,NaN
J25 Stoked 4:Young Pyromancer,C,-,4,2,2,0.5,23.386340630961737,46.625848794284146,7.746502721107469,12.0,28.0
J25 Stoked 4:Hero of the Games,C,-,3,1,2,0.3333333333333333,23.382679438753836,46.612912333929486,7.74341096505855,14.0,28.0
JMP Heavily Armored 3:Divine Arrow,C,-,1,1,0,1.0,23.38230159419632,48.28069654058836,8.29946498213068,14.0,NaN
J22 Cats 3:Basri's Acolyte,C,-,1,1,0,1.0,23.38230159419632,48.28069654058836,8.29946498213068,14.0,NaN
J22 Gross 2:Eaten Alive,C,-,1,1,0,1.0,23.380382779864895,48.30104146448967,8.306886228208258,18.0,NaN
J22 Gross 2:Devouring Swarm,C,-,1,1,0,1.0,23.380382779864895,48.30104146448967,8.306886228208258,18.0,NaN
J25 Heroes 1:Tethmos High Priest,C,-,1,1,0,1.0,23.377247308353567,48.29250452524204,8.305085738962823,22.0,NaN
J22 Faeries 2:Spellstutter Sprite,C,-,3,1,2,0.3333333333333333,23.365253350054868,44.513147405587986,7.049298018511039,17.0,16.5
J25 Dinosaurs 2:Topiary Stomper,C,-,2,2,0,1.0,23.350727337398588,48.293027867306996,8.314100176636137,17.0,NaN
J25 Icky 1:Durable Coilbug,C,-,4,2,2,0.5,23.34516523155748,42.15278674401545,6.269207170819324,19.0,30.0
J25 Landfall 3:Territorial Scythecat,C,-,1,1,0,1.0,23.343266767648565,48.26965884461839,8.308797358989942,18.0,NaN
J25 Landfall 3:Murasa Ranger,C,-,1,1,0,1.0,23.343266767648565,48.26965884461839,8.308797358989942,18.0,NaN
J25 Ghastly 3:Morbid Opportunist,C,-,2,2,0,1.0,23.34134169072053,48.28245771603119,8.31370534177022,22.0,NaN
JMP Pirates 1:Voyage's End,C,-,2,2,0,1.0,23.33614823736121,48.26498408302022,8.309611948553002,14.0,NaN
JMP Cats 1:Enlarge,C,-,1,1,0,1.0,23.334847859258396,48.26424066165212,8.309797600797907,15.0,NaN
J25 Dinosaurs 2:Saurian Symbiote,C,-,1,1,0,1.0,23.334804823998702,48.271613538293636,8.312269571431644,18.0,NaN
J22 Think Again 3:Steelgaze Griffin,C,-,4,2,2,0.5,23.334014894312567,43.327921374240525,6.664635493309319,19.0,24.5
J22 Ferocious 3:Hammer of Ruin,C,-,1,1,0,1.0,23.325611531016122,48.27022403127554,8.314870833419805,20.0,NaN
J22 Ferocious 3:Bristling Boar,C,-,1,1,0,1.0,23.325611531016122,48.27022403127554,8.314870833419805,20.0,NaN
JMP Spellcasting 2:Kiln Fiend,C,-,1,1,0,1.0,23.325611531016122,48.27022403127554,8.314870833419805,20.0,NaN
J25 Encounter 1:Mowu, Loyal Companion,C,-,2,1,1,0.5,23.32307670970046,43.0164816518253,6.564468314041615,22.0,22.0
J22 Ferocious 3:Colossal Majesty,C,-,2,1,1,0.5,23.317964748618685,46.235785557535365,7.639273602972226,20.0,11.0
JMP Witchcraft 1:Bloodhunter Bat,C,-,1,1,0,1.0,23.317468512006105,48.26747525497199,8.316668914321962,22.0,NaN
JMP Goblins 1:Goblin Commando,C,-,2,2,0,1.0,23.31379470156608,48.272664016120856,8.319623104851592,25.0,NaN
J22 Constellation 1:Spectral Steel,C,-,1,1,0,1.0,23.3083727448495,48.24035868148564,8.310661978878713,15.0,NaN
J22 Constellation 1:Captivating Unicorn,C,-,1,1,0,1.0,23.3083727448495,48.24035868148564,8.310661978878713,15.0,NaN
J22 Constellation 1:Forced Worship,C,-,1,1,0,1.0,23.3083727448495,48.24035868148564,8.310661978878713,15.0,NaN
J22 Treasure 4:Goldhound,C,-,3,2,1,0.6666666666666666,23.307066216350414,45.945094774384685,7.546009519344757,17.0,22.0
JMP Heavily Armored 3:Tempered Veteran,C,-,1,1,0,1.0,23.306619372856566,48.2353635599071,8.30958139568351,14.0,NaN
J25 Ghastly 2:Bloodgift Demon,C,-,1,1,0,1.0,23.306619372856566,48.2353635599071,8.30958139568351,14.0,NaN
JMP Heavily Armored 3:Battlefield Promotion,C,-,1,1,0,1.0,23.306619372856566,48.2353635599071,8.30958139568351,14.0,NaN
JMP Dragons 1:Dragon Hatchling,C,-,1,1,0,1.0,23.29918671804618,48.23065064226634,8.310487974740054,13.0,NaN
J25 Warriors 1:Soul Sear,C,-,4,3,1,0.75,23.29422740205176,44.08625300359233,6.930675200513524,18.0,18.0
JMP Witchcraft 1:Witch's Cauldron,C,-,2,2,0,1.0,23.2928650854251,48.2676566459791,8.324930520184667,21.0,NaN
J22 Think Again 4:Spectral Sailor,C,-,1,1,0,1.0,23.291311535772387,48.24766273427493,8.318783732834182,26.0,NaN
JMP Devilish 4:Pitchburn Devils,C,-,1,1,0,1.0,23.271164865707384,48.22767221337395,8.318835782555523,19.0,NaN
J25 Vampires 3:Blood Fountain,C,-,1,1,0,1.0,23.271164865707384,48.22767221337395,8.318835782555523,19.0,NaN
J22 Zombies 3:Graf Harvest,C,-,1,1,0,1.0,23.267365353640145,48.223373794140116,8.318669480166657,17.0,NaN
J25 Clerics 2:Archfiend's Vessel,C,-,1,1,0,1.0,23.263677399166806,48.22429560882707,8.320206069886755,17.0,NaN
J25 Clerics 2:Disfigure,C,-,1,1,0,1.0,23.263677399166806,48.22429560882707,8.320206069886755,17.0,NaN
J25 Vampires 2:Vampire of the Dire Moon,C,-,1,1,0,1.0,23.26001093525651,48.22591008350999,8.321966382751159,21.0,NaN
JMP Milling:Teferi's Tutelage,C,-,1,1,0,1.0,23.26001093525651,48.22591008350999,8.321966382751159,21.0,NaN
J22 Inventive 2:Artificer's Epiphany,C,-,1,1,0,1.0,23.25972089941427,48.219007406385316,8.31976216899035,15.0,NaN
J22 Inventive 2:Whirler Rogue,C,-,1,1,0,1.0,23.25972089941427,48.219007406385316,8.31976216899035,15.0,NaN
J22 Inventive 2:Aeronaut Tinkerer,C,-,1,1,0,1.0,23.25972089941427,48.219007406385316,8.31976216899035,15.0,NaN
J22 Inventive 2:Juggernaut,C,-,1,1,0,1.0,23.25972089941427,48.219007406385316,8.31976216899035,15.0,NaN
J22 Eldrazi:Brood Monitor,C,-,1,1,0,1.0,23.258139827362342,48.224230178714116,8.322030117117258,17.0,NaN
JMP Goblins 1:Goblin Instigator,C,-,4,2,2,0.5,23.253331809444855,48.218897803828725,8.32185533146129,25.0,17.5
J25 Dinosaurs 2:Cherished Hatchling,C,-,2,2,0,1.0,23.247190826174908,48.225717449389464,8.32617554107152,16.0,NaN
J25 Armed 1:Danitha Capashen, Paragon,C,-,2,2,0,1.0,23.246969648633907,48.23550501697852,8.329511789448205,30.5,NaN
J22 Detective 3:Skilled Animator,C,-,1,1,0,1.0,23.245370421227147,48.20367128486846,8.319433621213772,14.0,NaN
JMP Discarding 2:Phyrexian Rager,C,-,1,1,0,1.0,23.244055990221675,48.20779467860524,8.321246229461188,15.0,NaN
J25 Elves 1:Bounty of Skemfar,C,-,2,2,0,1.0,23.242970421567133,48.22366929826847,8.326899625567112,19.0,NaN
J22 Constellation 2:Sigil of the Empty Throne,C,-,2,2,0,1.0,23.24034112117363,48.229634671206355,8.329764516677576,19.0,NaN
J22 Constellation 2:Dreadful Apathy,C,-,2,2,0,1.0,23.24034112117363,48.229634671206355,8.329764516677576,19.0,NaN
JMP Garruk:Affectionate Indrik,C,-,1,1,0,1.0,23.239979532126696,48.2065854346264,8.3222019674999,15.0,NaN
J22 Fiery 3:Flame Lash,C,-,1,1,0,1.0,23.239979532126696,48.2065854346264,8.3222019674999,15.0,NaN
J22 Fiery 3:Wildfire Elemental,C,-,1,1,0,1.0,23.239979532126696,48.2065854346264,8.3222019674999,15.0,NaN
JMP Garruk:Garruk's Uprising,C,-,1,1,0,1.0,23.239979532126696,48.2065854346264,8.3222019674999,15.0,NaN
JMP Chandra:Thrill of Possibility,C,-,1,1,0,1.0,23.239307498110183,48.21004034983298,8.323577617240932,18.0,NaN
J25 Clerics 2:Elderfang Disciple,C,-,2,2,0,1.0,23.239142295213036,48.22447975469905,8.328445819828671,15.0,NaN
J25 Clerics 2:Bonecaller Cleric,C,-,2,2,0,1.0,23.239142295213036,48.22447975469905,8.328445819828671,15.0,NaN
JMP Legion 1:Falconer Adept,C,-,1,1,0,1.0,23.236609652752072,48.213810436913406,8.325733594720445,22.0,NaN
JMP Legion 1:Selfless Savior,C,-,1,1,0,1.0,23.236609652752072,48.213810436913406,8.325733594720445,22.0,NaN
J22 Wolves 3:Spectral Hunt-Caller,C,-,1,1,0,1.0,23.236609652752072,48.213810436913406,8.325733594720445,22.0,NaN
JMP Legion 1:Legion's Judgment,C,-,1,1,0,1.0,23.236609652752072,48.213810436913406,8.325733594720445,22.0,NaN
JMP Legion 3:Release the Dogs,C,-,1,1,0,1.0,23.23266561613496,48.217893766248494,8.328409383371179,27.0,NaN
J25 Dinosaurs 2:Commune with Dinosaurs,C,-,1,1,0,1.0,23.23108156997407,48.204213918638786,8.324377449554905,16.0,NaN
J25 Stalwart 3:Take Up the Shield,C,-,4,2,2,0.5,23.22323590901242,45.210252449732856,7.329005513573478,24.5,24.0
J22 Go to School 2:Campus Guide,C,-,2,1,1,0.5,23.221358011282373,48.20166851780366,8.32677016884043,14.0,15.0
J22 Insects 2:Moldgraf Millipede,C,-,2,2,0,1.0,23.220462642308753,48.20581807665994,8.328451811450394,20.5,NaN
JMP Garruk:Drowsing Tyrannodon,C,-,2,1,1,0.5,23.2161322782499,48.2020950727811,8.328654264843733,15.0,20.0
J25 Bloody 3:Blood Feud,C,-,1,1,0,1.0,23.21583407559206,48.19906395448467,8.327743292964204,21.0,NaN
J25 Bloody 3:Vampiric Fury,C,-,1,1,0,1.0,23.21583407559206,48.19906395448467,8.327743292964204,21.0,NaN
J25 Elves 1:Band Together,C,-,2,2,0,1.0,23.2149170747132,48.210333382229436,8.331805435838746,19.5,NaN
JMP Chandra:Fanatical Firebrand,C,-,2,1,1,0.5,23.208161528955248,48.18175659830582,8.324531689783523,18.0,23.0
JMP Wizards 3:Shipwreck Dowser,C,-,2,1,1,0.5,23.206114046840057,48.21110368281766,8.334996545325867,27.0,27.0
J22 Fangs 1:Vampire Envoy,C,-,1,1,0,1.0,23.201128753685737,48.19314497249458,8.33067207293628,22.0,NaN
J22 Zombies 4:Maalfeld Twins,C,-,1,1,0,1.0,23.20062343957911,48.192017173628955,8.330464578016615,18.0,NaN
J22 Zombies 4:Shambling Ghoul,C,-,1,1,0,1.0,23.20062343957911,48.192017173628955,8.330464578016615,18.0,NaN
J25 Stoked 4:Roil Eruption,C,-,3,1,2,0.3333333333333333,23.19503981182395,45.22444891959618,7.343136369257409,14.0,22.5
JMP Wizards 2:Exclusion Mage,C,-,1,1,0,1.0,23.193106046285052,48.18251874306109,8.32980423225868,15.0,NaN
J25 Too Many:Pigment Storm,C,-,2,2,0,1.0,23.191899584104885,48.19964562487951,8.335915346924875,33.0,NaN
J25 Too Many:Goblin Surprise,C,-,2,2,0,1.0,23.191514716563795,48.19370546154393,8.334063581660045,29.5,NaN
J25 Bloody 3:Ivora, Insatiable Heir,C,-,2,1,1,0.5,23.19104658857924,48.198672993054544,8.335875468158434,21.0,18.0
J25 Bloody 3:Blood Petal Celebrant,C,-,2,1,1,0.5,23.19104658857924,48.198672993054544,8.335875468158434,21.0,18.0
J22 Gigantic 2:Towering Gibbon,C,-,2,1,1,0.5,23.18928346184503,47.48519862695908,8.09863838837135,14.0,18.0
J22 Raid 3:Axgard Cavalry,C,-,3,1,2,0.3333333333333333,23.187468041086284,47.23506504277025,8.01586566722799,16.0,26.5
J22 Rats:Chittering Rats,C,-,1,1,0,1.0,23.186684055940532,48.18236238289626,8.331892775651909,20.0,NaN
JMP Legion 4:Faith's Fetters,C,-,2,1,1,0.5,23.18386235211284,44.63334494746676,7.14982753178464,14.0,20.0
JMP Lightning 1:Lightning Elemental,C,-,4,2,2,0.5,23.18342249945846,38.989818029009925,5.268798509850488,21.5,16.5
JMP Chandra:Chandra's Pyreling,C,-,2,1,1,0.5,23.179825440587898,48.08801737345903,8.302730644290378,18.0,18.0
JMP Pirates 1:Coastal Piracy,C,-,1,1,0,1.0,23.17698295123122,48.178397535645644,8.333804861471474,17.0,NaN
J25 Enchanted 4:Spirited Companion,C,-,1,1,0,1.0,23.17698295123122,48.178397535645644,8.333804861471474,17.0,NaN
J25 Enchanted 4:Favored of Iroas,C,-,1,1,0,1.0,23.17698295123122,48.178397535645644,8.333804861471474,17.0,NaN
J25 Stoked 1:Roil Eruption,C,-,3,1,2,0.3333333333333333,23.176185951300482,42.36310433696275,6.395639461887422,19.0,18.0
J25 Bloody 1:Soul Sear,C,-,1,1,0,1.0,23.175665597407722,48.175473913084105,8.333269438558794,20.0,NaN
J22 Inventive 1:Skilled Animator,C,-,1,1,0,1.0,23.175665597407722,48.175473913084105,8.333269438558794,20.0,NaN
J22 Inventive 1:Aviation Pioneer,C,-,1,1,0,1.0,23.175665597407722,48.175473913084105,8.333269438558794,20.0,NaN
J25 Landfall 3:Kazandu Stomper,C,-,1,1,0,1.0,23.174839271605695,48.177513012167104,8.334224580187136,23.0,NaN
J25 Nefarious:Phantasmal Shieldback,C,-,3,1,2,0.3333333333333333,23.173648703672868,47.17783692906741,8.001396075131515,18.0,16.5
JMP Reanimated 4:Goremand,C,-,1,1,0,1.0,23.17339153936115,48.17524970999159,8.333952723543481,26.0,NaN
JMP Reanimated 4:Rise Again,C,-,1,1,0,1.0,23.17339153936115,48.17524970999159,8.333952723543481,26.0,NaN
JMP Reanimated 4:Gloom Sower,C,-,1,1,0,1.0,23.17339153936115,48.17524970999159,8.333952723543481,26.0,NaN
J22 Fangs 2:Vampiric Rites,C,-,1,1,0,1.0,23.17289031922239,48.17682221445794,8.334643965078518,23.0,NaN
J22 Raid 3:Fervent Strike,C,-,1,1,0,1.0,23.17289031922239,48.17682221445794,8.334643965078518,23.0,NaN
J22 Fangs 2:Marauding Blight-Priest,C,-,1,1,0,1.0,23.17289031922239,48.17682221445794,8.334643965078518,23.0,NaN
J22 Fangs 2:Certain Death,C,-,1,1,0,1.0,23.17289031922239,48.17682221445794,8.334643965078518,23.0,NaN
JMP Smashing 4:Borderland Marauder,C,-,1,1,0,1.0,23.16940431732036,48.16738885790323,8.332661513527622,13.0,NaN
JMP Smashing 4:Bloodrage Brawler,C,-,1,1,0,1.0,23.16940431732036,48.16738885790323,8.332661513527622,13.0,NaN
J25 Encounter 3:Saurian Symbiote,C,-,1,1,0,1.0,23.16828264847426,48.16987227601157,8.333863209179102,17.0,NaN
J25 Encounter 3:Duskshell Crawler,C,-,1,1,0,1.0,23.16828264847426,48.16987227601157,8.333863209179102,17.0,NaN
J22 Gigantic 2:Mammoth Spider,C,-,1,1,0,1.0,23.16828264847426,48.16987227601157,8.333863209179102,17.0,NaN
J25 Dinosaurs 2:Thundering Spineback,C,-,1,1,0,1.0,23.165464300291823,48.17070359092589,8.33507976354469,16.0,NaN
JMP Reanimated 1:Goremand,C,-,1,1,0,1.0,23.160806674094715,48.167261453057115,8.3354849263208,14.0,NaN
JMP Reanimated 1:Archfiend's Vessel,C,-,1,1,0,1.0,23.160806674094715,48.167261453057115,8.3354849263208,14.0,NaN
J22 Speedy:Nest Robber,C,-,1,0,1,0.0,23.160744494395427,48.01598004721532,8.285078517606632,NaN,9.0
J25 Bookworms 4:Drag Under,C,-,3,2,1,0.6666666666666666,23.15973040118087,41.87248467224326,6.237584757020797,24.0,20.0
J22 Zombies 4:Liliana's Mastery,C,-,2,1,1,0.5,23.159305334525246,48.117078745048964,8.319257803507906,18.0,17.0
J25 Stoked 4:Infuriate,C,-,1,1,0,1.0,23.15658649786311,48.161938269485304,8.335117257207399,10.0,NaN
J25 Stoked 4:Cleon, Merry Champion,C,-,1,1,0,1.0,23.15658649786311,48.161938269485304,8.335117257207399,10.0,NaN
JMP Feathered Friends 3:Dauntless Onslaught,C,-,1,1,0,1.0,23.15658649786311,48.161938269485304,8.335117257207399,10.0,NaN
J22 Snow:Avalanche Caller,C,-,1,1,0,1.0,23.155943493193437,48.16744842499888,8.337168310601815,29.0,NaN
J25 Ghastly 3:Boneclad Necromancer,C,-,1,1,0,1.0,23.155943493193437,48.16744842499888,8.337168310601815,29.0,NaN
JMP Well-Read 2:Opt,C,-,1,0,1,0.0,23.154711761131487,47.78349759769779,8.209595278855433,NaN,13.0
J25 Bloody 1:Anje's Ravager,C,-,2,2,0,1.0,23.15094694045579,48.175552413367264,8.341535157637159,17.0,NaN
J25 Bloody 1:Flame-Blessed Bolt,C,-,2,2,0,1.0,23.150843548599575,48.175528890125044,8.34156178050849,17.0,NaN
J25 Bloody 1:Stolen Vitality,C,-,2,2,0,1.0,23.150843548599575,48.175528890125044,8.34156178050849,17.0,NaN
J22 Zombies 4:Deadly Plot,C,-,1,0,1,0.0,23.149847358432517,46.10521079031021,7.651787810625898,NaN,11.0
J22 Treasure 1:Sudden Breakthrough,C,-,4,2,2,0.5,23.149008770543606,46.90301019342125,7.9180004742925485,18.0,22.5
JMP Reanimated 4:Crow of Dark Tidings,C,-,2,2,0,1.0,23.148565007500082,48.17530271738785,8.342245903295924,20.5,NaN
J25 Zealots 4:Cartouche of Zeal,C,-,1,1,0,1.0,23.14799346433371,48.16063678163545,8.337547772433915,15.0,NaN
J25 Goblins 3:Krenko, Tin Street Kingpin,C,-,1,1,0,1.0,23.145897096891066,48.15644374767067,8.336848883593202,12.0,NaN
JMP Heavily Armored 1:Cathars' Crusade,C,-,1,0,1,0.0,23.145397645751494,48.04785481872401,8.300819057657506,NaN,16.0
J22 Rats:Eviscerate,C,-,2,1,1,0.5,23.14360267538543,48.013954690734856,8.290117338449809,20.0,18.0
J22 Teamwork 2:Infantry Veteran,C,-,1,0,1,0.0,23.143137555939276,47.91639191028196,8.257751451447561,NaN,13.0
J22 Teamwork 2:Iron Bully,C,-,1,0,1,0.0,23.143137555939276,47.91639191028196,8.257751451447561,NaN,13.0
J22 Think Again 2:Faerie Vandal,C,-,1,1,0,1.0,23.140420756584863,48.15717619478543,8.338918479400188,18.0,NaN
J22 Think Again 2:Opt,C,-,1,1,0,1.0,23.140420756584863,48.15717619478543,8.338918479400188,18.0,NaN
J22 Landfall 2:Snapping Gnarlid,C,-,1,1,0,1.0,23.140420756584863,48.15717619478543,8.338918479400188,18.0,NaN
J22 Think Again 2:Tome Anima,C,-,1,1,0,1.0,23.140420756584863,48.15717619478543,8.338918479400188,18.0,NaN
J22 Think Again 2:Mystic Skyfish,C,-,1,1,0,1.0,23.140420756584863,48.15717619478543,8.338918479400188,18.0,NaN
J22 Think Again 2:Merfolk Pupil,C,-,1,1,0,1.0,23.140420756584863,48.15717619478543,8.338918479400188,18.0,NaN
JMP Well-Read 3:Opt,C,-,1,0,1,0.0,23.139013197628913,47.939442543690916,8.266809782020667,NaN,14.0
J22 Raid 2:Lightning Axe,C,-,1,0,1,0.0,23.136270000168075,48.0945708638094,8.319433621213776,NaN,14.0
JMP Reanimated 2:Goremand,C,-,1,1,0,1.0,23.136211744913687,48.15592989493399,8.339906050006768,27.0,NaN
J25 Fun Guys 2:Verdeloth the Ancient,C,-,1,1,0,1.0,23.136211744913687,48.15592989493399,8.339906050006768,27.0,NaN
J22 Treasure 4:Dutiful Replicator,C,-,1,1,0,1.0,23.135331561321266,48.15380675621595,8.339491731631561,16.0,NaN
JMP Tree Hugging 2:Snarespinner,C,-,4,3,1,0.75,23.13530456457972,45.391226894916734,7.418640776779005,22.0,17.0
JMP Legion 1:Basri's Solidarity,C,-,2,1,1,0.5,23.134752080001107,47.62276097715024,8.162669632383045,22.0,16.0
JMP Devilish 1:Traitorous Greed,C,-,1,1,0,1.0,23.134345342702723,48.1536287242619,8.339761127186392,20.0,NaN
J22 Shapeshifters:Littjara Kinseekers,C,-,1,1,0,1.0,23.134345342702723,48.1536287242619,8.339761127186392,20.0,NaN
JMP Devilish 1:Chained Brute,C,-,1,1,0,1.0,23.134345342702723,48.1536287242619,8.339761127186392,20.0,NaN
J25 Zealots 4:Minotaur Sureshot,C,-,1,0,1,0.0,23.132654533537146,48.1080910163296,8.325145494264152,NaN,17.0
JMP Plus One 2:Ironshell Beetle,C,-,1,1,0,1.0,23.132090818195163,48.15238855221302,8.340099244672619,13.0,NaN
JMP Plus One 2:Nessian Hornbeetle,C,-,1,1,0,1.0,23.132090818195163,48.15238855221302,8.340099244672619,13.0,NaN
JMP Plus One 2:Arbor Armament,C,-,1,1,0,1.0,23.132090818195163,48.15238855221302,8.340099244672619,13.0,NaN
J25 Vampires 1:Skymarch Bloodletter,C,-,1,1,0,1.0,23.131731514758403,48.15221736094737,8.340161948729655,14.0,NaN
JMP Minions 3:Goremand,C,-,1,1,0,1.0,23.130464700569533,48.15266518393406,8.340733494454843,29.0,NaN
JMP Minions 3:Phyrexian Tower,C,-,1,1,0,1.0,23.130464700569533,48.15266518393406,8.340733494454843,29.0,NaN
JMP Goblins 1:Muxus, Goblin Grandee,C,-,1,1,0,1.0,23.130464700569533,48.15266518393406,8.340733494454843,29.0,NaN
JMP Minions 3:Fetid Imp,C,-,1,1,0,1.0,23.130464700569533,48.15266518393406,8.340733494454843,29.0,NaN
JMP Goblins 1:Volley Veteran,C,-,1,1,0,1.0,23.130464700569533,48.15266518393406,8.340733494454843,29.0,NaN
J25 Wizards 2:Shipwreck Dowser,C,-,1,1,0,1.0,23.129421314514374,48.15163583579394,8.340738173759854,20.0,NaN
J25 Wizards 2:Augur of Bolas,C,-,1,1,0,1.0,23.129421314514374,48.15163583579394,8.340738173759854,20.0,NaN
J25 Soaring 4:Stolen by the Fae,C,-,1,1,0,1.0,23.129177291364634,48.15113351933618,8.340652075990514,15.0,NaN
JMP Rogues 2:Nightshade Stinger,C,-,1,1,0,1.0,23.128920953670985,48.15114655820409,8.340741868177702,18.0,NaN
JMP Rogues 2:Stab Wound,C,-,1,1,0,1.0,23.128920953670985,48.15114655820409,8.340741868177702,18.0,NaN
JMP Rogues 2:Corpse Hauler,C,-,1,1,0,1.0,23.128920953670985,48.15114655820409,8.340741868177702,18.0,NaN
JMP Liliana:Goremand,C,-,1,1,0,1.0,23.128274783214856,48.15100241033049,8.340909209038545,17.0,NaN
JMP Vampires 4:Nocturnal Feeder,C,-,3,2,1,0.6666666666666666,23.12767629613675,45.3812910992411,7.417871601034784,15.0,17.0
JMP Vampires 4:Gifted Aetherborn,C,-,3,2,1,0.6666666666666666,23.12767629613675,45.3812910992411,7.417871601034784,15.0,17.0
JMP Goblins 4:Goblin Arsonist,C,-,1,1,0,1.0,23.126165678125968,48.14983805553034,8.341224125801457,12.0,NaN
J25 Bloody 1:Belligerent Guest,C,-,3,3,0,1.0,23.126149565212756,48.175607397179,8.349819277322082,16.0,NaN
JMP Enchanted 1:Anointed Chorister,C,-,1,0,1,0.0,23.125733435551467,48.11517941455759,8.329815326335373,NaN,13.0
JMP Enchanted 1:Blessed Spirits,C,-,1,0,1,0.0,23.125733435551467,48.11517941455759,8.329815326335373,NaN,13.0
JMP Heavily Armored 1:Tempered Veteran,C,-,1,0,1,0.0,23.12555586244696,48.14585359646481,8.340099244672617,NaN,13.0
JMP Garruk:Orazca Frillback,C,-,1,0,1,0.0,23.125330042856774,48.14461342441595,8.339761127186392,NaN,20.0
J25 Wizards 1:Faerie Seer,C,-,1,1,0,1.0,23.125201397505908,48.14970273480179,8.341500445765295,45.0,NaN
J25 Wizards 1:Windcaller Aven,C,-,1,1,0,1.0,23.125201397505908,48.14970273480179,8.341500445765295,45.0,NaN
J25 Too Many:Krenko's Command,C,-,1,1,0,1.0,23.125201397505908,48.14970273480179,8.341500445765295,45.0,NaN
J25 Enchanted 3:Golden-Tail Disciple,C,-,1,1,0,1.0,23.12513351152041,48.14951451392634,8.341460334135311,18.0,NaN
J25 Enchanted 3:Indomitable Will,C,-,1,1,0,1.0,23.12513351152041,48.14951451392634,8.341460334135311,18.0,NaN
J25 Enchanted 3:Sunblade Samurai,C,-,1,1,0,1.0,23.12513351152041,48.14951451392634,8.341460334135311,18.0,NaN
J25 Enchanted 3:Banishing Light,C,-,1,1,0,1.0,23.12513351152041,48.14951451392634,8.341460334135311,18.0,NaN
J22 Ferocious 4:Towering Gibbon,C,-,1,0,1,0.0,23.124962049740624,48.13760536704237,8.337547772433915,NaN,15.0
J25 Elves 1:Arbor Armament,C,-,1,1,0,1.0,23.124762361109706,48.14941501718098,8.34155088535709,21.0,NaN
J25 Landfall 1:Adventure Awaits,C,-,1,1,0,1.0,23.124762361109706,48.14941501718098,8.34155088535709,21.0,NaN
J22 Ferocious 4:Drowsing Tyrannodon,C,-,1,0,1,0.0,23.124735895540802,48.147237837843974,8.340833980767725,NaN,16.0
J22 Ferocious 4:Colossal Majesty,C,-,1,0,1,0.0,23.124735895540802,48.147237837843974,8.340833980767725,NaN,16.0
JMP Smashing 4:Furious Rise,C,-,1,0,1,0.0,23.124731715743163,48.14840409314753,8.341224125801457,NaN,12.0
JMP Pirates 2:Curious Obsession,C,-,1,1,0,1.0,23.124627597120305,48.14930580901504,8.341559403964911,13.0,NaN
JMP Pirates 2:Sailor of Means,C,-,1,1,0,1.0,23.124627597120305,48.14930580901504,8.341559403964911,13.0,NaN
J25 Clerics 2:Dark Bargain,C,-,1,1,0,1.0,23.124627597120305,48.14930580901504,8.341559403964911,13.0,NaN
JMP Witchcraft 1:Tempting Witch,C,-,1,1,0,1.0,23.124564438955293,48.14930139011176,8.341578983718822,20.0,NaN
J22 Fiery 1:Chandra's Pyrohelix,C,-,1,0,1,0.0,23.12452591665825,48.13098069562066,8.335484926320802,NaN,14.0
J22 Fiery 1:Chandra's Magmutt,C,-,1,0,1,0.0,23.12452591665825,48.13098069562066,8.335484926320802,NaN,14.0
J22 Inventive 1:Gearsmith Prodigy,C,-,1,0,1,0.0,23.124512111231716,48.14723973834735,8.340909209038545,NaN,17.0
J22 Inventive 1:Seat of the Synod,C,-,1,0,1,0.0,23.124512111231716,48.14723973834735,8.340909209038545,NaN,17.0
JMP Heavily Armored 1:Trusty Retriever,C,-,1,0,1,0.0,23.124512111231716,48.14723973834735,8.340909209038545,NaN,17.0
J25 Bloody 1:Abandon Reason,C,-,1,1,0,1.0,23.124388876084414,48.149195471929254,8.341602198614947,14.0,NaN
J25 Fun Guys 1:Sporecrown Thallid,C,-,1,0,1,0.0,23.124325898819635,48.1476289172275,8.341101006135956,NaN,17.0
JMP Dragons 2:Lathliss, Dragon Queen,C,-,1,0,1,0.0,23.124325898819635,48.1476289172275,8.341101006135956,NaN,17.0
J25 Fun Guys 1:Shroofus Sproutsire,C,-,1,0,1,0.0,23.124325898819635,48.1476289172275,8.341101006135956,NaN,17.0
J25 Fun Guys 1:Spore Swarm,C,-,1,0,1,0.0,23.124325898819635,48.1476289172275,8.341101006135956,NaN,17.0
J25 Bloody 1:Voldaren Epicure,C,-,1,1,0,1.0,23.124284992552525,48.14917177947877,8.341628928975416,14.0,NaN
J25 Bloody 1:Blood Petal Celebrant,C,-,1,1,0,1.0,23.124284992552525,48.14917177947877,8.341628928975416,14.0,NaN
J22 Cycling 2:Rooting Moloch,C,-,1,1,0,1.0,23.12428492071383,48.149171759920556,8.341628946402242,15.0,NaN
J25 Dinner:Insatiable Appetite,C,-,1,1,0,1.0,23.12428492071383,48.149171759920556,8.341628946402242,15.0,NaN
J25 Dinner:Fierce Witchstalker,C,-,1,1,0,1.0,23.12428492071383,48.149171759920556,8.341628946402242,15.0,NaN
JMP Dragons 2:Dragon Hatchling,C,-,1,0,1,0.0,23.124254651651523,48.14398899051391,8.339911446287463,NaN,17.0
JMP Dragons 2:Sarkhan's Rage,C,-,1,0,1,0.0,23.124254651651523,48.14398899051391,8.339911446287463,NaN,17.0
J22 Scrying 2:Faerie Seer,C,-,1,1,0,1.0,23.12418063742428,48.14913786354747,8.34165240870773,16.0,NaN
J22 Scrying 2:Anchor to the Aether,C,-,1,1,0,1.0,23.12418063742428,48.14913786354747,8.34165240870773,16.0,NaN
J22 Scrying 2:Kenessos, Priest of Thassa,C,-,1,1,0,1.0,23.12418063742428,48.14913786354747,8.34165240870773,16.0,NaN
J22 Scrying 2:Explorer's Scope,C,-,1,1,0,1.0,23.12418063742428,48.14913786354747,8.34165240870773,16.0,NaN
J25 Elves 2:Overcome,C,-,1,1,0,1.0,23.12418063742428,48.14913786354747,8.34165240870773,16.0,NaN
J25 Explorers 1:Razorgrass Invoker,C,-,1,0,1,0.0,23.12414633940469,48.14911008119426,8.341654580596524,NaN,14.0
J22 Urza's:Thaumaturge's Familiar,C,-,1,1,0,1.0,23.124143173308774,48.149124908621936,8.34166057843772,16.0,NaN
J25 Stalwart 4:Banishing Light,C,-,1,0,1,0.0,23.124135504742704,48.149117240055865,8.34166057843772,NaN,16.0
J22 Elves 1:Reclamation Sage,C,-,1,0,1,0.0,23.12403807658021,48.148539413876094,8.341500445765295,NaN,45.0
J22 Elves 1:Reckless Amplimancer,C,-,1,0,1,0.0,23.12403807658021,48.148539413876094,8.341500445765295,NaN,45.0
J22 Elves 1:Elvish Rejuvenator,C,-,1,0,1,0.0,23.12403807658021,48.148539413876094,8.341500445765295,NaN,45.0
J22 Elves 1:Elderleaf Mentor,C,-,1,0,1,0.0,23.12403807658021,48.148539413876094,8.341500445765295,NaN,45.0
JMP Goblins 1:Makeshift Munitions,C,-,1,0,1,0.0,23.12381523475236,48.13845978017881,8.338214848475484,NaN,17.0
JMP Plus One 2:Fertilid,C,-,1,0,1,0.0,23.12381523475236,48.13845978017881,8.338214848475484,NaN,17.0
JMP Spirits 2:Roaming Ghostlight,C,-,1,0,1,0.0,23.123572661057576,48.13342762133378,8.336618320092068,NaN,24.0
J25 Vampires 4:Nazar, the Velvet Fang,C,-,2,1,1,0.5,23.12345617314806,47.62038059111159,8.16564147265451,13.0,19.0
JMP Tree Hugging 3:Gnarled Sage,C,-,1,0,1,0.0,23.12337648137926,48.14557696474379,8.340733494454843,NaN,29.0
JMP Minions 4:Goremand,C,-,1,0,1,0.0,23.123291698276503,48.1397733324497,8.338827211391065,NaN,22.0
J22 Elves 4:Elderleaf Mentor,C,-,1,0,1,0.0,23.122605729347445,48.13480713660699,8.337400469086514,NaN,17.0
JMP Predatory 4:Brindle Shoat,C,-,1,0,1,0.0,23.122605729347445,48.13480713660699,8.337400469086514,NaN,17.0
JMP Predatory 4:Dawntreader Elk,C,-,1,0,1,0.0,23.122605729347445,48.13480713660699,8.337400469086514,NaN,17.0
JMP Vampires 2:Bloodbond Vampire,C,-,1,0,1,0.0,23.122594103723436,48.14231225374374,8.339906050006768,NaN,27.0
J25 Stoked 4:Hearts on Fire,C,-,1,0,1,0.0,23.121134268055783,48.122992438686225,8.333952723543481,NaN,26.0
J25 Elves 3:Dwynen's Elite,C,-,1,0,1,0.0,23.120895881374313,48.09402823003903,8.324377449554905,NaN,16.0
J25 Elves 3:Marwyn, the Nurturer,C,-,1,0,1,0.0,23.120895881374313,48.09402823003903,8.324377449554905,NaN,16.0
J22 Blink 2:Faith's Fetters,C,-,1,0,1,0.0,23.12020143882593,48.115879765781656,8.331892775651909,NaN,20.0
J22 Cats 4:Savannah Lions,C,-,1,0,1,0.0,23.119934174542387,47.97216746472738,8.284077763394997,NaN,18.0
J22 Cats 4:Leonin Scimitar,C,-,1,0,1,0.0,23.119934174542387,47.97216746472738,8.284077763394997,NaN,18.0
J22 Cats 4:Basri's Acolyte,C,-,1,0,1,0.0,23.119934174542387,47.97216746472738,8.284077763394997,NaN,18.0
JMP Plus One 4:Trufflesnout,C,-,1,0,1,0.0,23.119150661697454,48.01754560808949,8.29946498213068,NaN,14.0
J25 Bookworms 1:Reckless Scholar,C,-,1,0,1,0.0,23.11773548826975,48.05507104752595,8.312445186418733,NaN,16.0
JMP Unicorns:Faith's Fetters,C,-,1,0,1,0.0,23.117488038984334,48.12141993421989,8.334643965078518,NaN,23.0
JMP Unicorns:Inspired Charge,C,-,1,0,1,0.0,23.117488038984334,48.12141993421989,8.334643965078518,NaN,23.0
JMP Unicorns:Brightmare,C,-,1,0,1,0.0,23.117488038984334,48.12141993421989,8.334643965078518,NaN,23.0
JMP Unicorns:Cloudshift,C,-,1,0,1,0.0,23.117488038984334,48.12141993421989,8.334643965078518,NaN,23.0
JMP Minions 4:Nocturnal Feeder,C,-,1,0,1,0.0,23.117468947122088,48.088201798844885,8.323577617240932,NaN,18.0
J22 Scrying 2:Octoprophet,C,-,1,0,1,0.0,23.116893888739448,45.11191874368706,7.331674951649205,NaN,13.0
J22 Scrying 2:Preordain,C,-,1,0,1,0.0,23.116893888739448,45.11191874368706,7.331674951649205,NaN,13.0
JMP Spooky 3:Ogre Slumlord,C,-,1,0,1,0.0,23.11594831530059,48.0991781941932,8.327743292964204,NaN,21.0
J25 Fun Guys 1:Spore Crawler,C,-,1,0,1,0.0,23.11594831530059,48.0991781941932,8.327743292964204,NaN,21.0
JMP Spooky 3:Malefic Scythe,C,-,1,0,1,0.0,23.11594831530059,48.0991781941932,8.327743292964204,NaN,21.0
J25 Fun Guys 1:Fungal Plots,C,-,1,0,1,0.0,23.11594831530059,48.0991781941932,8.327743292964204,NaN,21.0
JMP Goblins 1:Boggart Brute,C,-,1,0,1,0.0,23.11483124099896,48.106224975048804,8.330464578016615,NaN,18.0
JMP Spirits 2:Departed Deckhand,C,-,1,0,1,0.0,23.11483124099896,48.106224975048804,8.330464578016615,NaN,18.0
J22 Elves 1:Primeval Herald,C,-,1,0,1,0.0,23.1140625876373,48.070569935303865,8.318835782555523,NaN,19.0
J22 Faeries 2:Stolen by the Fae,C,-,1,0,1,0.0,23.113648419604065,48.111409087160915,8.332586889185617,NaN,20.0
JMP Above the Clouds 2:Keen Glidemaster,C,-,1,0,1,0.0,23.113520805089347,47.65041048268482,8.178963225865157,NaN,15.0
J22 Shapeshifters:Mirror Image,C,-,1,0,1,0.0,23.113328330190544,48.07394653985081,8.320206069886755,NaN,17.0
J22 Dragons 2:Kargan Dragonrider,C,-,1,0,1,0.0,23.113328330190544,48.07394653985081,8.320206069886755,NaN,17.0
J25 Copied 1:Fire Prophecy,C,-,1,0,1,0.0,23.11118955392738,48.09470359364614,8.327838013239585,NaN,19.0
JMP Doctor 3:Swift Response,C,-,1,0,1,0.0,23.11118955392738,48.09470359364614,8.327838013239585,NaN,19.0
J25 Encounter 4:Hungry Megasloth,C,-,1,0,1,0.0,23.110375152980435,48.04559608470196,8.311740310573843,NaN,15.0
J22 Zombies 4:Lord of the Accursed,C,-,1,0,1,0.0,23.107921618611968,48.07401196996374,8.322030117117258,NaN,17.0
J25 Dragons 1:Dragon's Fire,C,-,1,0,1,0.0,23.107921618611968,48.07401196996374,8.322030117117258,NaN,17.0
J22 Think Again 3:Neutralize,C,-,2,1,1,0.5,23.10722176499939,44.82263750589837,7.238471913632993,16.0,28.0
J22 Rats:Ashcoat of the Shadow Swarm,C,-,1,0,1,0.0,23.106658228981985,47.98076892273549,8.29137023125117,NaN,18.0
J22 Rats:Crypt Rats,C,-,1,0,1,0.0,23.106658228981985,47.98076892273549,8.29137023125117,NaN,18.0
JMP Liliana:Rise Again,C,-,2,2,0,1.0,23.10648467572855,48.15249444690969,8.348669923727048,17.0,NaN
J25 Bloody 2:Falkenrath Celebrants,C,-,2,1,1,0.5,23.105344580385633,44.334780831229345,7.076478750281237,15.0,18.0
JMP Enchanted 2:Face of Divinity,C,-,1,0,1,0.0,23.105307390001784,48.09106575919109,8.328586123063102,NaN,38.0
JMP Enchanted 2:Forced Worship,C,-,1,0,1,0.0,23.105307390001784,48.09106575919109,8.328586123063102,NaN,38.0
J25 Stoked 1:Uncaged Fury,C,-,1,0,1,0.0,23.104608684631977,48.0340014870257,8.309797600797907,NaN,15.0
JMP Rogues 2:Rogue's Gloves,C,-,2,1,1,0.5,23.104006239445944,48.151096039456675,8.34902993333691,18.0,14.0
JMP Rogues 2:Oona's Blackguard,C,-,2,1,1,0.5,23.104006239445944,48.151096039456675,8.34902993333691,18.0,14.0
J22 Vehicles:Aethershield Artificer,C,-,2,1,1,0.5,23.103124485457247,48.09505845195831,8.330644655500354,17.0,22.0
J22 Ferocious 4:Giant Ladybug,C,-,1,0,1,0.0,23.100619745365375,47.92209210334424,8.273824119326289,NaN,15.0
J25 Grave Robbers 3:Boneclad Necromancer,C,-,1,0,1,0.0,23.100619745365375,47.92209210334424,8.273824119326289,NaN,15.0
J22 Experimental 2:Electrify,C,-,2,0,2,0.0,23.09878186128153,48.065416047750006,8.322211395489491,NaN,17.5
J25 Elves 4:Reckless Amplimancer,C,-,1,0,1,0.0,23.096093893369304,47.98943915378641,8.297781753472368,NaN,16.0
J22 Morbid 1:Morkrut Banshee,C,-,1,0,1,0.0,23.096093893369304,47.98943915378641,8.297781753472368,NaN,16.0
J25 Goblins 1:Krenko's Command,C,-,1,0,1,0.0,23.095120232315764,48.0803483824293,8.328409383371179,NaN,27.0
J22 Demons 1:Inner Demon,C,-,1,0,1,0.0,23.095120232315764,48.0803483824293,8.328409383371179,NaN,27.0
J22 Snow:Chillerpillar,C,-,3,1,2,0.3333333333333333,23.09466591399323,47.88648096117381,8.263938349060194,29.0,15.0
JMP Wizards 1:Winged Words,C,-,1,0,1,0.0,23.094228215900323,48.05057941440287,8.318783732834182,NaN,26.0
J25 Zealots 4:Trial of Zeal,C,-,1,0,1,0.0,23.09385766006382,47.6719215831069,8.192687974347693,NaN,15.0
JMP Goblins 4:Makeshift Munitions,C,-,1,0,1,0.0,23.09251789830042,48.02910393559395,8.31219534576451,NaN,21.0
JMP Minions 4:Eliminate,C,-,2,0,2,0.0,23.09158765869002,48.07889249258252,8.3291016112975,NaN,20.0
J25 Stoked 4:Goblin Dark-Dwellers,C,-,1,0,1,0.0,23.090685271168617,46.60197198605501,7.837095571628798,NaN,15.0
J25 Inventive 2:Shimmer Dragon,C,-,1,0,1,0.0,23.090480406547314,48.005737623435785,8.305085738962823,NaN,22.0
JMP Spellcasting 3:Living Lightning,C,-,1,0,1,0.0,23.08959245973561,47.9915313399628,8.300646293409063,NaN,28.0
JMP Spellcasting 3:Shock,C,-,1,0,1,0.0,23.08959245973561,47.9915313399628,8.300646293409063,NaN,28.0
J22 Gigantic 1:Woodborn Behemoth,C,-,1,0,1,0.0,23.08959245973561,47.9915313399628,8.300646293409063,NaN,28.0
JMP Spellcasting 1:Goblin Wizardry,C,-,1,0,1,0.0,23.08926993068332,47.88228645015392,8.264338839823534,NaN,22.0
JMP Spellcasting 1:Thermo-Alchemist,C,-,1,0,1,0.0,23.08926993068332,47.88228645015392,8.264338839823534,NaN,22.0
JMP Spirits 2:Rewind,C,-,2,0,2,0.0,23.08924272226289,48.0905707850647,8.333776020933936,NaN,21.0
J22 Elves 1:Dwynen's Elite,C,-,2,0,2,0.0,23.088937351332646,48.06998997102218,8.327017539896511,NaN,32.0
J22 Elves 1:Band Together,C,-,2,0,2,0.0,23.088937351332646,48.06998997102218,8.327017539896511,NaN,32.0
JMP Heavily Armored 4:High Sentinels of Arashin,C,-,2,0,2,0.0,23.088292665782042,47.89593907800951,8.26921547074249,NaN,15.5
J22 Unlucky Thirteen:Gnawing Zombie,C,-,1,0,1,0.0,23.085932293303777,47.99247166733175,8.302179791342658,NaN,19.0
J22 Unlucky Thirteen:Disciple of Perdition,C,-,1,0,1,0.0,23.085932293303777,47.99247166733175,8.302179791342658,NaN,19.0
J22 Cats 3:Ajani's Pridemate,C,-,1,0,1,0.0,23.08383220150789,48.01427259082876,8.310146796440291,NaN,13.0
JMP Heavily Armored 4:Bulwark Giant,C,-,1,0,1,0.0,23.08340561714286,48.028018117402276,8.314870833419805,NaN,20.0
J25 Angels 1:Inspiring Overseer,C,-,1,0,1,0.0,23.083282609672167,47.70969936748216,8.208805585936664,NaN,20.0
J25 Angels 1:Destroy Evil,C,-,1,0,1,0.0,23.083282609672167,47.70969936748216,8.208805585936664,NaN,20.0
J22 Snow:Pilfering Hawk,C,-,2,1,1,0.5,23.08191728131632,47.95384573978131,8.29064281948833,29.0,16.0
JMP Doctor 4:Angel of Mercy,C,-,1,0,1,0.0,23.081367940931926,47.95848832349765,8.29237346085524,NaN,20.0
J22 Merfolk 2:Crashing Tide,C,-,2,1,1,0.5,23.081288059318307,46.75763536435231,7.892115768344667,20.0,17.0
JMP Archaeology 1:Juggernaut,C,-,1,0,1,0.0,23.081150098797288,47.881122895007394,8.266657598736701,NaN,15.0
JMP Chandra:Pyroclastic Elemental,C,-,2,0,2,0.0,23.08046362564273,47.84302789210928,8.254188088822184,NaN,19.5
J25 Healers 1:Divine Arrow,C,-,1,0,1,0.0,23.0766260951949,47.986150733680155,8.303174879495085,NaN,14.0
JMP Teferi:Exclude,C,-,1,0,1,0.0,23.07654199956329,47.997200684188066,8.306886228208258,NaN,18.0
J25 Encounter 2:Deepwood Denizen,C,-,1,0,1,0.0,23.07654199956329,47.997200684188066,8.306886228208258,NaN,18.0
J25 Encounter 2:Jiang Yanggu, Wildcrafter,C,-,1,0,1,0.0,23.07654199956329,47.997200684188066,8.306886228208258,NaN,18.0
J22 Ferocious 4:Kitesail,C,-,2,0,2,0.0,23.076228121710407,47.910765956305276,8.278179278198289,NaN,15.0
J22 Ferocious 4:Challenger Troll,C,-,2,0,2,0.0,23.076228121710407,47.910765956305276,8.278179278198289,NaN,15.0
J22 Goblins 2:Flame Lash,C,-,2,0,2,0.0,23.07136265369396,47.99951938527115,8.309385577192396,NaN,17.5
J22 Law 2:Law-Rune Enforcer,C,-,1,0,1,0.0,23.07038872289994,47.9149377386052,8.28151633856842,NaN,14.0
JMP Spirits 2:Tome Anima,C,-,3,1,2,0.3333333333333333,23.069442641935062,48.0926444032025,8.341067253755812,13.0,21.0
J22 Constellation 2:Spectral Steel,C,-,3,2,1,0.6666666666666666,23.06892582060805,47.94612956227529,8.292401247222413,19.0,34.0
J22 Constellation 2:Sage's Reverie,C,-,3,2,1,0.6666666666666666,23.06892582060805,47.94612956227529,8.292401247222413,19.0,34.0
JMP Tree Hugging 2:Llanowar Visionary,C,-,3,2,1,0.6666666666666666,23.067357225787887,45.21450668485626,7.382383153022791,23.0,16.0
J22 Cruel 2:Nested Ghoul,C,-,1,0,1,0.0,23.066506589637044,47.820443348598886,8.251312252987281,NaN,16.0
JMP Witchcraft 2:Bubbling Cauldron,C,-,1,0,1,0.0,23.066506589637044,47.820443348598886,8.251312252987281,NaN,16.0
J22 Fangs 3:Ill-Gotten Inheritance,C,-,3,2,1,0.6666666666666666,23.06022003767236,43.961951054993044,6.967243672440229,18.0,17.0
J22 Multi-Headed 2:Benevolent Hydra,C,-,1,0,1,0.0,23.059594435523408,47.864543446992265,8.268316337156286,NaN,22.0
JMP Heavily Armored 2:Secure the Scene,C,-,1,0,1,0.0,23.059594435523408,47.864543446992265,8.268316337156286,NaN,22.0
J25 Armed 4:Ancestral Blade,C,-,3,2,1,0.6666666666666666,23.057974969377106,46.2898281076438,7.743951046088898,26.5,22.0
J22 Zombies 3:Endless Ranks of the Dead,C,-,2,0,2,0.0,23.05598556399934,47.97427501765959,8.306096484553418,NaN,24.0
J22 Zombies 3:Deadly Plot,C,-,2,0,2,0.0,23.05598556399934,47.97427501765959,8.306096484553418,NaN,24.0
JMP Legion 1:Blessed Sanctuary,C,-,1,0,1,0.0,23.04961546316214,47.557591285140944,8.169325273992934,NaN,16.0
J22 Spirits 2:Eidolon of Rhetoric,C,-,1,0,1,0.0,23.0474883853094,47.70350414347833,8.218671919389642,NaN,19.0
J25 Of the Coast 1:Kapsho Kitefins,C,-,1,0,1,0.0,23.0474883853094,47.70350414347833,8.218671919389642,NaN,19.0
J25 Of the Coast 1:Sigiled Starfish,C,-,1,0,1,0.0,23.0474883853094,47.70350414347833,8.218671919389642,NaN,19.0
J25 Of the Coast 1:Tidepool Turtle,C,-,1,0,1,0.0,23.0474883853094,47.70350414347833,8.218671919389642,NaN,19.0
J22 Goblins 1:Volley Veteran,C,-,1,0,1,0.0,23.036084221284305,47.85096128477573,8.271625687830474,NaN,17.0
J22 Teamwork 2:Sandstone Bridge,C,-,1,0,1,0.0,23.032479052857415,47.61913007084697,8.195550339329852,NaN,18.0
J22 Zombies 4:Marauding Boneslasher,C,-,2,1,1,0.5,23.02985496026667,47.908633273460175,8.292926104397836,18.0,34.0
J22 Zombies 3:Gavony Unhallowed,C,-,4,1,3,0.25,23.029472084869752,47.79090154176993,8.253809818966724,17.0,21.333333333333332
J22 Dragons 1:Sarkhan's Rage,C,-,1,0,1,0.0,23.021393225450367,47.245210830482776,8.074605868344136,NaN,17.0
J22 Dragons 1:Sarkhan, the Dragonspeaker,C,-,1,0,1,0.0,23.021393225450367,47.245210830482776,8.074605868344136,NaN,17.0
J22 Cats 3:Weight of Conscience,C,-,2,0,2,0.0,23.017528752569724,47.76488062111987,8.249117289516716,NaN,15.0
J22 Fiery 2:Banefire,C,-,1,0,1,0.0,23.015928596657886,47.78101625103744,8.255029218126518,NaN,18.0
J22 Treasure 3:Dutiful Replicator,C,-,3,0,3,0.0,23.015236696801658,47.50936219834271,8.164708500513683,NaN,21.0
J22 Experimental 2:Goblin Researcher,C,-,1,0,1,0.0,23.014520520055385,47.91348236742314,8.299653949122586,NaN,17.0
JMP Dragons 1:Bathe in Dragonfire,C,-,1,0,1,0.0,23.013020767046697,47.76196531595957,8.249648182970958,NaN,27.0
J25 Drowned 1:Screaming Swarm,C,-,2,1,1,0.5,23.007228465201074,44.31238607943805,7.101719204745659,23.0,26.0
J25 Drowned 1:Silent Departure,C,-,2,1,1,0.5,23.007228465201074,44.31238607943805,7.101719204745659,23.0,26.0
J25 Burning:Chandra's Spitfire,C,-,1,0,1,0.0,23.0043499550479,47.407368369560345,8.134339471504148,NaN,17.0
JMP Well-Read 1:Runed Servitor,C,-,2,0,2,0.0,23.000302245864408,47.49177366789244,8.163823807342677,NaN,16.0
JMP Well-Read 1:Suspicious Bookcase,C,-,2,0,2,0.0,23.000302245864408,47.49177366789244,8.163823807342677,NaN,16.0
JMP Feathered Friends 3:Warded Battlements,C,-,2,1,1,0.5,23.000262034314055,47.81863667200106,8.27279154589567,10.0,23.0
J22 Dragons 1:Dragon Egg,C,-,2,0,2,0.0,22.996453344945465,47.24212989595134,8.081892183668623,NaN,18.5
JMP Predatory 3:Brindle Shoat,C,-,1,0,1,0.0,22.994724556130443,47.83158478479591,8.278953409555156,NaN,39.0
JMP Feathered Friends 3:Aven Gagglemaster,C,-,1,0,1,0.0,22.992916539344264,47.80536842728276,8.270817295979498,NaN,23.0
J25 Surprise 2:Naiad of Hidden Coves,C,-,1,0,1,0.0,22.991725711687074,47.819283183905775,8.275852490739567,NaN,16.0
J25 Enchanted 4:Psemilla, Meletian Poet,C,-,1,0,1,0.0,22.988453662288972,47.77010400554591,8.26055011441898,NaN,26.0
J25 Enchanted 4:Sunblade Samurai,C,-,1,0,1,0.0,22.988453662288972,47.77010400554591,8.26055011441898,NaN,26.0
J22 Experimental 2:Catalyst Elemental,C,-,2,0,2,0.0,22.988273455433593,47.8875200727497,8.299748872438704,NaN,18.5
JMP Under the Sea 1:Sigiled Starfish,C,-,2,1,1,0.5,22.9881583334415,45.453626428897174,7.488489365151891,22.0,23.0
J25 Armed 3:Maul of the Skyclaves,C,-,2,0,2,0.0,22.987672195544295,47.287617445529996,8.099981749995234,NaN,16.5
J22 Detective 3:Floodhound,C,-,2,1,1,0.5,22.979883225553912,47.436427570152254,8.152181448199448,14.0,22.0
J22 Zombies 4:Suspicious Shambler,C,-,1,0,1,0.0,22.979117821461948,47.86586373848728,8.295581972341777,NaN,34.0
J22 Zombies 4:Dead Weight,C,-,1,0,1,0.0,22.979117821461948,47.86586373848728,8.295581972341777,NaN,34.0
J22 Zombies 4:Cellar Door,C,-,1,0,1,0.0,22.979117821461948,47.86586373848728,8.295581972341777,NaN,34.0
JMP Spellcasting 4:Kiln Fiend,C,-,1,0,1,0.0,22.974459929381048,47.50258237235739,8.176040814325447,NaN,15.0
J22 Raid 1:Rigging Runner,C,-,1,0,1,0.0,22.97027673785709,47.65742706681816,8.22905010965369,NaN,23.0
JMP Archaeology 1:Ancestral Statue,C,-,1,0,1,0.0,22.96792959946965,47.7681416753823,8.26673735863755,NaN,20.0
J22 Zombies 3:Mire Triton,C,-,1,0,1,0.0,22.96792959946965,47.7681416753823,8.26673735863755,NaN,20.0
JMP Reanimated 1:Rise Again,C,-,2,1,1,0.5,22.96115021948635,47.71858612065029,8.252478633721315,14.0,21.0
J25 Ne'er-do-wells 1:Thieves' Tools,C,-,1,0,1,0.0,22.958447704639262,47.63212983397231,8.224560709777682,NaN,20.0
J22 Raid 1:Lavastep Raider,C,-,2,0,2,0.0,22.950710530628463,47.77419070856772,8.27449339264642,NaN,38.5
J22 Fangs 1:Oathsworn Vampire,C,-,2,0,2,0.0,22.949694291405514,47.66207157134089,8.237459093311791,NaN,19.0
JMP Reanimated 1:Miasmic Mummy,C,-,1,0,1,0.0,22.94961535326309,47.699988297345875,8.250124314694261,NaN,21.0
JMP Reanimated 1:Cadaver Imp,C,-,1,0,1,0.0,22.94961535326309,47.699988297345875,8.250124314694261,NaN,21.0
J22 Holy 4:Daybreak Chaplain,C,-,1,0,1,0.0,22.94961535326309,47.699988297345875,8.250124314694261,NaN,21.0
JMP Goblins 2:Goblin Commando,C,-,1,0,1,0.0,22.945398209631847,47.64974517427691,8.234782321548353,NaN,16.0
J25 Snakes:Smoke Shroud,C,-,1,0,1,0.0,22.945398209631847,47.64974517427691,8.234782321548353,NaN,16.0
J25 Surprise 4:Soul Read,C,-,2,0,2,0.0,22.944158559461318,47.6455719241931,8.233804454910594,NaN,24.5
J25 Armed 2:Light the Way,C,-,3,2,1,0.6666666666666666,22.939974205039228,43.63692229449119,6.898982696483989,25.5,27.0
J22 Zombies 4:Crow of Dark Tidings,C,-,2,0,2,0.0,22.93764188364844,47.791552429148645,8.28463684850007,NaN,25.5
J22 Goblins 1:Krenko, Mob Boss,C,-,2,0,2,0.0,22.93300461933602,47.26855056523388,8.11184864863262,NaN,16.5
JMP Archaeology 3:Buried Ruin,C,-,1,0,1,0.0,22.93008817925691,47.643411234695265,8.237774351812785,NaN,17.0
J25 Surprise 1:Opt,C,-,1,0,1,0.0,22.93008817925691,47.643411234695265,8.237774351812785,NaN,17.0
J22 Multi-Headed 2:Kujar Seedsculptor,C,-,2,0,2,0.0,22.925883122505258,46.477479440040845,7.850532105845196,NaN,19.5
J25 Soaring 1:Aerial Guide,C,-,2,0,2,0.0,22.92256736114487,47.5952073342684,8.22421332437451,NaN,20.0
J25 Enchanted 2:Cartouche of Solidarity,C,-,1,0,1,0.0,22.918277163579194,47.50277529636049,8.194832710927098,NaN,13.0
J25 Modified:Cultivate,C,-,1,0,1,0.0,22.91791620677101,47.72713601840648,8.269739937211824,NaN,27.0
J25 Modified:Defend the Celestus,C,-,1,0,1,0.0,22.91791620677101,47.72713601840648,8.269739937211824,NaN,27.0
J25 Modified:Cave of Temptation,C,-,1,0,1,0.0,22.91791620677101,47.72713601840648,8.269739937211824,NaN,27.0
JMP Enchanted 2:Celestial Mantle,C,-,1,0,1,0.0,22.91791620677101,47.72713601840648,8.269739937211824,NaN,27.0
J25 Modified:Wolfrider's Saddle,C,-,1,0,1,0.0,22.91791620677101,47.72713601840648,8.269739937211824,NaN,27.0
J25 Modified:Kodama of the West Tree,C,-,1,0,1,0.0,22.91791620677101,47.72713601840648,8.269739937211824,NaN,27.0
JMP Spirits 2:Rattlechains,C,-,3,1,2,0.3333333333333333,22.908403014675134,43.29633350480464,6.79597683004317,16.0,19.0
J25 Prideful:Savannah Lions,C,-,1,0,1,0.0,22.906039369379684,47.7319995987631,8.27532007646114,NaN,31.0
J25 Too Many:Battle-Rattle Shaman,C,-,2,1,1,0.5,22.902081831903516,47.29111197223725,8.12967671344458,45.0,15.0
J25 Explorers 3:Braulios of Pheres Band,C,-,2,1,1,0.5,22.894165534249343,47.236354720862494,8.114063062204384,38.0,13.0
JMP Heavily Armored 1:Secure the Scene,C,-,2,0,2,0.0,22.891340263668855,47.14394960414289,8.084203113491345,NaN,16.5
JMP Lands 2:Elemental Uprising,C,-,1,0,1,0.0,22.891032150883785,47.50904320560284,8.206003684906353,NaN,20.0
JMP Lands 2:Woodborn Behemoth,C,-,1,0,1,0.0,22.891032150883785,47.50904320560284,8.206003684906353,NaN,20.0
J25 Legion 2:Venerated Loxodon,C,-,1,0,1,0.0,22.891032150883785,47.50904320560284,8.206003684906353,NaN,20.0
J25 Encounter 4:Deepwood Denizen,C,-,2,0,2,0.0,22.887275049353835,46.475444264831864,7.86272307182601,NaN,14.5
J25 Encounter 4:Quirion Beastcaller,C,-,2,0,2,0.0,22.887275049353835,46.475444264831864,7.86272307182601,NaN,14.5
J22 Detective 3:Jace's Scrutiny,C,-,1,0,1,0.0,22.88520140169293,47.379549172546014,8.16478259028436,NaN,22.0
J22 Detective 3:Hold for Questioning,C,-,1,0,1,0.0,22.88520140169293,47.379549172546014,8.16478259028436,NaN,22.0
J22 Detective 3:Dutiful Replicator,C,-,1,0,1,0.0,22.88520140169293,47.379549172546014,8.16478259028436,NaN,22.0
JMP Goblins 4:Goblin Commando,C,-,1,0,1,0.0,22.88514190601175,47.67651041704993,8.263789503679394,NaN,23.0
JMP Legion 4:Basri's Solidarity,C,-,2,1,1,0.5,22.882876774836703,47.56030633125279,8.225809852138696,16.0,30.0
JMP Vampires 3:Bloodbond Vampire,C,-,1,0,1,0.0,22.880288429820432,47.57133382597049,8.230348465383353,NaN,22.0
JMP Vampires 3:Exquisite Blood,C,-,1,0,1,0.0,22.880288429820432,47.57133382597049,8.230348465383353,NaN,22.0
JMP Vampires 3:Sanguine Indulgence,C,-,1,0,1,0.0,22.880288429820432,47.57133382597049,8.230348465383353,NaN,22.0
J25 Armed 4:Thopter Architect,C,-,2,1,1,0.5,22.87999344136908,46.15797519533681,7.759327251322576,32.0,22.0
J25 Vampires 4:Exsanguinate,C,-,2,0,2,0.0,22.876077894214873,47.40655528455015,8.176825796778425,NaN,20.0
JMP Spooky 2:Dutiful Attendant,C,-,2,0,2,0.0,22.874335488574545,47.48591709465464,8.20386053536003,NaN,19.0
J22 Zombies 3:Suspicious Shambler,C,-,3,0,3,0.0,22.874121841271457,47.59650937399054,8.240795844239695,NaN,22.666666666666668
JMP Spellcasting 4:Lightning Visionary,C,-,3,0,3,0.0,22.874001119746524,47.2409095354416,8.122302805231692,NaN,15.333333333333334
J22 Treasure 4:Blood Aspirant,C,-,2,1,1,0.5,22.866073933591256,47.57599488103384,8.236640315814196,16.0,22.0
J22 Treasure 4:Welding Sparks,C,-,2,1,1,0.5,22.866073933591256,47.57599488103384,8.236640315814196,16.0,22.0
J25 Stalwart 3:Urdnan, Dromoka Warrior,C,-,1,0,1,0.0,22.85301842071755,47.30115165879221,8.149377746024886,NaN,24.0
J22 Cruel 4:Conductor of Cacophony,C,-,1,0,1,0.0,22.85301842071755,47.30115165879221,8.149377746024886,NaN,24.0
J22 Cruel 4:Hooded Assassin,C,-,1,0,1,0.0,22.85301842071755,47.30115165879221,8.149377746024886,NaN,24.0
J22 Fangs 3:Creeping Bloodsucker,C,-,3,2,1,0.6666666666666666,22.84763646267098,43.8297547813867,6.994039439571906,19.0,17.0
J22 Fangs 3:Oathsworn Vampire,C,-,3,2,1,0.6666666666666666,22.84763646267098,43.8297547813867,6.994039439571906,19.0,17.0
JMP Rogues 1:Lawless Broker,C,-,3,2,1,0.6666666666666666,22.84414351744995,45.96561837994414,7.707158287498063,15.0,24.0
J22 Landfall 2:Oashra Cultivator,C,-,1,0,1,0.0,22.834008771204147,47.15834644855121,8.108112559115687,NaN,14.0
JMP Goblins 4:Goblin Rally,C,-,2,0,2,0.0,22.827971832942374,47.55861338355418,8.243547183537268,NaN,22.0
J22 Insects 1:Hunter's Edge,C,-,1,0,1,0.0,22.824764605134284,47.41561685731945,8.196950750728389,NaN,24.0
J22 Insects 1:Caustic Caterpillar,C,-,1,0,1,0.0,22.824764605134284,47.41561685731945,8.196950750728389,NaN,24.0
J22 Insects 1:Ironshell Beetle,C,-,1,0,1,0.0,22.824764605134284,47.41561685731945,8.196950750728389,NaN,24.0
J25 Snakes:Network Disruptor,C,-,3,1,2,0.3333333333333333,22.806686292919657,47.03154175448193,8.074951820520758,13.0,23.0
JMP Goblins 4:Goblin Instigator,C,-,3,1,2,0.3333333333333333,22.804716019319443,47.55930478940391,8.251529590028156,12.0,22.0
JMP Dinosaurs 2:Colossal Dreadmaw,C,-,1,0,1,0.0,22.80238718944483,47.124283610273196,8.107298806942788,NaN,22.0
J22 Raid 4:Brazen Cannonade,C,-,1,0,1,0.0,22.801547776982773,47.240492211106364,8.14631481137453,NaN,18.0
J25 Landfall 1:Harrow,C,-,3,2,1,0.6666666666666666,22.800769869259646,45.43409210524087,7.5444407453270745,16.5,18.0
J22 Gigantic 2:Runadi, Behemoth Caller,C,-,3,1,2,0.3333333333333333,22.796979525172414,47.257882261990936,8.153634245606174,17.0,17.0
J22 Wolves 2:Arlinn, Voice of the Pack,C,-,1,0,1,0.0,22.789797366299567,47.139876378885205,8.116693004195213,NaN,24.0
JMP Heavily Armored 4:Makeshift Battalion,C,-,2,0,2,0.0,22.779271918579706,47.00286255377223,8.074530211730842,NaN,17.5
J22 Gigantic 2:Paradise Druid,C,-,2,0,2,0.0,22.778102269539623,47.23586875107123,8.152588827177203,NaN,17.0
J22 Raid 1:Keldon Raider,C,-,3,0,3,0.0,22.77048295609717,47.28988460709238,8.173133883665072,NaN,33.333333333333336
J22 Raid 1:Plundering Predator,C,-,3,0,3,0.0,22.77048295609717,47.28988460709238,8.173133883665072,NaN,33.333333333333336
J22 Elves 2:Dwynen's Elite,C,-,2,1,1,0.5,22.764972726664713,46.37386023423768,7.86962916919099,34.0,18.0
JMP Spooky 2:Crypt Lurker,C,-,2,0,2,0.0,22.76310982280695,47.099458388664445,8.112116188619165,NaN,19.5
J22 Experimental 2:Firebolt,C,-,4,1,3,0.25,22.761873097645022,46.88660933220734,8.041578744854107,15.0,16.333333333333332
J25 Grave Robbers 2:Gorging Vulture,C,-,2,1,1,0.5,22.743875792467385,46.38418884266043,7.8801043500643475,21.0,23.0
J25 Grave Robbers 2:Fake Your Own Death,C,-,2,1,1,0.5,22.743875792467385,46.38418884266043,7.8801043500643475,21.0,23.0
J25 Angels 2:Herald of the Sun,C,-,2,1,1,0.5,22.74129432178552,44.16999798919797,7.142901222470815,26.0,18.0
J22 Zombies 2:Cemetery Recruitment,C,-,4,2,2,0.5,22.736114784162993,44.325014077148765,7.19629976432859,20.5,23.5
J22 Unlucky Thirteen:Blight Keeper,C,-,1,0,1,0.0,22.73349716483129,47.32665943161693,8.197720755595213,NaN,28.0
J22 Spicy:Auntie Blyte, Bad Influence,C,-,1,0,1,0.0,22.73349716483129,47.32665943161693,8.197720755595213,NaN,28.0
J22 Unlucky Thirteen:Tragic Slip,C,-,1,0,1,0.0,22.73349716483129,47.32665943161693,8.197720755595213,NaN,28.0
J22 Spicy:Aftershock,C,-,1,0,1,0.0,22.73349716483129,47.32665943161693,8.197720755595213,NaN,28.0
J22 Spicy:Goblin Artillery,C,-,1,0,1,0.0,22.73349716483129,47.32665943161693,8.197720755595213,NaN,28.0
J22 Spicy:Impending Doom,C,-,1,0,1,0.0,22.73349716483129,47.32665943161693,8.197720755595213,NaN,28.0
J22 Eldrazi:Warped Landscape,C,-,2,1,1,0.5,22.728507944075133,47.47652585648671,8.249339304137193,17.0,30.0
J25 Bookworms 3:Lat-Nam Adept,C,-,1,0,1,0.0,22.725457091381344,46.97276275568866,8.082435221435773,NaN,15.0
J22 Law 4:Arrest,C,-,1,0,1,0.0,22.725457091381344,46.97276275568866,8.082435221435773,NaN,15.0
JMP Enchanted 2:Staunch Shieldmate,C,-,3,0,3,0.0,22.716988175831077,47.33210346115367,8.205038428440865,NaN,29.333333333333332
JMP Enchanted 2:Stone Haven Pilgrim,C,-,3,0,3,0.0,22.716988175831077,47.33210346115367,8.205038428440865,NaN,29.333333333333332
JMP Heavily Armored 1:Lightwalker,C,-,1,0,1,0.0,22.71535054367867,46.67510481953881,7.9865847586200465,NaN,17.0
J25 Treasures 2:Fake Your Own Death,C,-,1,0,1,0.0,22.71500583015405,47.05573040253,8.113574857458651,NaN,20.0
JMP Spooky 4:Dutiful Attendant,C,-,2,1,1,0.5,22.714373444051418,42.699092762532324,6.6615731061603025,25.0,22.0
J25 Bloody 2:Soul Sear,C,-,2,0,2,0.0,22.706975855122657,47.27191731799524,8.188313820957527,NaN,11.0
JMP Above the Clouds 4:Kira, Great Glass-Spinner,C,-,3,2,1,0.6666666666666666,22.701243726294457,43.96667345542293,7.088476576376157,14.0,24.0
JMP Above the Clouds 4:Keen Glidemaster,C,-,3,2,1,0.6666666666666666,22.701243726294457,43.96667345542293,7.088476576376157,14.0,24.0
JMP Seismic:Spitting Earth,C,-,1,0,1,0.0,22.69485473751024,47.05623798299469,8.120461081828148,NaN,19.0
JMP Predatory 1:Sabertooth Mauler,C,-,1,0,1,0.0,22.682519637073497,47.45607537581195,8.257851912912818,NaN,38.0
J25 Inventive 1:Ornithopter of Paradise,C,-,1,0,1,0.0,22.682519637073497,47.45607537581195,8.257851912912818,NaN,38.0
J25 Inventive 1:Experimental Aviator,C,-,1,0,1,0.0,22.682519637073497,47.45607537581195,8.257851912912818,NaN,38.0
J25 Inventive 1:Gearseeker Serpent,C,-,1,0,1,0.0,22.682519637073497,47.45607537581195,8.257851912912818,NaN,38.0
J25 Inventive 1:Whirlermaker,C,-,1,0,1,0.0,22.682519637073497,47.45607537581195,8.257851912912818,NaN,38.0
JMP Predatory 1:Trufflesnout,C,-,1,0,1,0.0,22.682519637073497,47.45607537581195,8.257851912912818,NaN,38.0
J25 Inventive 1:Seat of the Synod,C,-,1,0,1,0.0,22.682519637073497,47.45607537581195,8.257851912912818,NaN,38.0
JMP Rogues 1:Thieves' Guild Enforcer,C,-,2,1,1,0.5,22.680104533607196,45.84818889880017,7.722694788397657,15.0,24.0
J22 Unlucky Thirteen:Exsanguinate,C,-,2,0,2,0.0,22.6703590716706,47.17615548214421,8.168598803491204,NaN,23.5
J25 Goblins 3:Shock,C,-,1,0,1,0.0,22.66053528302031,47.06438594273177,8.134616886570486,NaN,28.0
J25 Goblins 3:Beetleback Chief,C,-,1,0,1,0.0,22.66053528302031,47.06438594273177,8.134616886570486,NaN,28.0
J25 Goblins 3:Goblin Smuggler,C,-,1,0,1,0.0,22.66053528302031,47.06438594273177,8.134616886570486,NaN,28.0
J25 Goblins 3:Volley Veteran,C,-,1,0,1,0.0,22.66053528302031,47.06438594273177,8.134616886570486,NaN,28.0
J25 Goblins 3:Scavenged Blade,C,-,1,0,1,0.0,22.66053528302031,47.06438594273177,8.134616886570486,NaN,28.0
J22 Cycling 2:Bloodhaze Wolverine,C,-,1,0,1,0.0,22.65955792100843,47.03397854483237,8.12480687460798,NaN,15.0
J22 Fangs 1:Creeping Bloodsucker,C,-,2,1,1,0.5,22.6585386802575,47.445689768448936,8.262383696063813,22.0,28.0
J25 Goblins 3:Goblin Trailblazer,C,-,2,1,1,0.5,22.657094473290023,47.07231497985311,8.13840683552103,12.0,28.0
J22 Merfolk 2:River Sneak,C,-,3,1,2,0.3333333333333333,22.653581882063772,45.35419583161328,7.566871316516504,20.0,17.5
J25 Armed 4:Sunspear Shikari,C,-,5,4,1,0.8,22.646825138179736,42.053195262630304,6.468790041483523,22.25,17.0
J22 Fiery 2:Coalborn Entity,C,-,1,0,1,0.0,22.64167778037175,46.77864048780268,8.04565423581031,NaN,16.0
J22 Fiery 2:Wildfire Elemental,C,-,1,0,1,0.0,22.64167778037175,46.77864048780268,8.04565423581031,NaN,16.0
J22 Wolves 1:Wolfwillow Haven,C,-,2,1,1,0.5,22.640423555054667,47.066117821561846,8.141898088835726,13.0,28.0
J22 Detective 4:Tamiyo, the Moon Sage,C,-,1,0,1,0.0,22.6352495643585,47.11791915671451,8.16088986411867,NaN,21.0
J22 Cycling 2:Reptilian Reflection,C,-,2,0,2,0.0,22.634039830461532,47.033895367882295,8.133285179140254,NaN,15.5
J22 Raid 2:Daring Piracy,C,-,2,1,1,0.5,22.632112578703122,45.15785320400875,7.50858020843521,30.0,16.0
J22 Raid 2:Immersturm Raider,C,-,2,1,1,0.5,22.632112578703122,45.15785320400875,7.50858020843521,30.0,16.0
J25 Snakes:Fading Hope,C,-,3,2,1,0.6666666666666666,22.629372941731358,43.026554551008324,6.799060536425656,16.5,22.0
JMP Plus One 3:Rishkar, Peema Renegade,C,-,2,1,1,0.5,22.62905803008129,46.51173799727665,7.960893322398453,13.0,31.0
JMP Plus One 3:Nessian Hornbeetle,C,-,2,1,1,0.5,22.62905803008129,46.51173799727665,7.960893322398453,13.0,31.0
J22 Eldrazi:Endbringer,C,-,1,0,1,0.0,22.62206041534852,47.40203183862913,8.25999047442687,NaN,30.0
JMP Legion 4:Mentor of the Meek,C,-,1,0,1,0.0,22.62206041534852,47.40203183862913,8.25999047442687,NaN,30.0
JMP Legion 4:Valorous Steed,C,-,1,0,1,0.0,22.62206041534852,47.40203183862913,8.25999047442687,NaN,30.0
J22 Eldrazi:Scion Summoner,C,-,1,0,1,0.0,22.62206041534852,47.40203183862913,8.25999047442687,NaN,30.0
JMP Legion 4:Legion's Judgment,C,-,1,0,1,0.0,22.62206041534852,47.40203183862913,8.25999047442687,NaN,30.0
J22 Eldrazi:Unnatural Aggression,C,-,1,0,1,0.0,22.62206041534852,47.40203183862913,8.25999047442687,NaN,30.0
JMP Minions 3:Drainpipe Vermin,C,-,1,0,1,0.0,22.619012844698094,47.320970374022835,8.233985843108247,NaN,33.0
JMP Minions 3:Dutiful Attendant,C,-,1,0,1,0.0,22.619012844698094,47.320970374022835,8.233985843108247,NaN,33.0
JMP Smashing 2:Bone Pit Brute,C,-,3,1,2,0.3333333333333333,22.60276218343987,46.66251264592448,8.019916820828202,22.0,25.0
JMP Minions 3:Ghoulcaller's Accomplice,C,-,2,1,1,0.5,22.600146416130016,47.32449494339627,8.241449509088751,29.0,33.0
JMP Minions 3:Witch's Cauldron,C,-,2,1,1,0.5,22.600146416130016,47.32449494339627,8.241449509088751,29.0,33.0
JMP Minions 3:Eliminate,C,-,2,1,1,0.5,22.600146416130016,47.32449494339627,8.241449509088751,29.0,33.0
JMP Minions 3:Liliana's Devotee,C,-,2,1,1,0.5,22.600146416130016,47.32449494339627,8.241449509088751,29.0,33.0
JMP Minions 3:Crypt Lurker,C,-,2,1,1,0.5,22.600146416130016,47.32449494339627,8.241449509088751,29.0,33.0
JMP Minions 3:Village Rites,C,-,2,1,1,0.5,22.600146416130016,47.32449494339627,8.241449509088751,29.0,33.0
J25 Ninjas:Taeko, the Patient Avalanche,C,-,2,1,1,0.5,22.597530051286075,46.66478195939165,8.022417302701857,24.0,15.0
J25 Ninjas:Network Disruptor,C,-,1,0,1,0.0,22.59333025403314,46.649036102749605,8.018568616238822,NaN,15.0
J22 Goblins 3:Volley Veteran,C,-,1,0,1,0.0,22.59333025403314,46.649036102749605,8.018568616238822,NaN,15.0
JMP Spellcasting 3:Kinetic Augur,C,-,1,0,1,0.0,22.589528611228502,46.85148291571428,8.087318101495258,NaN,30.0
J22 Knights:Syr Alin, the Lion's Claw,C,-,1,0,1,0.0,22.58361623720966,46.77369245936702,8.063358740719119,NaN,18.0
J22 Knights:The Circle of Loyalty,C,-,1,0,1,0.0,22.58361623720966,46.77369245936702,8.063358740719119,NaN,18.0
J22 Spicy:Loxodon Warhammer,C,-,1,0,1,0.0,22.575502578304913,46.285158945533915,7.903218789076334,NaN,15.0
J22 Spicy:Spear Spewer,C,-,1,0,1,0.0,22.575502578304913,46.285158945533915,7.903218789076334,NaN,15.0
J22 Spicy:Smoldering Efreet,C,-,1,0,1,0.0,22.575502578304913,46.285158945533915,7.903218789076334,NaN,15.0
JMP Cats 1:Keeper of Fables,C,-,1,0,1,0.0,22.570945037695196,46.474495645280385,7.967850202528396,NaN,19.0
J22 Gross 4:Ossuary Rats,C,-,1,0,1,0.0,22.570945037695196,46.474495645280385,7.967850202528396,NaN,19.0
JMP Cats 1:Feral Invocation,C,-,1,0,1,0.0,22.570945037695196,46.474495645280385,7.967850202528396,NaN,19.0
J22 Gross 4:Skullslither Worm,C,-,1,0,1,0.0,22.570945037695196,46.474495645280385,7.967850202528396,NaN,19.0
JMP Garruk:Garruk, Unleashed,C,-,2,1,1,0.5,22.567473615439045,46.225004687152754,7.885843690571236,15.0,20.0
J22 Cats 2:Weight of Conscience,C,-,2,0,2,0.0,22.564219758973035,46.85065781509934,8.095479352042101,NaN,21.5
J22 Spirits 1:Divine Verdict,C,-,4,1,3,0.25,22.54526247947758,43.337103681167456,6.930613733896625,19.0,27.666666666666668
JMP Enchanted 2:Ajani's Chosen,C,-,4,0,4,0.0,22.542007506642413,46.83960703521012,8.099199842855903,NaN,26.5
J22 Goblins 4:Goblin Grenade,C,-,3,2,1,0.6666666666666666,22.541224285478606,44.98690818026067,7.481894631594022,17.0,21.0
J22 Experimental 2:Sparkmage Apprentice,C,-,1,0,1,0.0,22.53897345644144,46.94194133432462,8.13432262596106,NaN,17.0
JMP Feathered Friends 2:Healer's Hawk,C,-,4,3,1,0.75,22.530000440082883,43.344953731581064,6.938317763832727,26.0,20.0
JMP Spellcasting 3:Thermo-Alchemist,C,-,2,0,2,0.0,22.52802682682608,46.70257490650192,8.058182693225282,NaN,29.0
J25 Illusions:Opt,C,-,3,2,1,0.6666666666666666,22.526756472764774,43.979234754027196,7.150826093754141,23.0,16.0
J22 Insects 4:Zask, Skittering Swarmlord,C,-,2,0,2,0.0,22.51961657260043,46.79770167827062,8.092695035223397,NaN,22.5
J22 Insects 4:Crawling Sensation,C,-,1,0,1,0.0,22.519025936015687,47.149842814566405,8.21027229285024,NaN,32.0
J22 Insects 4:Caustic Caterpillar,C,-,1,0,1,0.0,22.519025936015687,47.149842814566405,8.21027229285024,NaN,32.0
J22 Insects 4:Relentless Pursuit,C,-,1,0,1,0.0,22.519025936015687,47.149842814566405,8.21027229285024,NaN,32.0
J22 Fangs 1:Bloodthirsty Aerialist,C,-,3,0,3,0.0,22.518862636537015,47.28482238665126,8.255319916704748,NaN,23.0
JMP Garruk:Garruk's Gorehorn,C,-,4,1,3,0.25,22.518771943721887,46.21177001000471,7.897666022094276,15.0,19.333333333333332
JMP Reanimated 4:Mire Triton,C,-,2,1,1,0.5,22.512258976686486,47.05007141245898,8.179270811924166,26.0,28.0
J22 Zombies 2:Deadly Plot,C,-,3,1,2,0.3333333333333333,22.504018164668935,43.81203249412191,7.102671443150991,24.0,26.0
JMP Feathered Friends 2:Concordia Pegasus,C,-,5,3,2,0.6,22.502797426760218,43.34164913728856,6.946283903509449,26.0,18.0
J22 Gross 4:Devouring Swarm,C,-,1,0,1,0.0,22.50271726170348,46.17048634447352,7.889256360923345,NaN,18.0
J22 Gross 4:Durable Coilbug,C,-,1,0,1,0.0,22.50271726170348,46.17048634447352,7.889256360923345,NaN,18.0
J22 Detective 3:Drownyard Explorers,C,-,1,0,1,0.0,22.49579755108271,46.53166792699637,8.01195679197122,NaN,20.0
J25 Grave Robbers 3:Dreadhound,C,-,1,0,1,0.0,22.49579755108271,46.53166792699637,8.01195679197122,NaN,20.0
J25 Ninjas:Ninja of the Deep Hours,C,-,3,1,2,0.3333333333333333,22.495431853201076,46.4441209366813,7.982896361160075,24.0,17.5
JMP Under the Sea 2:Whelming Wave,C,-,1,0,1,0.0,22.49539891507266,46.611458759159916,8.038686614695752,NaN,27.0
J22 Detective 1:Shambling Suit,C,-,2,1,1,0.5,22.49398551752033,47.14978156438278,8.218598682287483,14.0,32.0
J22 Scrying 1:Kenessos, Priest of Thassa,C,-,1,0,1,0.0,22.48800299303825,47.02256353978847,8.17818684891674,NaN,28.0
J22 Scrying 1:Cryptic Serpent,C,-,1,0,1,0.0,22.48800299303825,47.02256353978847,8.17818684891674,NaN,28.0
J22 Scrying 1:Preordain,C,-,1,0,1,0.0,22.48800299303825,47.02256353978847,8.17818684891674,NaN,28.0
JMP Reanimated 4:Carrion Grub,C,-,1,0,1,0.0,22.48800299303825,47.02256353978847,8.17818684891674,NaN,28.0
J22 Cruel 1:Infernal Idol,C,-,2,1,1,0.5,22.487822615150968,45.01966151900039,7.510612967949807,28.0,18.0
J22 Blink 1:Gallant Cavalry,C,-,3,2,1,0.6666666666666666,22.4848281124507,45.57135554683745,7.695509144795585,15.5,29.0
J25 Inventive 1:Blink of an Eye,C,-,1,0,1,0.0,22.480019522962323,46.162665137852315,7.894215204963331,NaN,20.0
J25 Grave Robbers 3:Isareth the Awakener,C,-,2,1,1,0.5,22.475149613949657,46.53299422553891,8.019281537196417,18.0,20.0
JMP Reanimated 4:Crypt Lurker,C,-,4,2,2,0.5,22.468573376561828,47.03891508038398,8.190113901274051,20.5,19.0
JMP Reanimated 4:Eliminate,C,-,2,1,1,0.5,22.462777289665464,47.02226329826657,8.18649533620037,15.0,28.0
JMP Garruk:Garruk's Harbinger,C,-,2,0,2,0.0,22.456068365293042,46.15457306051815,7.899501565075037,NaN,19.0
JMP Garruk:Brushstrider,C,-,2,0,2,0.0,22.45543220945602,46.15755111236051,7.900706300968163,NaN,20.0
JMP Reanimated 4:Funeral Rites,C,-,3,1,2,0.3333333333333333,22.444403128398186,47.01144514627006,8.189014005957292,15.0,19.0
J25 Fun Guys 2:Sporecrown Thallid,C,-,2,1,1,0.5,22.44332415963464,45.23096625664077,7.595880699002044,28.0,13.0
J22 Holy 1:Emancipation Angel,C,-,2,1,1,0.5,22.430321129509046,46.560332086679644,8.043336985723533,14.0,21.0
J25 Grave Robbers 3:Memorial to Folly,C,-,2,0,2,0.0,22.427297415894593,46.35666664124946,7.976456408451623,NaN,20.0
JMP Heavily Armored 1:Basri's Solidarity,C,-,3,0,3,0.0,22.422939287842034,45.82561279785346,7.800891170003808,NaN,15.666666666666666
J22 Holy 1:Chains of Custody,C,-,1,0,1,0.0,22.418911289992998,46.540791097027835,8.040626602344945,NaN,21.0
JMP Rainbow:Lawmage's Binding,C,-,2,0,2,0.0,22.417702699495976,46.396802641658276,7.9930333140541,NaN,20.5
J25 Beasts 1:Obstinate Baloth,C,-,5,3,2,0.6,22.40748449778596,42.06537760431178,6.552631035508606,20.333333333333332,18.0
J22 Rats:Infiltration Lens,C,-,1,0,1,0.0,22.39376606794356,45.664100943148874,7.756778291735104,NaN,16.0
J25 Enchanted 1:Banishing Light,C,-,1,0,1,0.0,22.385815210507968,46.09076649537817,7.9016504282900675,NaN,14.0
J25 Bookworms 4:Tolarian Kraken,C,-,1,0,1,0.0,22.385815210507968,46.09076649537817,7.9016504282900675,NaN,14.0
J25 Enchanted 1:Flutterfox,C,-,1,0,1,0.0,22.385815210507968,46.09076649537817,7.9016504282900675,NaN,14.0
J22 Rats:Ogre Slumlord,C,-,3,1,2,0.3333333333333333,22.380173593851218,45.55530477789363,7.725043728014138,20.0,17.0
JMP Witchcraft 2:Black Cat,C,-,1,0,1,0.0,22.36858899538811,46.566441852603404,8.065950952405098,NaN,23.0
J22 Elves 2:Imperious Perfect,C,-,2,0,2,0.0,22.36457127780902,46.088354355058556,7.907927692416512,NaN,18.5
J25 Beasts 1:Predator's Strike,C,-,4,2,2,0.5,22.358586319464827,42.01412438774857,6.551846022761249,23.5,18.0
J22 Inventive 3:Artificer's Epiphany,C,-,1,0,1,0.0,22.339464770562152,46.36550443303969,8.008679887492512,NaN,23.0
J22 Inventive 3:Steel Overseer,C,-,1,0,1,0.0,22.339464770562152,46.36550443303969,8.008679887492512,NaN,23.0
J22 Inventive 3:Whirler Rogue,C,-,1,0,1,0.0,22.339464770562152,46.36550443303969,8.008679887492512,NaN,23.0
J22 Inventive 3:Gearsmith Prodigy,C,-,1,0,1,0.0,22.339464770562152,46.36550443303969,8.008679887492512,NaN,23.0
J22 Inventive 3:Launch Mishap,C,-,1,0,1,0.0,22.339464770562152,46.36550443303969,8.008679887492512,NaN,23.0
JMP Above the Clouds 4:Windstorm Drake,C,-,2,1,1,0.5,22.323035255174787,43.61665139928087,7.09787204803536,15.0,24.0
JMP Enchanted 1:Indomitable Will,C,-,1,0,1,0.0,22.320115210078782,46.3239776096252,8.001287466515473,NaN,17.0
JMP Teferi:Teferi's Protege,C,-,2,1,1,0.5,22.31829487271323,46.36668379514029,8.01612964080902,16.0,23.0
JMP Witchcraft 2:Last Gasp,C,-,2,0,2,0.0,22.310840449621736,46.12918004807493,7.939446532817731,NaN,19.0
J25 Elves 1:Razorgrass Invoker,C,-,3,2,1,0.6666666666666666,22.309194217015637,45.4498082695483,7.713538017510888,17.5,15.0
J22 Insects 4:Giant Ladybug,C,-,1,0,1,0.0,22.284177899148283,45.60000622211337,7.771942774321696,NaN,14.0
J22 Insects 4:Kraul Warrior,C,-,1,0,1,0.0,22.284177899148283,45.60000622211337,7.771942774321696,NaN,14.0
JMP Witchcraft 2:Festering Newt,C,-,2,0,2,0.0,22.281044846969593,46.258782614632196,7.992579255887534,NaN,19.5
JMP Tree Hugging 1:Crushing Canopy,C,-,1,0,1,0.0,22.27869970550823,45.730021229319604,7.817107174603791,NaN,16.0
JMP Devilish 2:Heartfire,C,-,1,0,1,0.0,22.27869970550823,45.730021229319604,7.817107174603791,NaN,16.0
JMP Devilish 2:Spiteful Prankster,C,-,1,0,1,0.0,22.27869970550823,45.730021229319604,7.817107174603791,NaN,16.0
J22 Zombies 1:Mire Triton,C,-,1,0,1,0.0,22.271208889306926,46.589573338073045,8.10612148292204,NaN,27.0
J22 Insects 4:Rampaging Growth,C,-,2,0,2,0.0,22.26843394186426,45.28795982977095,7.673175295968896,NaN,13.5
J25 Inventive 3:Experimental Aviator,C,-,6,2,4,0.3333333333333333,22.268390279524414,37.978999805309435,5.23686984192834,18.0,22.5
J22 Zombies 1:Deadly Plot,C,-,2,0,2,0.0,22.24505209070022,46.585765839877205,8.113571249725661,NaN,28.0
JMP Spooky 2:Harvester of Souls,C,-,1,0,1,0.0,22.240620135900908,45.25844347790305,7.672607780667381,NaN,15.0
JMP Spooky 2:Finishing Blow,C,-,1,0,1,0.0,22.2406201359009,45.25844347790304,7.672607780667381,NaN,15.0
J22 Detective 3:Press for Answers,C,-,2,0,2,0.0,22.226507516592413,45.81543212993239,7.862974871113325,NaN,21.0
J25 Snakes:Prosperous Thief,C,-,4,2,2,0.5,22.21306284563963,42.38603853631088,6.724325230223749,16.5,26.0
J22 Teamwork 1:Angelic Protector,C,-,4,2,2,0.5,22.211133289503497,45.44614080237305,7.745002504289851,20.5,23.0
J22 Detective 1:Press for Answers,C,-,2,0,2,0.0,22.191483169527523,46.20645371104917,8.004990180507216,NaN,22.5
J22 Gross 1:Plaguecrafter,C,-,4,3,1,0.75,22.189071486668144,41.9691896508751,6.593372721402319,24.0,24.0
J25 Warriors 2:Gornog, the Red Reaper,C,-,2,0,2,0.0,22.183612920263982,45.96489599811122,7.927094359282412,NaN,17.5
JMP Plus One 3:Wildwood Scourge,C,-,1,0,1,0.0,22.178744352215514,46.261157051020824,8.02747089960177,NaN,31.0
JMP Plus One 3:Hunter's Edge,C,-,1,0,1,0.0,22.178744352215514,46.261157051020824,8.02747089960177,NaN,31.0
JMP Plus One 3:Inspiring Call,C,-,1,0,1,0.0,22.178744352215514,46.261157051020824,8.02747089960177,NaN,31.0
J25 Zealots 3:Shock,C,-,1,0,1,0.0,22.178744352215514,46.261157051020824,8.02747089960177,NaN,31.0
J25 Zealots 3:Desert of the Fervent,C,-,1,0,1,0.0,22.178744352215514,46.261157051020824,8.02747089960177,NaN,31.0
JMP Plus One 3:Pridemalkin,C,-,1,0,1,0.0,22.178744352215514,46.261157051020824,8.02747089960177,NaN,31.0
J22 Constellation 2:Alseid of Life's Bounty,C,-,3,1,2,0.3333333333333333,22.166389276930904,45.31852698406813,7.717379235712408,20.0,18.5
JMP Unicorns:Daybreak Charger,C,-,1,0,1,0.0,22.166261156571913,46.5249276965007,8.119555513309594,NaN,24.0
JMP Unicorns:Valorous Steed,C,-,1,0,1,0.0,22.166261156571913,46.5249276965007,8.119555513309594,NaN,24.0
JMP Unicorns:Blessed Sanctuary,C,-,1,0,1,0.0,22.166261156571913,46.5249276965007,8.119555513309594,NaN,24.0
J25 Too Many:Weaselback Redcap,C,-,3,2,1,0.6666666666666666,22.163977771861582,45.436919230562246,7.757647152900221,29.5,18.0
J25 Treasures 1:Dire Fleet Hoarder,C,-,1,0,1,0.0,22.161281854221706,45.6705004873205,7.836406211032933,NaN,16.0
J25 Treasures 1:Bastion of Remembrance,C,-,1,0,1,0.0,22.161281854221706,45.6705004873205,7.836406211032933,NaN,16.0
JMP Unicorns:Inspiring Unicorn,C,-,2,0,2,0.0,22.134084114443233,46.498481894238715,8.121465926598495,NaN,23.5
JMP Unicorns:Valorous Stance,C,-,2,0,2,0.0,22.134084114443233,46.498481894238715,8.121465926598495,NaN,23.5
JMP Unicorns:Mesa Unicorn,C,-,2,0,2,0.0,22.134084114443233,46.498481894238715,8.121465926598495,NaN,23.5
J22 Boneyard 1:Pit Keeper,C,-,1,0,1,0.0,22.132339142547142,45.852581079372236,7.906747312275031,NaN,24.0
J22 Boneyard 1:Corpse Churn,C,-,1,0,1,0.0,22.132339142547128,45.85258107937222,7.906747312275031,NaN,24.0
J22 Boneyard 1:Suspicious Shambler,C,-,1,0,1,0.0,22.132339142547128,45.85258107937222,7.906747312275031,NaN,24.0
J22 Boneyard 1:Spark Reaper,C,-,1,0,1,0.0,22.132339142547128,45.85258107937222,7.906747312275031,NaN,24.0
JMP Predatory 3:Gingerbrute,C,-,1,0,1,0.0,22.129124308394253,45.39101108698409,7.753962259529947,NaN,18.0
J22 Detective 4:Floodhound,C,-,3,1,2,0.3333333333333333,22.118717076834127,46.02738541077001,7.96955611131196,17.0,24.5
JMP Goblins 1:Ornery Goblin,C,-,4,2,2,0.5,22.113285707646885,45.93834255560288,7.941685615985332,25.0,17.5
J25 Snakes:Ninja of the Deep Hours,C,-,3,1,2,0.3333333333333333,22.10680367725838,45.40391428034222,7.76570353436128,13.0,17.5
J25 Too Many:Furious Reprisal,C,-,2,1,1,0.5,22.104200951398198,45.39038651261439,7.762061853738731,45.0,18.0
J25 Elves 1:Overcome,C,-,1,0,1,0.0,22.10398598106288,45.2946540209779,7.730222679971674,NaN,15.0
JMP Milling:Vedalken Entrancer,C,-,1,0,1,0.0,22.10398598106288,45.2946540209779,7.730222679971674,NaN,15.0
J25 Treasures 1:Grim Bounty,C,-,2,1,1,0.5,22.098634896043812,44.59208526171444,7.497816788556875,18.0,16.0
JMP Elves 1:Skyway Sniper,C,-,1,0,1,0.0,22.073558698105952,44.73454768445125,7.553662995448433,NaN,14.0
J22 Treasure 1:Rapacious Dragon,C,-,3,1,2,0.3333333333333333,22.070719743657715,45.00802689483294,7.645769050391741,17.0,23.0
JMP Seismic:Cinder Elemental,C,-,3,1,2,0.3333333333333333,22.05888579827444,44.97939944415328,7.640171215292947,17.0,19.0
J25 Snakes:Moon-Circuit Hacker,C,-,3,1,2,0.3333333333333333,22.051749732845863,42.2488353445335,6.732361870562545,20.0,26.0
J25 Healers 1:Kabira Crossroads,C,-,2,1,1,0.5,22.04939903938195,45.89328696206378,7.9479626408939446,13.0,25.0
JMP Spellcasting 4:Hungry Flames,C,-,1,0,1,0.0,22.034791863791302,45.903092226332795,7.9561001208471644,NaN,23.0
JMP Spellcasting 4:Immolating Gyre,C,-,1,0,1,0.0,22.034791863791302,45.903092226332795,7.9561001208471644,NaN,23.0
J22 Constellation 2:Chains of Custody,C,-,3,1,2,0.3333333333333333,22.034645292699814,45.0843345763488,7.68322976121633,18.0,23.5
J22 Zombies 2:Gravedigger,C,-,1,0,1,0.0,22.02025858147183,46.20496294417566,8.061568120901278,NaN,27.0
JMP Spellcasting 4:Thermo-Alchemist,C,-,2,0,2,0.0,22.016737217581845,45.866691706962285,7.94998482979348,NaN,20.0
JMP Discarding 1:Ravenous Chupacabra,C,-,4,2,2,0.5,22.013339377528467,40.5051931073839,6.163951243285146,21.0,23.0
J25 Inventive 1:Sai, Master Thopterist,C,-,2,0,2,0.0,22.011511918903423,45.505127533812356,7.831205204969645,NaN,29.0
J25 Inventive 1:Eager Construct,C,-,2,0,2,0.0,22.011511918903423,45.505127533812356,7.831205204969645,NaN,29.0
J25 Healers 1:Revitalize,C,-,1,0,1,0.0,22.006772683436836,45.85666291295565,7.949963409839604,NaN,25.0
J25 Healers 1:Desperate Lunge,C,-,1,0,1,0.0,22.006772683436836,45.85666291295565,7.949963409839604,NaN,25.0
JMP Discarding 1:Wight of Precinct Six,C,-,5,3,2,0.6,22.003151092616356,40.5148773012379,6.170575402873848,20.0,23.0
JMP Vampires 1:Eternal Thirst,C,-,1,0,1,0.0,21.99328532096902,45.7552210528183,7.92064524394976,NaN,22.0
JMP Vampires 1:Bloodbond Vampire,C,-,1,0,1,0.0,21.99328532096902,45.7552210528183,7.92064524394976,NaN,22.0
J22 Speedy:Fanatical Firebrand,C,-,1,0,1,0.0,21.99328532096902,45.7552210528183,7.92064524394976,NaN,22.0
J25 Zealots 1:Battlefield Scavenger,C,-,4,2,2,0.5,21.987423781168562,44.49328061136826,7.501952276733234,15.0,21.5
J25 Warriors 1:Pyrophobia,C,-,2,1,1,0.5,21.985002029686495,43.12313563370288,7.046044534672128,14.0,18.0
JMP Spellcasting 4:Heartfire Immolator,C,-,2,0,2,0.0,21.98190629657499,45.70398711087684,7.90736027143395,NaN,20.0
J25 Warriors 2:Kargan Intimidator,C,-,1,0,1,0.0,21.981739298836338,45.85262829769372,7.956962999619128,NaN,25.0
J25 Healers 1:Mesa Unicorn,C,-,3,1,2,0.3333333333333333,21.97966929738134,45.74874558814318,7.923025430253947,13.0,19.5
J22 Snow:Phyrexian Ironfoot,C,-,2,1,1,0.5,21.972077670179694,46.35440954546636,8.12744395842889,29.0,31.0
JMP Predatory 3:Dawntreader Elk,C,-,2,0,2,0.0,21.971015953324194,45.10639623899541,7.711793428557072,NaN,28.5
JMP Predatory 3:Trufflesnout,C,-,2,0,2,0.0,21.971015953324194,45.10639623899541,7.711793428557072,NaN,28.5
J25 Prideful:Basri's Acolyte,C,-,4,1,3,0.25,21.968881194061044,43.40885863059397,7.1466591455109745,19.0,24.333333333333332
J25 Prideful:King of the Pride,C,-,4,1,3,0.25,21.968881194061044,43.40885863059397,7.1466591455109745,19.0,24.333333333333332
JMP Smashing 1:Furious Rise,C,-,1,0,1,0.0,21.966270252614464,46.33589892468847,8.123209557358003,NaN,31.0
JMP Smashing 1:Shock,C,-,1,0,1,0.0,21.966270252614464,46.33589892468847,8.123209557358003,NaN,31.0
JMP Smashing 1:Heartfire Immolator,C,-,1,0,1,0.0,21.966270252614464,46.33589892468847,8.123209557358003,NaN,31.0
JMP Smashing 1:Bone Pit Brute,C,-,1,0,1,0.0,21.966270252614464,46.33589892468847,8.123209557358003,NaN,31.0
JMP Smashing 1:Volcanic Salvo,C,-,1,0,1,0.0,21.966270252614464,46.33589892468847,8.123209557358003,NaN,31.0
JMP Spellcasting 4:Shock,C,-,3,0,3,0.0,21.959830301423573,45.65480852485018,7.898326074475536,NaN,18.333333333333332
JMP Goblins 1:Beetleback Chief,C,-,2,1,1,0.5,21.959049066108307,45.81167661945786,7.9508758511165185,29.0,24.0
JMP Goblins 2:Makeshift Munitions,C,-,2,0,2,0.0,21.95065713453083,45.2185909808163,7.755977948761824,NaN,16.0
J22 Snow:Marit Lage's Slumber,C,-,3,1,2,0.3333333333333333,21.947971996951985,46.351288130674526,8.134438711240847,29.0,22.5
J22 Merfolk 2:Triton Shorestalker,C,-,2,0,2,0.0,21.939663665140372,44.92493884898502,7.661758394614884,NaN,17.5
J22 Gross 4:Eaten Alive,C,-,2,0,2,0.0,21.906403536590346,44.643351482093976,7.57898264850121,NaN,18.5
J25 Armed 2:Militant Inquisitor,C,-,3,2,1,0.6666666666666666,21.904892495615794,42.84141319488003,6.978840233088079,24.0,27.0
J22 Inventive 3:Aviation Pioneer,C,-,1,0,1,0.0,21.895876972683446,46.08441467463965,8.06284590065207,NaN,20.0
J22 Inventive 3:Pilgrim's Eye,C,-,1,0,1,0.0,21.895876972683446,46.08441467463965,8.06284590065207,NaN,20.0
J22 Cats 4:Impeccable Timing,C,-,2,1,1,0.5,21.89333920036772,43.966938698996884,7.357866499543055,23.0,17.0
J22 Snow:Shimmerdrift Vale,C,-,2,0,2,0.0,21.892081542233818,46.1346262930304,8.080848250265527,NaN,23.5
J25 Zealots 1:Bloodlust Inciter,C,-,3,1,2,0.3333333333333333,21.882725486076435,44.41303314946572,7.510102554463095,18.0,21.5
J22 Snow:Icebind Pillar,C,-,4,1,3,0.25,21.873497478048105,46.15016459291286,8.092222371621585,29.0,20.333333333333332
JMP Archaeology 4:Lightning-Core Excavator,C,-,2,0,2,0.0,21.868153940022104,46.055342094172666,8.062396051383521,NaN,20.0
J22 Snow:Isu the Abominable,C,-,4,1,3,0.25,21.856893279625954,45.897200254079166,8.01343565815107,29.0,21.0
J22 Detective 2:Drownyard Explorers,C,-,2,1,1,0.5,21.85385289117684,45.24507365247409,7.797073587099084,30.0,35.0
J25 Stoked 4:Arena Athlete,C,-,1,0,1,0.0,21.823350468655697,45.62728108804579,7.934643539796698,NaN,30.0
J25 Dragons 1:Forgotten Cave,C,-,4,2,2,0.5,21.818949659107457,42.742384216432306,6.97447818577495,15.5,22.5
J22 Speedy:Kiki-Jiki, Mirror Breaker,C,-,1,0,1,0.0,21.809906757640228,45.813851227584166,8.001314823314646,NaN,22.0
JMP Feathered Friends 4:Archon of Justice,C,-,1,0,1,0.0,21.809906757640228,45.813851227584166,8.001314823314646,NaN,22.0
JMP Feathered Friends 4:Sky Tether,C,-,1,0,1,0.0,21.809906757640228,45.813851227584166,8.001314823314646,NaN,22.0
JMP Feathered Friends 4:Aegis of the Heavens,C,-,1,0,1,0.0,21.809906757640228,45.813851227584166,8.001314823314646,NaN,22.0
J25 Illusions:Haunting Figment,C,-,2,1,1,0.5,21.801782084196418,43.469356656688916,7.2225248574975,27.0,16.0
J25 Wizards 2:Opportunity,C,-,1,0,1,0.0,21.800926239065593,44.86862702762053,7.68923359618498,NaN,17.0
J25 Stoked 4:Weaver of Lightning,C,-,2,0,2,0.0,21.7945939334079,45.60346817359154,7.936291413394546,NaN,28.0
JMP Enchanted 2:Bulwark Giant,C,-,1,0,1,0.0,21.787043233818505,45.60831390895016,7.940423558377218,NaN,32.0
JMP Feathered Friends 4:Aerial Assault,C,-,2,0,2,0.0,21.784211225213987,45.8129928372429,8.009593870676305,NaN,21.0
JMP Rogues 1:Nocturnal Feeder,C,-,1,0,1,0.0,21.776570312937537,45.328390640747756,7.85060677593674,NaN,24.0
J25 Landfall 4:Skyclave Pick-Axe,C,-,1,0,1,0.0,21.776570312937537,45.328390640747756,7.85060677593674,NaN,24.0
JMP Rogues 1:Mausoleum Turnkey,C,-,1,0,1,0.0,21.776570312937537,45.328390640747756,7.85060677593674,NaN,24.0
J22 Treasure 4:Trove of Temptation,C,-,2,1,1,0.5,21.77292139314797,44.922027459738366,7.716368688863465,20.0,25.0
JMP Spellcasting 2:Kinetic Augur,C,-,1,0,1,0.0,21.77282187708497,44.603981232561914,7.610386451825648,NaN,20.0
JMP Rainbow:Auger Spree,C,-,3,0,3,0.0,21.772686816963187,44.63339865796678,7.62023728033453,NaN,19.666666666666668
JMP Rainbow:Chamber Sentry,C,-,3,0,3,0.0,21.772686816963187,44.63339865796678,7.62023728033453,NaN,19.666666666666668
JMP Rainbow:Mirrodin's Core,C,-,3,0,3,0.0,21.772686816963187,44.63339865796678,7.62023728033453,NaN,19.666666666666668
JMP Rainbow:Raging Regisaur,C,-,3,0,3,0.0,21.77101329102357,44.60525629187053,7.611414333615653,NaN,19.0
J22 Wolves 3:Predator's Howl,C,-,2,0,2,0.0,21.766714031832386,45.519467987162194,7.917584651776603,NaN,25.5
JMP Enchanted 2:Indomitable Will,C,-,2,0,2,0.0,21.742736301664507,45.55472993292023,7.937331210418575,NaN,35.0
JMP Enchanted 2:Knightly Valor,C,-,2,0,2,0.0,21.742736301664507,45.55472993292023,7.937331210418575,NaN,35.0
J22 Knights:Jousting Lance,C,-,2,0,2,0.0,21.729822570969056,45.02092595081954,7.763701126616827,NaN,17.0
J25 Zealots 1:Trial of Zeal,C,-,4,2,2,0.5,21.72335234723528,44.30280552867575,7.526484393813489,15.0,21.5
J22 Holy 3:Divine Arrow,C,-,1,0,1,0.0,21.72208412018675,44.849339105855684,7.7090849952229785,NaN,18.0
JMP Devilish 1:Dance with Devils,C,-,1,0,1,0.0,21.72208412018675,44.849339105855684,7.7090849952229785,NaN,18.0
JMP Rainbow:Rupture Spire,C,-,3,0,3,0.0,21.716608736811867,44.458360546660096,7.580583936616076,NaN,18.666666666666668
JMP Devilish 1:Forge Devil,C,-,2,1,1,0.5,21.706375952205427,44.85331778245913,7.715647276751234,20.0,18.0
JMP Spellcasting 4:Kinetic Augur,C,-,5,0,5,0.0,21.700316467638956,44.894626731143006,7.73143675450135,NaN,17.2
J22 Holy 3:Anointer of Valor,C,-,2,0,2,0.0,21.69206613023494,44.78919151434454,7.699041794703199,NaN,17.5
J22 Teamwork 1:Combat Professor,C,-,4,1,3,0.25,21.69186038074203,41.46763983218897,6.591926483815648,41.0,24.666666666666668
JMP Spirits 1:Essence Flux,C,-,1,0,1,0.0,21.680393238457157,45.22805358764784,7.849220116396895,NaN,26.0
J25 Armed 3:Pacifism,C,-,4,2,2,0.5,21.666304575032477,43.53759733986892,7.290430921612146,18.5,21.5
JMP Devilish 3:Spiteful Prankster,C,-,3,2,1,0.6666666666666666,21.665753839030494,40.50064730702248,6.278297822663997,23.5,17.0
JMP Devilish 3:Act of Treason,C,-,3,2,1,0.6666666666666666,21.665753839030494,40.50064730702248,6.278297822663997,23.5,17.0
J25 Dinosaurs 1:Rampant Growth,C,-,1,0,1,0.0,21.65308333983005,44.674354506831634,7.673757055667195,NaN,17.0
J25 Dinosaurs 1:Drover of the Mighty,C,-,1,0,1,0.0,21.65308333983005,44.674354506831634,7.673757055667195,NaN,17.0
J25 Dinosaurs 1:Commune with Dinosaurs,C,-,1,0,1,0.0,21.65308333983005,44.674354506831634,7.673757055667195,NaN,17.0
JMP Dinosaurs 3:Crushing Canopy,C,-,1,0,1,0.0,21.64971675156032,45.28661878535588,7.878967344598519,NaN,17.0
J22 Insects 4:Ironshell Beetle,C,-,3,0,3,0.0,21.623367183082763,44.66873709680343,7.681789971240223,NaN,21.333333333333332
JMP Well-Read 3:Tome Anima,C,-,1,0,1,0.0,21.600847679494848,44.74114956763543,7.713433962713529,NaN,20.0
J22 Zombies 2:Stitcher's Supplier,C,-,5,2,3,0.4,21.590199310886067,41.8897849893518,6.766528559488578,20.5,20.666666666666668
JMP Well-Read 3:Suspicious Bookcase,C,-,2,0,2,0.0,21.587905580517166,44.57511852838911,7.662404315957315,NaN,17.0
J25 Armed 4:Mirran Bardiche,C,-,2,1,1,0.5,21.577933254257946,41.167037944792575,6.529701563511543,26.0,17.0
JMP Legion 3:Legion's Judgment,C,-,2,1,1,0.5,21.574885248350697,45.00985151679236,7.811655422813887,27.0,24.0
JMP Legion 3:Fortify,C,-,2,1,1,0.5,21.574885248350697,45.00985151679236,7.811655422813887,27.0,24.0
JMP Legion 3:Faith's Fetters,C,-,2,1,1,0.5,21.574885248350697,45.00985151679236,7.811655422813887,27.0,24.0
J22 Elves 4:Band Together,C,-,3,1,2,0.3333333333333333,21.562768765681398,40.72313927671351,6.386790170344038,12.0,21.5
JMP Predatory 1:Marauder's Axe,C,-,2,0,2,0.0,21.561510203379456,45.54414276457398,7.9942108537315075,NaN,32.5
JMP Enchanted 2:Faith's Fetters,C,-,2,0,2,0.0,21.560137323460978,45.21979647165297,7.88655304939733,NaN,29.5
JMP Smashing 3:Turret Ogre,C,-,1,0,1,0.0,21.559545462199168,44.49948944797292,7.646647995257917,NaN,13.0
J22 Wolves 3:Mild-Mannered Librarian,C,-,4,2,2,0.5,21.537521360046767,42.80957180497177,7.090683481641666,24.5,20.0
J22 Wolves 3:Ferocious Pup,C,-,4,2,2,0.5,21.53752136004674,42.80957180497174,7.090683481641666,24.5,20.0
J25 Zealots 1:Cartouche of Zeal,C,-,1,0,1,0.0,21.527592384787173,45.111392948861194,7.8612668546913405,NaN,22.0
J25 Zealots 1:Brute Strength,C,-,1,0,1,0.0,21.527592384787173,45.111392948861194,7.8612668546913405,NaN,22.0
JMP Tree Hugging 2:Wildsize,C,-,4,2,2,0.5,21.520401571742322,42.00367224890362,6.827756892387099,23.0,16.5
J25 Bloody 4:Blood Petal Celebrant,C,-,1,0,1,0.0,21.518207190281952,44.83681341082876,7.772868740182269,NaN,22.0
J25 Bloody 4:Neonate's Rush,C,-,1,0,1,0.0,21.518207190281952,44.83681341082876,7.772868740182269,NaN,22.0
J25 Bloody 4:Falkenrath Marauders,C,-,1,0,1,0.0,21.518207190281952,44.83681341082876,7.772868740182269,NaN,22.0
J25 Bloody 4:Voldaren Epicure,C,-,1,0,1,0.0,21.518207190281952,44.83681341082876,7.772868740182269,NaN,22.0
J22 Cats 1:Impeccable Timing,C,-,1,0,1,0.0,21.518207190281952,44.83681341082876,7.772868740182269,NaN,22.0
J25 Bloody 4:Ivora, Insatiable Heir,C,-,1,0,1,0.0,21.518207190281952,44.83681341082876,7.772868740182269,NaN,22.0
J25 Explorers 3:Clear Shot,C,-,1,0,1,0.0,21.507023094728797,44.360758541832226,7.6179118157011425,NaN,16.0
J22 Think Again 3:Lay Claim,C,-,3,1,2,0.3333333333333333,21.505257093481273,40.38057683517149,6.291773247230072,25.0,17.0
JMP Pirates 1:Rishadan Airship,C,-,1,0,1,0.0,21.498789596137964,44.2947115451647,7.59864064967558,NaN,11.0
JMP Pirates 1:Spectral Sailor,C,-,1,0,1,0.0,21.498789596137964,44.2947115451647,7.59864064967558,NaN,11.0
J22 Law 2:Unquestioned Authority,C,-,3,1,2,0.3333333333333333,21.49374317862241,41.17465609683121,6.560304306069599,16.0,18.5
JMP Dogs 2:Release the Dogs,C,-,1,0,1,0.0,21.4836723370178,44.57448394154075,7.69693720150765,NaN,18.0
J22 Vehicles:Hotshot Mechanic,C,-,3,2,1,0.6666666666666666,21.479180155705542,44.37170964552825,7.6308431632742355,17.0,19.0
JMP Enchanted 2:Trusty Retriever,C,-,3,0,3,0.0,21.468679220942825,44.84995018106459,7.7937569867072565,NaN,24.333333333333332
J22 Raid 1:Firecannon Blast,C,-,3,0,3,0.0,21.452337955825072,44.069570456374706,7.539077500183211,NaN,22.0
JMP Under the Sea 1:Octoprophet,C,-,1,0,1,0.0,21.44093017115405,44.430077525893736,7.663049118246562,NaN,23.0
J25 Copied 1:Spellgorger Weird,C,-,2,1,1,0.5,21.437266500629157,44.491431849991756,7.6847217831208665,18.0,20.0
J25 Copied 1:Renegade Tactics,C,-,4,2,2,0.5,21.437085360802335,43.42329708109875,7.328737240098805,17.0,18.5
J25 Beasts 1:Slinza, the Spiked Stampede,C,-,5,3,2,0.6,21.426431750512556,40.966348577571594,6.51330560901968,20.333333333333332,20.5
JMP Walls:Crushing Canopy,C,-,1,0,1,0.0,21.418008751424047,44.15280100479238,7.578264084456111,NaN,17.0
JMP Vampires 4:Last Gasp,C,-,1,0,1,0.0,21.418008751424047,44.15280100479238,7.578264084456111,NaN,17.0
JMP Walls:Assault Formation,C,-,1,0,1,0.0,21.418008751424047,44.15280100479238,7.578264084456111,NaN,17.0
JMP Vampires 4:Agonizing Syphon,C,-,1,0,1,0.0,21.418008751424047,44.15280100479238,7.578264084456111,NaN,17.0
JMP Walls:Warmonger's Chariot,C,-,1,0,1,0.0,21.418008751424047,44.15280100479238,7.578264084456111,NaN,17.0
J25 Zealots 1:Flame-Blessed Bolt,C,-,2,1,1,0.5,21.416940343348486,45.052411048164004,7.878490234938505,12.0,22.0
J25 Zealots 1:Desert of the Fervent,C,-,2,1,1,0.5,21.416940343348486,45.052411048164004,7.878490234938505,12.0,22.0
JMP Lightning 2:Chain Lightning,C,-,2,1,1,0.5,21.405725528194424,44.21536483440389,7.603213102069823,12.0,18.0
JMP Predatory 1:Dawntreader Elk,C,-,3,0,3,0.0,21.38260673475337,44.56027686380344,7.7258900430166895,NaN,24.333333333333332
J25 Beasts 1:Advocate of the Beast,C,-,2,1,1,0.5,21.379644781589185,44.462154525547966,7.694169914652927,17.0,18.0
J25 Ghastly 1:Falkenrath Noble,C,-,4,2,2,0.5,21.375525135149076,42.07902847063073,6.901167778493885,23.0,17.0
J25 Ghastly 1:Morbid Opportunist,C,-,5,3,2,0.6,21.365305303966768,42.08820710954847,6.907633935193901,22.666666666666668,17.0
J25 Grave Robbers 1:Wailing Ghoul,C,-,3,2,1,0.6666666666666666,21.353719400948638,42.18940693947942,6.94522917951026,34.0,18.0
J22 Treasure 1:Captain Lannery Storm,C,-,3,1,2,0.3333333333333333,21.352610179167925,44.50377011068302,7.717053310505032,19.0,23.0
J25 Copied 1:Invigorated Rampage,C,-,3,1,2,0.3333333333333333,21.35203542076576,44.43544833766646,7.694470972300232,18.0,19.5
J25 Armed 3:Resistance Reunited,C,-,3,1,2,0.3333333333333333,21.341581339478573,43.678415072898794,7.445611244473407,15.0,17.5
J25 Copied 1:Young Pyromancer,C,-,2,1,1,0.5,21.340410746586826,44.41696112937432,7.692183460929165,16.0,20.0
J22 Zombies 2:Lord of the Accursed,C,-,5,2,3,0.4,21.329107742281764,42.16379454288096,6.9448956001997315,20.5,26.333333333333332
J22 Zombies 2:Returned Reveler,C,-,5,2,3,0.4,21.329107742281764,42.16379454288096,6.9448956001997315,20.5,26.333333333333332
J22 Go to School 2:Multiple Choice,C,-,3,2,1,0.6666666666666666,21.26995375422773,43.280296423556365,7.336780889776212,20.0,13.0
J25 Explorers 2:Go Forth,C,-,4,2,2,0.5,21.25420110429045,38.07985354350115,5.608550813070234,19.5,13.0
J22 Go to School 2:Biblioplex Kraken,C,-,2,1,1,0.5,21.247870296495332,43.24936600455595,7.333831902686874,14.0,13.0
JMP Teferi:Sage's Row Savant,C,-,1,0,1,0.0,21.24464166340666,44.25160729962817,7.66898854540717,NaN,15.0
JMP Teferi:Prescient Chimera,C,-,1,0,1,0.0,21.24464166340666,44.25160729962817,7.66898854540717,NaN,15.0
J22 Landfall 2:Evolving Wilds,C,-,1,0,1,0.0,21.24464166340666,44.25160729962817,7.66898854540717,NaN,15.0
JMP Enchanted 2:Blessed Spirits,C,-,4,0,4,0.0,21.24177601562952,44.47305232628073,7.74375877021707,NaN,25.0
J22 Landfall 2:Baloth Woodcrasher,C,-,2,1,1,0.5,21.235219679249063,44.260351637601836,7.675043986117591,18.0,15.0
J22 Zombies 1:Gravedigger,C,-,3,0,3,0.0,21.23452672665449,44.39828645822503,7.721253243856847,NaN,26.666666666666668
J22 Cats 4:Leonin Snarecaster,C,-,1,0,1,0.0,21.216790607009287,43.42973254936623,7.4043139807856475,NaN,17.0
J25 Explorers 2:Ulvenwald Mysteries,C,-,3,1,2,0.3333333333333333,21.216309713878793,39.185775322487785,5.989821869536331,24.0,15.5
JMP Predatory 1:Crushing Canopy,C,-,3,0,3,0.0,21.190712704563794,44.603713521000714,7.804333605478973,NaN,29.666666666666668
J22 Think Again 1:Serum Visions,C,-,2,1,1,0.5,21.182930212824374,44.313011926751315,7.7100272379756465,19.0,17.0
J22 Think Again 1:Memorial to Genius,C,-,2,1,1,0.5,21.182930212824374,44.313011926751315,7.7100272379756465,19.0,17.0
JMP Feathered Friends 4:Concordia Pegasus,C,-,1,0,1,0.0,21.175983244057402,44.56035564564775,7.794790800530117,NaN,21.0
JMP Feathered Friends 4:Dauntless Onslaught,C,-,1,0,1,0.0,21.175983244057402,44.56035564564775,7.794790800530117,NaN,21.0
JMP Goblins 2:Muxus, Goblin Grandee,C,-,1,0,1,0.0,21.175983244057402,44.56035564564775,7.794790800530117,NaN,21.0
JMP Goblins 2:Boggart Brute,C,-,1,0,1,0.0,21.175983244057402,44.56035564564775,7.794790800530117,NaN,21.0
J22 Law 4:Murder Investigation,C,-,1,0,1,0.0,21.16628492060644,42.410885017023,7.081533365472186,NaN,18.0
J22 Law 4:Michiko Konda, Truth Seeker,C,-,1,0,1,0.0,21.16628492060644,42.410885017023,7.081533365472186,NaN,18.0
JMP Feathered Friends 2:Celestial Enforcer,C,-,4,2,2,0.5,21.157218085165763,42.09036405380874,6.977715322880993,25.0,21.5
JMP Phyrexian:Myr Sire,C,-,2,1,1,0.5,21.155994580484137,41.273470966732155,6.7058254620826725,31.0,11.0
J22 Cruel 4:Tormented Soul,C,-,1,0,1,0.0,21.154067746884753,44.303007710044,7.716313321053082,NaN,20.0
J25 Explorers 1:Clear Shot,C,-,1,0,1,0.0,21.13016511632828,43.67332837147606,7.514387751715928,NaN,17.0
J25 Explorers 1:Ainok Guide,C,-,1,0,1,0.0,21.13016511632828,43.67332837147606,7.514387751715928,NaN,17.0
J22 Multi-Headed 1:Hunter's Edge,C,-,1,0,1,0.0,21.13016511632828,43.67332837147606,7.514387751715928,NaN,17.0
J22 Cruel 4:Alley Strangler,C,-,2,0,2,0.0,21.12853788939294,44.29553653053606,7.72233288038104,NaN,19.0
J25 Treasures 1:Pitiless Plunderer,C,-,1,0,1,0.0,21.12802330709662,43.970716292487616,7.614230995130333,NaN,16.0
JMP Minotaurs 2:Bloodrage Brawler,C,-,2,1,1,0.5,21.1235905331529,43.672446924243175,7.516285463696758,19.0,23.0
J25 Of the Coast 2:Lonely Sandbar,C,-,2,1,1,0.5,21.11671244436363,43.61914522207369,7.5008109259033535,27.0,15.0
J25 Of the Coast 2:Plagon, Lord of the Beach,C,-,2,1,1,0.5,21.11671244436363,43.61914522207369,7.5008109259033535,27.0,15.0
J25 Dragons 2:Forgotten Cave,C,-,1,0,1,0.0,21.113667438806324,43.57037355845847,7.4855687065507155,NaN,16.0
J25 Dragons 2:Dragon Whelp,C,-,1,0,1,0.0,21.113667438806324,43.57037355845847,7.4855687065507155,NaN,16.0
J25 Dragons 2:Dragonlord's Servant,C,-,1,0,1,0.0,21.113667438806324,43.57037355845847,7.4855687065507155,NaN,16.0
J22 Faeries 2:Undersea Invader,C,-,1,0,1,0.0,21.113667438806324,43.57037355845847,7.4855687065507155,NaN,16.0
J22 Merfolk 3:Watertrap Weaver,C,-,3,1,2,0.3333333333333333,21.113618483701572,44.267710731113695,7.718030749137375,13.0,22.0
J25 Explorers 1:Slimy Piper,C,-,2,0,2,0.0,21.103565914995478,43.67165344624385,7.5226958437494575,NaN,15.5
JMP Wizards 3:Winged Words,C,-,3,1,2,0.3333333333333333,21.096371564327555,44.7438606148783,7.882496350183582,27.0,28.0
JMP Wizards 3:Teferi's Protege,C,-,3,1,2,0.3333333333333333,21.096371564327555,44.7438606148783,7.882496350183582,27.0,28.0
J22 Inventive 3:Aether Spellbomb,C,-,2,0,2,0.0,21.090874267796544,44.3990588857815,7.7693948726616515,NaN,21.5
J22 Inventive 3:Thopter Spy Network,C,-,2,0,2,0.0,21.090874267796544,44.3990588857815,7.7693948726616515,NaN,21.5
J22 Cats 2:Savannah Lions,C,-,2,0,2,0.0,21.085082741583474,44.111757804542776,7.675558354319768,NaN,16.0
J22 Vehicles:Built to Last,C,-,3,1,2,0.3333333333333333,21.0798826186701,44.07226989844335,7.66412909325775,17.0,17.0
J25 Landfall 1:Evolving Wilds,C,-,2,1,1,0.5,21.076057833872376,44.17807377392384,7.700671980017155,21.0,18.0
J25 Landfall 1:Bite Down,C,-,3,2,1,0.6666666666666666,21.049708155145158,44.17649934989291,7.70893039824925,18.5,18.0
J22 Speedy:Bolt Hound,C,-,3,1,2,0.3333333333333333,21.042064124817674,43.82548157632988,7.594472483837401,17.0,22.0
J25 Surprise 4:Aven Reedstalker,C,-,3,1,2,0.3333333333333333,21.038623403439175,42.81684840236687,7.259408332975899,17.0,23.5
J22 Blink 1:Preston, the Vanisher,C,-,1,0,1,0.0,21.03792503945964,44.674537138876026,7.878870699805462,NaN,29.0
JMP Goblins 2:Outnumber,C,-,1,0,1,0.0,21.034408351496975,42.733729449121675,7.233107032541567,NaN,13.0
JMP Goblins 2:Goblin Shortcutter,C,-,1,0,1,0.0,21.034408351496975,42.733729449121675,7.233107032541567,NaN,13.0
J22 Morbid 2:Tragic Slip,C,-,1,0,1,0.0,21.026707725674783,44.48673544264365,7.8200092389896225,NaN,22.0
J25 Clerics 4:Alchemist's Gift,C,-,2,0,2,0.0,21.023576530623068,43.3408163589841,7.439079942787011,NaN,15.0
J22 Vehicles:Giant Ox,C,-,2,0,2,0.0,21.002973924115484,43.68539749741554,7.560807857766687,NaN,18.0
JMP Goblins 1:Shock,C,-,4,2,2,0.5,20.99669709897511,42.28765021976184,7.096984373595576,25.0,17.5
JMP Dogs 2:Alpine Watchdog,C,-,2,0,2,0.0,20.972277645862203,43.66062246779811,7.56278160731197,NaN,19.5
JMP Above the Clouds 4:Rain of Revelation,C,-,2,1,1,0.5,20.962505182801088,42.716334809988986,7.251276542395966,13.0,24.0
J25 Warriors 2:Wrecking Crew,C,-,2,0,2,0.0,20.938287334335143,43.550604837784505,7.537439167816454,NaN,17.5
JMP Plus One 1:Ironshell Beetle,C,-,1,0,1,0.0,20.937766948726093,42.88029996022197,7.3141776704986246,NaN,14.0
J22 Cruel 3:Conductor of Cacophony,C,-,2,1,1,0.5,20.935598635503602,43.69320080037082,7.5858673882890715,13.0,23.0
JMP Spellcasting 1:Blindblast,C,-,1,0,1,0.0,20.93306310455809,44.1329108450482,7.73328258016337,NaN,17.0
JMP Spellcasting 1:Shock,C,-,1,0,1,0.0,20.93306310455809,44.1329108450482,7.73328258016337,NaN,17.0
J22 Think Again 1:Steelgaze Griffin,C,-,1,0,1,0.0,20.93306310455809,44.1329108450482,7.73328258016337,NaN,17.0
J22 Think Again 1:Merfolk Pupil,C,-,1,0,1,0.0,20.93306310455809,44.1329108450482,7.73328258016337,NaN,17.0
J25 Prideful:Pacifism,C,-,1,0,1,0.0,20.93152205797136,44.19585229636253,7.75477674613039,NaN,18.0
JMP Doctor 3:Griffin Aerie,C,-,3,2,1,0.6666666666666666,20.92479079931275,41.321543594775925,6.7989175984877255,22.0,18.0
J22 Landfall 2:Primeval Herald,C,-,2,0,2,0.0,20.924318733509878,43.4090033594972,7.4948948753291065,NaN,14.5
JMP Heavily Armored 4:Siege Striker,C,-,2,1,1,0.5,20.91722564403792,41.094944244872835,6.725906200278304,22.0,17.0
JMP Heavily Armored 4:Basri's Acolyte,C,-,2,1,1,0.5,20.91722564403792,41.094944244872835,6.725906200278304,22.0,17.0
J22 Landfall 2:Rampaging Growth,C,-,3,1,2,0.3333333333333333,20.91401018963334,43.4174731436789,7.501154318015185,18.0,14.5
J22 Treasure 4:Rapacious Dragon,C,-,2,0,2,0.0,20.912211875816762,43.81913856286391,7.635642229015716,NaN,22.0
JMP Tree Hugging 2:Explore,C,-,1,0,1,0.0,20.90688815980192,43.699194423665446,7.597435421287842,NaN,16.0
J25 Drowned 1:Shipwreck Dowser,C,-,1,0,1,0.0,20.90688815980192,43.699194423665446,7.597435421287842,NaN,16.0
JMP Plus One 1:Wildwood Scourge,C,-,2,0,2,0.0,20.906452514607224,42.857065622209376,7.316871035867384,NaN,15.5
JMP Plus One 1:Pridemalkin,C,-,2,0,2,0.0,20.906452514607224,42.857065622209376,7.316871035867384,NaN,15.5
J25 Inventive 3:Myr Enforcer,C,-,5,3,2,0.6,20.851575599428845,37.875226398849286,5.674550266473481,18.666666666666668,21.5
J22 Morbid 2:Liliana's Steward,C,-,7,2,5,0.2857142857142857,20.79609176622709,38.486570818434146,5.896826350735686,24.0,23.6
J22 Law 2:Nightguard Patrol,C,-,1,0,1,0.0,20.770905502286546,43.81335334006245,7.680815945925301,NaN,20.0
J22 Goblins 3:Burn Bright,C,-,2,1,1,0.5,20.754287305000393,42.499593859943424,7.248435518314344,18.0,17.0
J25 Heroes 1:Moment of Heroism,C,-,3,1,2,0.3333333333333333,20.743989574805205,40.69914918954802,6.651719871580937,25.0,25.0
J25 Armed 4:Godsend,C,-,5,3,2,0.6,20.731549519287082,37.59120103418679,5.619883838299902,25.0,18.0
J25 Ninjas:Smoke Shroud,C,-,2,1,1,0.5,20.701377633612044,38.99372047750565,6.097447614631201,18.0,20.0
J25 Prideful:Leonin Scimitar,C,-,2,0,2,0.0,20.700268299238893,43.829489225897746,7.709740308886284,NaN,24.5
J22 Law 4:Skyhunter Patrol,C,-,2,0,2,0.0,20.69116972176752,41.48131687763038,6.930049051954286,NaN,16.5
J22 Law 4:Isamaru, Hound of Konda,C,-,2,0,2,0.0,20.69116972176752,41.48131687763038,6.930049051954286,NaN,16.5
J22 Zombies 2:Ghoulraiser,C,-,2,0,2,0.0,20.68208236917688,43.80008002485217,7.705999218558431,NaN,29.5
J22 Zombies 2:Dead Weight,C,-,6,2,4,0.3333333333333333,20.681871633060855,40.3611513668486,6.559759911262582,20.5,21.25
J25 Modified:Gnarlid Colony,C,-,1,0,1,0.0,20.670874904817634,43.61979086044742,7.649638651876594,NaN,19.0
J22 Speedy:Fiery Conclusion,C,-,2,0,2,0.0,20.670864387896746,43.578600451003865,7.635912021035707,NaN,22.0
J22 Speedy:Irreverent Revelers,C,-,2,0,2,0.0,20.67086438789674,43.57860045100386,7.635912021035707,NaN,22.0
J22 Speedy:Mudbutton Torchrunner,C,-,2,0,2,0.0,20.67086438789674,43.57860045100386,7.635912021035707,NaN,22.0
J22 Treasure 3:Blaze,C,-,3,1,2,0.3333333333333333,20.644250434312283,43.462024904343174,7.60592482334363,15.0,20.0
J22 Speedy:Warcry Phoenix,C,-,4,0,4,0.0,20.635338937258716,43.25610506271965,7.540255375153643,NaN,17.0
JMP Doctor 1:Take Heart,C,-,5,2,3,0.4,20.63341383242917,39.85024793316337,6.405611366911399,28.0,20.333333333333332
J22 Cruel 1:Feast on the Fallen,C,-,3,1,2,0.3333333333333333,20.599789178808628,41.52482330081127,6.975011374000881,17.0,16.0
JMP Doctor 3:Mesa Unicorn,C,-,3,1,2,0.3333333333333333,20.534875860516312,41.000452465663926,6.821858868382538,30.0,18.5
J25 Of the Coast 2:Gilded Scuttler,C,-,1,0,1,0.0,20.521574975563063,43.15942235822706,7.545949127554666,NaN,15.0
J22 Treasure 4:Gleaming Barrier,C,-,3,1,2,0.3333333333333333,20.51635470048048,43.745740305122446,7.743128534880655,16.0,23.5
J25 Elves 2:Kujar Seedsculptor,C,-,2,1,1,0.5,20.501594938042246,42.695941814285455,7.398115625414404,18.0,18.0
JMP Lands 1:Vastwood Zendikon,C,-,2,0,2,0.0,20.500623788601885,42.74259294349895,7.413989718299021,NaN,21.5
J25 Legion 1:Mentor of the Meek,C,-,2,1,1,0.5,20.486362712167463,40.092057956000104,6.535231747944214,17.0,15.0
JMP Spooky 3:Dutiful Attendant,C,-,2,1,1,0.5,20.472134128560235,42.39803642644048,7.308634099293414,18.0,22.0
JMP Spooky 3:Fetid Imp,C,-,2,1,1,0.5,20.472134128560235,42.39803642644048,7.308634099293414,18.0,22.0
J25 Ghastly 4:Wakedancer,C,-,3,1,2,0.3333333333333333,20.467173899570923,42.213566425390276,7.248797508606451,18.0,20.5
J22 Demons 2:Doomed Dissenter,C,-,1,0,1,0.0,20.46400737343991,43.829375999059884,7.7884562085399915,NaN,30.0
J22 Go to School 2:Bury in Books,C,-,1,0,1,0.0,20.46400737343991,43.829375999059884,7.7884562085399915,NaN,30.0
J22 Goblins 3:Muxus, Goblin Grandee,C,-,1,0,1,0.0,20.463210449727075,42.299190792863875,7.278660114378933,NaN,17.0
J22 Goblins 3:Arms Dealer,C,-,1,0,1,0.0,20.463210449727075,42.299190792863875,7.278660114378933,NaN,17.0
J25 Warriors 1:Keldon Raider,C,-,3,2,1,0.6666666666666666,20.45743032797232,42.084341830324895,7.208970500784191,20.0,18.0
JMP Heavily Armored 4:Trusty Retriever,D,-,3,1,2,0.3333333333333333,20.443897295646515,40.28996986540743,6.615357523253637,22.0,20.5
JMP Dinosaurs 4:New Horizons,D,-,5,3,2,0.6,20.431944688007256,42.38708338465666,7.318379565549802,17.666666666666668,22.0
J25 Illusions:Supreme Will,D,-,2,1,1,0.5,20.404311054131448,42.459414137392535,7.3517010277536965,19.0,16.0
J25 Encounter 2:Stony Strength,D,-,3,1,2,0.3333333333333333,20.38785773432938,39.75466813875827,6.4556034681429635,17.0,19.5
JMP Wizards 4:Vodalian Arcanist,D,-,2,1,1,0.5,20.375943340336573,40.73708620684079,6.787047622168074,19.0,29.0
J25 Vampires 4:Blood Burglar,D,-,3,1,2,0.3333333333333333,20.371508772770227,43.895811488719005,7.841434238649592,13.0,20.5
J25 Explorers 4:Braulios of Pheres Band,D,-,2,1,1,0.5,20.344935162130803,43.90497281031355,7.8533458827275835,17.0,30.0
J25 Explorers 4:Slimy Piper,D,-,2,1,1,0.5,20.34493516213079,43.90497281031354,7.8533458827275835,17.0,30.0
JMP Reanimated 2:Crow of Dark Tidings,D,-,4,2,2,0.5,20.321583829898714,42.28258357703748,7.320333249046255,25.0,21.0
J22 Cats 2:Leonin Snarecaster,D,-,2,0,2,0.0,20.304456012861067,42.533451959784436,7.409665315641123,NaN,17.5
J22 Go to School 2:Rhystic Study,D,-,4,2,2,0.5,20.2926758666531,43.09099247658979,7.599438869978897,20.0,22.0
J22 Wolves 3:Arlinn, Voice of the Pack,D,-,4,2,2,0.5,20.271653076773376,40.83661786486977,6.854988262698798,24.5,24.5
J22 Boneyard 1:Revenant,D,-,2,1,1,0.5,20.254960331079374,39.99433087654685,6.57979018182249,16.0,15.0
J22 Cruel 3:Alley Strangler,D,-,1,0,1,0.0,20.24180142178836,43.284483455122775,7.680894011111472,NaN,23.0
J22 Cruel 3:Feast on the Fallen,D,-,1,0,1,0.0,20.241801421788338,43.28448345512275,7.680894011111472,NaN,23.0
JMP Tree Hugging 3:Warden of the Woods,D,-,3,2,1,0.6666666666666666,20.23176074641512,40.424917408628815,6.731052220737899,18.0,18.0
J25 Elves 2:Dionus, Elvish Archdruid,D,-,1,0,1,0.0,20.21667552118199,42.50850509140971,7.4306098567425725,NaN,18.0
J25 Vampires 4:Rodolf Duskbringer,D,-,1,0,1,0.0,20.194717542409865,43.797227417053115,7.86750329154775,NaN,20.0
J22 Go to School 2:Overwhelmed Apprentice,D,-,3,1,2,0.3333333333333333,20.193517777708045,43.01761824198045,7.608033488090802,26.0,22.0
J25 Explorers 3:Go Forth,D,-,6,3,3,0.5,20.19138798572939,38.22150601137221,6.010039341880941,24.0,15.0
J25 Vampires 4:Vampire of the Dire Moon,D,-,3,1,2,0.3333333333333333,20.19002486167558,43.377426248700196,7.729133795674872,13.0,19.5
J25 Vampires 4:Gluttonous Guest,D,-,2,0,2,0.0,20.15330792882065,43.73137224616679,7.8593547724487145,NaN,20.5
J25 Stalwart 3:Jubilant Mascot,D,-,2,0,2,0.0,20.138645211840235,42.976157234068964,7.6125040074095764,NaN,24.0
J25 Treasures 1:Ruthless Knave,D,-,2,0,2,0.0,20.117940534524898,41.81724923275384,7.233102899409647,NaN,16.0
JMP Discarding 2:Death's Approach,D,-,4,3,1,0.75,20.088770046485006,41.66326788045807,7.191499277991022,21.0,30.0
J22 Go to School 2:Teferi's Protege,D,-,1,0,1,0.0,20.086444535968806,42.10950697957946,7.341020814536884,NaN,24.0
J25 Inventive 4:Experimental Aviator,D,-,2,1,1,0.5,20.08417622451384,43.24286886814063,7.719564214542264,16.0,23.0
J25 Inventive 4:Ornithopter of Paradise,D,-,2,1,1,0.5,20.08417622451384,43.24286886814063,7.719564214542264,16.0,23.0
J25 Dragons 1:Firespitter Whelp,D,-,4,1,3,0.25,20.080881587726296,38.77975515789091,6.232957856721539,27.0,22.0
J22 Urza's:Walking Ballista,D,-,2,1,1,0.5,20.07632755874263,42.497037760983005,7.473570067413458,18.0,20.0
J22 Demons 2:Dreadhound,D,-,2,0,2,0.0,20.06278254080951,42.89313940190424,7.610118953698244,NaN,25.0
JMP Goblins 4:Goblin Lore,D,-,2,1,1,0.5,20.061186116600382,42.10776239437857,7.348858759259395,12.0,24.0
J22 Teamwork 1:Angelic Cub,D,-,5,2,3,0.4,20.028135448184358,38.71727335481263,6.229712635542758,31.5,24.0
J25 Drowned 1:Neerdiv, Devious Diver,D,-,2,1,1,0.5,20.013374709079052,39.83618123495052,6.6076021752904905,23.0,16.0
JMP Discarding 2:Assassin's Strike,D,-,3,2,1,0.6666666666666666,19.99340091359947,41.58233236170642,7.196310482702317,24.0,30.0
J25 Ninjas:Prosperous Thief,D,-,1,0,1,0.0,19.98215108166398,43.0682885370377,7.695379151791241,NaN,21.0
J25 Vampires 4:Scourge of the Undercity,D,-,2,0,2,0.0,19.972199704221236,43.209910376800984,7.745903557526582,NaN,19.5
J22 Treasure 3:Blood Aspirant,D,-,2,0,2,0.0,19.95971621302112,43.091898161775966,7.710727316251615,NaN,22.0
J25 Warriors 2:Pyrophobia,D,-,2,0,2,0.0,19.956389420629876,42.14544321865164,7.396351266007256,NaN,21.5
J25 Ne'er-do-wells 1:Masked Blackguard,D,-,2,0,2,0.0,19.930829529985683,41.70272644304399,7.257298971019437,NaN,19.5
J22 Treasure 3:Vault Robber,D,-,2,0,2,0.0,19.922916555165553,43.01427100591697,7.697118150250471,NaN,20.0
JMP Well-Read 4:Tome Anima,D,-,3,2,1,0.6666666666666666,19.907046803327066,40.12941934116755,6.740790845946827,22.0,17.0
J25 Inventive 4:Chief of the Foundry,D,-,1,0,1,0.0,19.890656382165915,43.12290735491012,7.744083657581401,NaN,23.0
J25 Vampires 1:Blood Burglar,D,-,1,0,1,0.0,19.890656382165915,43.12290735491012,7.744083657581401,NaN,23.0
J25 Ninjas:Phantom Ninja,D,-,3,1,2,0.3333333333333333,19.886971158053207,42.88530503730767,7.666111293084819,24.0,20.5
J25 Healers 1:Faith's Fetters,D,-,2,1,1,0.5,19.885241588579767,43.085596584188025,7.733451665202752,13.0,20.0
J25 Vampires 1:Vampire of the Dire Moon,D,-,2,1,1,0.5,19.87171896348143,43.1251717652039,7.75115093390749,14.0,23.0
J25 Vampires 1:Gift of Fangs,D,-,2,1,1,0.5,19.87171896348143,43.1251717652039,7.75115093390749,14.0,23.0
JMP Feathered Friends 4:Celestial Enforcer,D,-,2,0,2,0.0,19.871513240541315,42.44217954466162,7.523555434706768,NaN,21.5
J25 Ghastly 1:Tragic Slip,D,-,3,2,1,0.6666666666666666,19.866552791542713,41.102551603550666,7.078666270669317,23.0,16.0
J25 Healers 1:Angel of Mercy,D,-,1,0,1,0.0,19.843277206420126,43.04683292646281,7.734518573347562,NaN,20.0
J25 Landfall 4:Canopy Baloth,D,-,1,0,1,0.0,19.843277206420126,43.04683292646281,7.734518573347562,NaN,20.0
JMP Smashing 3:Heartfire Immolator,D,-,3,0,3,0.0,19.842549813450404,41.319737917069105,7.159062701206234,NaN,15.666666666666666
JMP Goblins 4:Krenko, Mob Boss,D,-,2,0,2,0.0,19.840605449598335,41.728736171022796,7.296043573808153,NaN,23.5
J22 Gross 2:Plaguecrafter,D,-,4,2,2,0.5,19.819992682432485,40.88507736387949,7.021694893815668,21.0,15.0
JMP Goblins 4:Outnumber,D,-,3,1,2,0.3333333333333333,19.815125020575337,41.72696256983177,7.303945849752144,12.0,23.5
J25 Bloody 2:Flame-Blessed Bolt,D,-,2,0,2,0.0,19.814200294879264,41.79573940118606,7.327179702102265,NaN,15.5
J22 Unlucky Thirteen:Skirsdag Supplicant,D,-,2,0,2,0.0,19.80139979082669,41.8347017955222,7.34443400156517,NaN,23.0
J22 Knights:Benalish Honor Guard,D,-,2,0,2,0.0,19.77844923297797,42.09761840674144,7.439723057921157,NaN,20.0
J22 Knights:Skyhunter Prowler,D,-,2,0,2,0.0,19.77844923297797,42.09761840674144,7.439723057921157,NaN,20.0
J22 Elves 2:Elvish Rejuvenator,D,-,3,2,1,0.6666666666666666,19.758654968479135,41.995275701526026,7.41220691101563,23.5,24.0
JMP Well-Read 4:Suspicious Bookcase,D,-,5,2,3,0.4,19.75111055763968,39.80294438607727,6.683944609479197,22.0,16.666666666666668
J25 Illusions:Krovikan Mist,D,-,3,1,2,0.3333333333333333,19.74761409949358,40.228993682568834,6.827126527691752,27.0,15.5
J25 Illusions:Phantasmal Shieldback,D,-,3,1,2,0.3333333333333333,19.74761409949358,40.228993682568834,6.827126527691752,27.0,15.5
J25 Ne'er-do-wells 1:Crooked Custodian,D,-,3,0,3,0.0,19.732271035986493,41.29791993814605,7.188549634053187,NaN,19.666666666666668
J25 Ne'er-do-wells 1:Rev, Tithe Extractor,D,-,3,0,3,0.0,19.732271035986443,41.297919938146,7.188549634053187,NaN,19.666666666666668
J25 Zealots 1:Emberhorn Minotaur,D,-,2,0,2,0.0,19.728841777891255,42.1920530754357,7.487737099181483,NaN,22.0
JMP Above the Clouds 1:Warden of Evos Isle,D,-,2,1,1,0.5,19.724882396837344,41.200995897296444,7.158704500153033,16.0,19.0
J25 Ne'er-do-wells 1:Foul Play,D,-,3,2,1,0.6666666666666666,19.718993876338253,38.84163952162721,6.374215215096319,28.5,20.0
J22 Morbid 2:Priest of the Blood Rite,D,-,5,2,3,0.4,19.702870831187532,40.9375541521695,7.078227773660655,20.0,23.333333333333332
J25 Legion 2:Conclave Tribunal,D,-,1,0,1,0.0,19.690052162235997,43.149535154724354,7.819827664162786,NaN,28.0
J25 Legion 2:Ancestral Blade,D,-,1,0,1,0.0,19.690052162235997,43.149535154724354,7.819827664162786,NaN,28.0
J25 Grave Robbers 4:Revoke Demise,D,-,2,0,2,0.0,19.683665531172554,43.04000881553615,7.785447761454531,NaN,26.5
J25 Grave Robbers 4:Undead Butler,D,-,2,0,2,0.0,19.683665531172554,43.04000881553615,7.785447761454531,NaN,26.5
JMP Discarding 1:Slate Street Ruffian,D,-,2,1,1,0.5,19.682850571096747,43.15902920142013,7.825392876774462,18.0,28.0
JMP Heavily Armored 4:Tempered Veteran,D,-,3,1,2,0.3333333333333333,19.65945653182411,39.90165155085777,6.747398339677887,16.0,18.5
JMP Lightning 2:Lightning Elemental,D,-,2,0,2,0.0,19.659083115703588,40.48323073785577,6.9413825407173935,NaN,15.0
J22 Zombies 2:Crow of Dark Tidings,D,-,3,1,2,0.3333333333333333,19.650221397016754,42.08074977041658,7.476842791133276,17.0,23.5
J22 Detective 1:Gearseeker Serpent,D,-,3,1,2,0.3333333333333333,19.63811056161051,37.1815493537585,5.847812930715996,16.0,25.0
JMP Spellcasting 2:Young Pyromancer,D,-,2,1,1,0.5,19.63672375152605,42.66346546059237,7.6755805696887744,20.0,20.0
J25 Illusions:Lord of the Unreal,D,-,1,0,1,0.0,19.624685214787,41.91683280678496,7.43071586399932,NaN,16.0
JMP Spooky 2:Sanitarium Skeleton,D,-,1,0,1,0.0,19.62025179073109,42.198859680430814,7.526202629899909,NaN,21.0
J22 Morbid 2:Village Rites,D,-,3,1,2,0.3333333333333333,19.613523177172503,40.861181734149206,7.082552852325567,27.0,23.5
J22 Gross 2:Blight Keeper,D,-,2,1,1,0.5,19.596015101489478,40.730564938700596,7.04484994573704,24.0,17.0
JMP Predatory 2:Neyith of the Dire Hunt,D,-,2,0,2,0.0,19.59482772799342,42.19588422583286,7.533685499279815,NaN,18.0
J25 Elves 2:Bounty of Skemfar,D,-,2,0,2,0.0,19.577598708583505,40.9198762004998,7.114092497305432,NaN,18.0
J25 Prideful:Impeccable Timing,D,-,3,0,3,0.0,19.575149108312164,41.77955295913726,7.401467950275033,NaN,24.333333333333332
J22 Blink 3:Restoration Angel,D,-,2,1,1,0.5,19.57393426402139,41.294561523456814,7.240209086478474,19.0,20.0
J22 Treasure 4:Goldvein Pick,D,-,4,1,3,0.25,19.572145698088235,41.05019362150651,7.159349307806091,20.0,23.0
J22 Cycling 1:Go for Blood,D,-,1,0,1,0.0,19.562430340186168,42.357337516852105,7.598302392221979,NaN,25.0
J22 Cycling 1:Plundering Predator,D,-,1,0,1,0.0,19.562430340186168,42.357337516852105,7.598302392221979,NaN,25.0
J22 Cycling 1:Quakefoot Cyclops,D,-,1,0,1,0.0,19.562430340186168,42.357337516852105,7.598302392221979,NaN,25.0
J22 Cycling 1:Reptilian Reflection,D,-,1,0,1,0.0,19.562430340186168,42.357337516852105,7.598302392221979,NaN,25.0
J25 Armed 3:Mirran Bardiche,D,-,1,0,1,0.0,19.562430340186168,42.357337516852105,7.598302392221979,NaN,25.0
J25 Icky 1:Heartstabber Mosquito,D,-,1,0,1,0.0,19.526872705900374,42.169116501827084,7.547414598642237,NaN,25.0
J25 Armed 3:Ancestral Blade,D,-,3,0,3,0.0,19.513983612328474,42.13593850238039,7.540651630017305,NaN,18.0
JMP Dinosaurs 4:Drover of the Mighty,D,-,7,3,4,0.42857142857142855,19.49208439027508,36.57910115913839,5.695672256287769,26.333333333333332,20.0
J25 Legion 2:Dauntless Unity,D,-,2,0,2,0.0,19.46160881931936,42.60990447604512,7.716098552241922,NaN,24.0
J25 Legion 2:Defend the Campus,D,-,2,0,2,0.0,19.46160881931936,42.60990447604512,7.716098552241922,NaN,24.0
J22 Think Again 3:Merfolk Pupil,D,-,4,2,2,0.5,19.4492850994285,39.45730977394884,6.669341558173447,14.5,23.0
J25 Icky 2:Morkrut Necropod,D,-,1,0,1,0.0,19.446843204918483,42.72846360907352,7.7605401347183465,NaN,34.0
J25 Icky 2:Nantuko Husk,D,-,1,0,1,0.0,19.446843204918483,42.72846360907352,7.7605401347183465,NaN,34.0
J25 Modified:Shardless Outlander,D,-,1,0,1,0.0,19.446843204918483,42.72846360907352,7.7605401347183465,NaN,34.0
J25 Icky 2:Wriggling Grub,D,-,1,0,1,0.0,19.446843204918483,42.72846360907352,7.7605401347183465,NaN,34.0
J25 Icky 2:Endless Cockroaches,D,-,1,0,1,0.0,19.446843204918483,42.72846360907352,7.7605401347183465,NaN,34.0
J25 Icky 2:Eaten Alive,D,-,1,0,1,0.0,19.446843204918483,42.72846360907352,7.7605401347183465,NaN,34.0
J25 Modified:Saurian Symbiote,D,-,1,0,1,0.0,19.446843204918483,42.72846360907352,7.7605401347183465,NaN,34.0
J25 Icky 2:Devouring Swarm,D,-,1,0,1,0.0,19.446843204918483,42.72846360907352,7.7605401347183465,NaN,34.0
J25 Modified:Reckless Amplimancer,D,-,1,0,1,0.0,19.446843204918483,42.72846360907352,7.7605401347183465,NaN,34.0
J25 Icky 2:Go for the Throat,D,-,1,0,1,0.0,19.446843204918483,42.72846360907352,7.7605401347183465,NaN,34.0
J25 Armed 1:Pacifism,D,-,5,4,1,0.8,19.444098252502844,41.16469038693028,7.240197378142479,29.75,31.0
JMP Spellcasting 2:Lightning Visionary,D,-,2,1,1,0.5,19.427804095170067,42.51534891512374,7.695848273317891,19.0,20.0
J22 Knights:Danitha Capashen, Paragon,D,-,2,0,2,0.0,19.421814657249143,41.484026847277484,7.354070730009447,NaN,20.0
J22 Knights:Kwende, Pride of Femeref,D,-,2,0,2,0.0,19.421814657249143,41.484026847277484,7.354070730009447,NaN,20.0
J22 Goblins 1:Rummaging Goblin,D,-,2,0,2,0.0,19.414148385174435,41.76669144056343,7.4508476851296646,NaN,17.5
J22 Law 2:Ninth Bridge Patrol,D,-,4,2,2,0.5,19.412415567878504,38.50004638340548,6.362543605175659,15.5,14.5
JMP Spellcasting 2:Shock,D,-,3,1,2,0.3333333333333333,19.403175895036178,42.499980715387316,7.698934940117046,19.0,18.0
J22 Goblins 1:Weaselback Redcap,D,-,2,0,2,0.0,19.39997775427892,41.52807168427457,7.3760313099985515,NaN,17.0
J22 Goblins 1:Goblin Grenade,D,-,2,0,2,0.0,19.39997775427892,41.52807168427457,7.3760313099985515,NaN,17.0
J25 Clerics 4:Dark Bargain,D,-,1,0,1,0.0,19.38464328766066,41.59333370938943,7.402896807242922,NaN,16.0
JMP Above the Clouds 4:Unsubstantiate,D,-,1,0,1,0.0,19.358744347186885,41.56023420921274,7.400496620675284,NaN,24.0
J22 Zombies 1:Lord of the Accursed,D,-,2,0,2,0.0,19.352959221881672,41.593205562747215,7.413415446955181,NaN,25.5
J22 Zombies 1:Suspicious Shambler,D,-,2,0,2,0.0,19.352959221881665,41.59320556274721,7.413415446955181,NaN,25.5
JMP Lands 1:Feral Hydra,D,-,1,0,1,0.0,19.324102678952716,41.09848244810559,7.258126589717626,NaN,20.0
JMP Lands 1:Fertilid,D,-,1,0,1,0.0,19.324102678952716,41.09848244810559,7.258126589717626,NaN,20.0
JMP Goblins 2:Goblin Arsonist,D,-,2,0,2,0.0,19.288764798855123,40.357536696499515,7.022923965881464,NaN,19.0
J25 Enchanted 1:Psemilla, Meletian Poet,D,-,1,0,1,0.0,19.281699723104666,42.22331476915755,7.64720501535096,NaN,26.0
J22 Merfolk 1:Merrow Reejerey,D,-,1,0,1,0.0,19.281699723104666,42.22331476915755,7.64720501535096,NaN,26.0
J22 Merfolk 1:Sage of the Falls,D,-,1,0,1,0.0,19.281699723104666,42.22331476915755,7.64720501535096,NaN,26.0
J25 Enchanted 1:Chosen by Heliod,D,-,1,0,1,0.0,19.281699723104666,42.22331476915755,7.64720501535096,NaN,26.0
J25 Enchanted 1:Captivating Unicorn,D,-,1,0,1,0.0,19.281699723104666,42.22331476915755,7.64720501535096,NaN,26.0
J25 Enchanted 1:Favored of Iroas,D,-,1,0,1,0.0,19.281699723104666,42.22331476915755,7.64720501535096,NaN,26.0
J25 Enchanted 1:Archon of Falling Stars,D,-,1,0,1,0.0,19.281699723104666,42.22331476915755,7.64720501535096,NaN,26.0
J25 Enchanted 1:Spirited Companion,D,-,1,0,1,0.0,19.281699723104666,42.22331476915755,7.64720501535096,NaN,26.0
J22 Merfolk 1:Seafloor Oracle,D,-,2,0,2,0.0,19.260902544274398,42.07665003209097,7.605249162605523,NaN,21.5
JMP Spooky 2:Eternal Taskmaster,D,-,3,0,3,0.0,19.256404014435265,41.35851050870695,7.367368831423895,NaN,20.0
J25 Modified:Orochi Merge-Keeper,D,-,2,0,2,0.0,19.231337289134412,42.36400257291427,7.71088842792662,NaN,30.5
J25 Modified:Snakeskin Veil,D,-,2,0,2,0.0,19.231337289134412,42.36400257291427,7.71088842792662,NaN,30.5
JMP Legion 4:Makeshift Battalion,D,-,1,0,1,0.0,19.20087807533632,41.92655153040021,7.575224485021297,NaN,20.0
JMP Spooky 2:Malefic Scythe,D,-,4,0,4,0.0,19.18737729636809,41.1713049464483,7.32797588336007,NaN,19.25
J25 Warriors 2:Relic Axe,D,-,3,0,3,0.0,19.184822644998395,40.91262588167025,7.242601078890619,NaN,20.333333333333332
J22 Knights:Order of the Golden Cricket,D,-,2,0,2,0.0,19.177114892350165,41.09974909909576,7.307544735581865,NaN,19.0
J22 Knights:Balan, Wandering Knight,D,-,2,0,2,0.0,19.177114892350165,41.09974909909576,7.307544735581865,NaN,19.0
J22 Urza's:Alchemist's Vial,D,-,2,1,1,0.5,19.17383029393673,41.92429080705663,7.583486837706632,16.0,20.0
J22 Urza's:Urza's Factory,D,-,2,1,1,0.5,19.173830293936703,41.9242908070566,7.583486837706632,16.0,20.0
J22 Experimental 1:Young Pyromancer,D,-,2,1,1,0.5,19.15752580154687,39.21214657881233,6.68487359242182,22.0,19.0
J22 Experimental 1:Spellgorger Weird,D,-,2,1,1,0.5,19.15752580154687,39.21214657881233,6.68487359242182,22.0,19.0
J22 Experimental 1:Lightning Axe,D,-,2,1,1,0.5,19.15752580154687,39.21214657881233,6.68487359242182,22.0,19.0
J22 Experimental 1:Catalyst Elemental,D,-,2,1,1,0.5,19.15752580154687,39.21214657881233,6.68487359242182,22.0,19.0
JMP Archaeology 2:Meteor Golem,D,-,1,0,1,0.0,19.12851617395293,42.14984085539979,7.673774893815619,NaN,22.0
JMP Archaeology 2:Buried Ruin,D,-,1,0,1,0.0,19.12851617395293,42.14984085539979,7.673774893815619,NaN,22.0
JMP Archaeology 2:Dreamstone Hedron,D,-,1,0,1,0.0,19.12851617395293,42.14984085539979,7.673774893815619,NaN,22.0
JMP Goblins 2:Beetleback Chief,D,-,2,0,2,0.0,19.10530068198339,39.73721017945271,6.877303165823107,NaN,17.0
JMP Goblins 2:Ornery Goblin,D,-,2,0,2,0.0,19.10530068198339,39.73721017945271,6.877303165823107,NaN,17.0
JMP Spellcasting 2:Heartfire Immolator,D,-,5,3,2,0.6,19.104044694367527,40.24352225739744,7.04649252100997,19.0,20.0
J25 Wizards 1:Remand,D,-,2,1,1,0.5,19.102709308604517,42.14856857638382,7.6819530892597685,45.0,22.0
J25 Wizards 1:Exclusion Mage,D,-,2,1,1,0.5,19.102709308604517,42.14856857638382,7.6819530892597685,45.0,22.0
JMP Archaeology 2:Lightning-Core Excavator,D,-,2,0,2,0.0,19.10220240976082,42.1443617544888,7.680719781575993,NaN,19.5
JMP Goblins 2:Goblin Instigator,D,-,2,0,2,0.0,19.078233460522313,38.89752507407352,6.606430537850402,NaN,15.0
J25 Explorers 2:Shardless Outlander,D,-,2,1,1,0.5,19.051103697455734,38.95334612649102,6.634080809678429,15.0,19.0
J25 Wizards 1:Augur of Bolas,D,-,3,1,2,0.3333333333333333,19.042334550134676,41.92940581491928,7.629023754928201,45.0,21.0
J25 Goblins 2:Goblin Arsonist,D,-,4,2,2,0.5,19.01198672605056,40.62041615222457,7.202809808724671,23.0,33.5
J22 Fangs 4:Feast of Blood,D,-,2,1,1,0.5,19.01185753165952,39.241026042046855,6.743056170129112,29.0,16.0
J22 Knights:Shining Armor,D,-,3,0,3,0.0,19.005609974736398,40.62149270826906,7.205294244510887,NaN,18.666666666666668
J25 Bookworms 3:Mystic Skyfish,D,-,3,1,2,0.3333333333333333,18.994310952169688,41.40935778352871,7.471682277119675,20.0,20.0
J25 Bookworms 3:Drag Under,D,-,3,1,2,0.3333333333333333,18.994310952169688,41.40935778352871,7.471682277119675,20.0,20.0
JMP Enchanted 1:Knight of the Tusk,D,-,1,0,1,0.0,18.967287132297002,41.782270879992836,7.604994582565277,NaN,28.0
JMP Enchanted 1:Trusty Retriever,D,-,1,0,1,0.0,18.967287132297002,41.782270879992836,7.604994582565277,NaN,28.0
JMP Spellcasting 2:Thermo-Alchemist,D,-,3,1,2,0.3333333333333333,18.945728411577957,40.08574732170636,7.0466729700428,18.0,20.0
JMP Enchanted 1:Forced Worship,D,-,2,0,2,0.0,18.94081216913671,41.72838018626534,7.5958560057095434,NaN,22.5
JMP Under the Sea 2:Octoprophet,D,-,2,0,2,0.0,18.936817009140857,41.76633926683246,7.609840752563868,NaN,28.5
JMP Under the Sea 2:Aegis Turtle,D,-,2,0,2,0.0,18.936817009140857,41.76633926683246,7.609840752563868,NaN,28.5
JMP Heavily Armored 1:Siege Striker,D,-,1,0,1,0.0,18.897276471254358,39.35028478790068,6.817669438882106,NaN,11.0
JMP Legion 3:Valorous Steed,D,-,2,1,1,0.5,18.89284051845882,39.30570472604212,6.804288069194435,27.0,16.0
JMP Legion 3:Basri's Solidarity,D,-,2,1,1,0.5,18.89284051845882,39.30570472604212,6.804288069194435,27.0,16.0
J25 Angels 2:Secluded Steppe,D,-,1,0,1,0.0,18.86908993243048,41.362454930511056,7.497788332693525,NaN,18.0
J25 Angels 2:Angelic Edict,D,-,1,0,1,0.0,18.86908993243048,41.362454930511056,7.497788332693525,NaN,18.0
J25 Angels 2:Herald of War,D,-,1,0,1,0.0,18.86908993243048,41.362454930511056,7.497788332693525,NaN,18.0
J25 Angels 2:Starnheim Memento,D,-,1,0,1,0.0,18.86908993243048,41.362454930511056,7.497788332693525,NaN,18.0
J22 Elves 3:Elderleaf Mentor,D,-,1,0,1,0.0,18.864927005602702,41.160111744472516,7.4317282462899374,NaN,26.0
J22 Faeries 2:Instruments of War,D,-,1,0,1,0.0,18.86255617613758,40.3843367710631,7.173926864975172,NaN,18.0
J22 Faeries 2:Faerie Seer,D,-,1,0,1,0.0,18.862556176137574,40.38433677106309,7.173926864975172,NaN,18.0
J22 Faeries 2:Soul Read,D,-,4,1,3,0.25,18.859515950356176,37.9937656275643,6.378083225736042,17.0,17.333333333333332
J25 Encounter 2:Saurian Symbiote,D,-,1,0,1,0.0,18.857297832778812,41.28735881549122,7.476686994237468,NaN,17.0
J22 Multi-Headed 1:Fertilid,D,-,1,0,1,0.0,18.857297832778812,41.28735881549122,7.476686994237468,NaN,17.0
J22 Multi-Headed 1:Servant of the Scale,D,-,1,0,1,0.0,18.857297832778812,41.28735881549122,7.476686994237468,NaN,17.0
J25 Surprise 2:Brineborn Cutthroat,D,-,2,1,1,0.5,18.792409480479506,39.28042594785282,6.829338822457771,13.0,16.0
J25 Healers 1:Ajani's Pridemate,D,-,3,1,2,0.3333333333333333,18.784112060649733,41.06760589443221,7.427831277927494,13.0,22.5
J25 Healers 1:Qala, Ajani's Pridemate,D,-,3,1,2,0.3333333333333333,18.784112060649733,41.06760589443221,7.427831277927494,13.0,22.5
JMP Phyrexian:Perilous Myr,D,-,2,1,1,0.5,18.78075717340481,40.44014572839982,7.219796184998336,28.0,18.0
J25 Dragons 1:Dragon Whelp,D,-,6,3,3,0.5,18.75989974536591,35.19893249073859,5.479677581790894,20.333333333333332,23.666666666666668
J25 Ghastly 2:Defenestrate,D,-,2,1,1,0.5,18.757644893537513,41.35315725381648,7.531837453426321,14.0,20.0
J25 Ghastly 2:Gnawing Zombie,D,-,2,1,1,0.5,18.757644893537513,41.35315725381648,7.531837453426321,14.0,20.0
J25 Healers 1:Angel of Vitality,D,-,2,0,2,0.0,18.74382511837323,41.02728079356423,7.427818558397,NaN,22.5
J25 Healers 1:Brightmare,D,-,4,1,3,0.25,18.733162067212106,40.96059749966641,7.409145144151435,13.0,19.666666666666668
JMP Spooky 2:Bone Picker,D,-,2,0,2,0.0,18.732577192349552,39.831687444446764,7.033036750699071,NaN,18.0
J22 Multi-Headed 2:Ilysian Caryatid,D,-,1,0,1,0.0,18.701127416279377,40.26658844495438,7.188487009558334,NaN,16.0
J22 Multi-Headed 2:Servant of the Scale,D,-,1,0,1,0.0,18.701127416279377,40.26658844495438,7.188487009558334,NaN,16.0
JMP Doctor 1:Swift Response,D,-,2,0,2,0.0,18.699680441949113,40.840130412392476,7.380149990147788,NaN,26.0
JMP Wizards 2:Wizard's Retort,D,-,2,1,1,0.5,18.686825141380126,40.995260094298445,7.436144984306106,21.0,32.0
J25 Elves 3:Llanowar Visionary,D,-,2,1,1,0.5,18.648119021891187,39.0368855820992,6.796255520069338,21.0,13.0
J25 Elves 3:Tajuru Pathwarden,D,-,2,1,1,0.5,18.648119021891187,39.0368855820992,6.796255520069338,21.0,13.0
J25 Elves 3:Dionus, Elvish Archdruid,D,-,2,1,1,0.5,18.648119021891187,39.0368855820992,6.796255520069338,21.0,13.0
J25 Landfall 2:Bite Down,D,-,3,1,2,0.3333333333333333,18.629186178297026,40.885842291130395,7.418885370944456,17.0,33.0
J25 Bookworms 3:Shore Keeper,D,-,3,1,2,0.3333333333333333,18.627536956417906,40.485932635401156,7.286131892994416,20.0,21.0
J22 Raid 2:Rigging Runner,D,-,2,0,2,0.0,18.622938642455306,38.574857733968244,6.65063969717098,NaN,16.5
J22 Treasure 4:Brazen Freebooter,D,-,3,0,3,0.0,18.622536535985837,40.341274806139225,7.239579423384463,NaN,23.0
JMP Above the Clouds 1:Mistral Singer,D,-,1,0,1,0.0,18.61608082852748,41.26884553512593,7.550921568866149,NaN,22.0
JMP Above the Clouds 1:Rain of Revelation,D,-,1,0,1,0.0,18.61608082852748,41.26884553512593,7.550921568866149,NaN,22.0
J25 Ghastly 2:Doomed Dissenter,D,-,1,0,1,0.0,18.600443755178222,41.242231822493274,7.547262689105017,NaN,20.0
J25 Ghastly 2:Falkenrath Noble,D,-,1,0,1,0.0,18.600443755178222,41.242231822493274,7.547262689105017,NaN,20.0
J25 Ghastly 2:Village Rites,D,-,1,0,1,0.0,18.600443755178222,41.242231822493274,7.547262689105017,NaN,20.0
J25 Ghastly 2:Ozox, the Clattering King,D,-,1,0,1,0.0,18.600443755178222,41.242231822493274,7.547262689105017,NaN,20.0
J22 Morbid 1:Tragic Slip,D,-,1,0,1,0.0,18.59764884433308,41.79474951966764,7.732366891778187,NaN,26.0
J22 Morbid 1:Liliana's Steward,D,-,1,0,1,0.0,18.59764884433308,41.79474951966764,7.732366891778187,NaN,26.0
J22 Morbid 1:Disciple of Perdition,D,-,1,0,1,0.0,18.597648844333072,41.79474951966763,7.732366891778187,NaN,26.0
J22 Morbid 1:Bone Picker,D,-,1,0,1,0.0,18.597648844333072,41.79474951966763,7.732366891778187,NaN,26.0
J25 Clerics 4:Skemfar Shadowsage,D,-,1,0,1,0.0,18.597648844333072,41.79474951966763,7.732366891778187,NaN,26.0
J22 Morbid 1:Reave Soul,D,-,1,0,1,0.0,18.597648844333072,41.79474951966763,7.732366891778187,NaN,26.0
J22 Morbid 1:Reaper from the Abyss,D,-,1,0,1,0.0,18.597648844333072,41.79474951966763,7.732366891778187,NaN,26.0
J25 Enchanted 1:Dreadful Apathy,D,-,2,0,2,0.0,18.583289473372215,40.521249533598706,7.31265335340883,NaN,20.0
J22 Fangs 2:Oathsworn Vampire,D,-,2,1,1,0.5,18.569227879607435,40.295189854836444,7.2419873250763365,23.0,18.0
J22 Fangs 2:Bloodthirsty Aerialist,D,-,2,1,1,0.5,18.569227879607435,40.295189854836444,7.2419873250763365,23.0,18.0
JMP Spooky 2:Caged Zombie,D,-,3,0,3,0.0,18.548080854082052,39.53244573566243,6.994788293860125,NaN,19.0
J22 Spirits 1:Gallows Warden,D,-,1,0,1,0.0,18.53715356259142,41.89530818379451,7.786051540401031,NaN,48.0
J22 Spirits 1:Apothecary Geist,D,-,1,0,1,0.0,18.53715356259142,41.89530818379451,7.786051540401031,NaN,48.0
J25 Landfall 4:Harrow,D,-,2,0,2,0.0,18.518559222635197,40.55940259586556,7.346947791076788,NaN,22.0
J25 Landfall 4:Bite Down,D,-,2,0,2,0.0,18.518559222635197,40.55940259586556,7.346947791076788,NaN,22.0
J22 Zombies 1:Dead Weight,D,-,3,0,3,0.0,18.517678373338857,40.285005209998104,7.255775612219749,NaN,26.0
J22 Think Again 3:Tome Anima,D,-,1,0,1,0.0,18.456646002118926,40.19955093933286,7.247634979071311,NaN,16.0
J25 Ghastly 4:Deadly Dispute,D,-,2,1,1,0.5,18.42230289866888,41.089750042916656,7.555815714749258,10.0,23.0
JMP Heavily Armored 1:Feat of Resistance,D,-,2,0,2,0.0,18.420364524570388,38.307702657570125,6.629112710999912,NaN,14.0
J25 Armed 1:Divine Arrow,D,-,2,1,1,0.5,18.42017937007582,40.26015263397803,7.279991087967403,30.0,31.0
J25 Ghastly 4:Crawl from the Cellar,D,-,1,0,1,0.0,18.414131393214625,41.07086742829706,7.55224534502748,NaN,23.0
J25 Inventive 2:Sai, Master Thopterist,D,-,1,0,1,0.0,18.414131393214596,41.070867428297035,7.55224534502748,NaN,23.0
J25 Ghastly 4:Army of the Damned,D,-,1,0,1,0.0,18.414131393214596,41.070867428297035,7.55224534502748,NaN,23.0
J25 Ghastly 4:Tragic Slip,D,-,1,0,1,0.0,18.414131393214596,41.070867428297035,7.55224534502748,NaN,23.0
J22 Treasure 3:Goldhound,D,-,2,0,2,0.0,18.400461631872712,40.11849486892949,7.239344412352259,NaN,19.0
J25 Surprise 4:Stinging Lionfish,D,-,3,0,3,0.0,18.383838475533473,40.766770039182084,7.46097718788287,NaN,20.666666666666668
J25 Inventive 2:Universal Solvent,D,-,2,0,2,0.0,18.36047658028298,40.960776090214765,7.533433169977261,NaN,22.5
JMP Well-Read 3:Tolarian Kraken,D,-,1,0,1,0.0,18.351827341121513,40.23614655544604,7.29477307144151,NaN,21.0
JMP Well-Read 3:Cloudreader Sphinx,D,-,1,0,1,0.0,18.351827341121513,40.23614655544604,7.29477307144151,NaN,21.0
JMP Well-Read 3:Runed Servitor,D,-,1,0,1,0.0,18.351827341121506,40.236146555446034,7.29477307144151,NaN,21.0
JMP Well-Read 3:Erratic Visionary,D,-,2,0,2,0.0,18.323221570919777,40.231226451407004,7.302668293495742,NaN,18.5
J25 Heroes 1:Wingsteed Rider,D,-,5,2,3,0.4,18.322907949563096,35.72533254727081,5.800808199235905,21.0,16.666666666666668
J22 Detective 1:Drownyard Explorers,D,-,2,0,2,0.0,18.27483802478511,40.50637371482996,7.4105118966816175,NaN,25.0
JMP Lands 1:Fa'adiyah Seer,D,-,2,0,2,0.0,18.266883942858986,39.29314324905083,7.008753102063948,NaN,21.5
J25 Fun Guys 1:Saurian Symbiote,D,-,1,0,1,0.0,18.260747310122955,40.14927905905508,7.2961772496440425,NaN,19.0
J25 Fun Guys 1:Tukatongue Thallid,D,-,1,0,1,0.0,18.260747310122955,40.14927905905508,7.2961772496440425,NaN,19.0
J25 Fun Guys 1:Might of the Masses,D,-,1,0,1,0.0,18.260747310122955,40.14927905905508,7.2961772496440425,NaN,19.0
J25 Fun Guys 1:Slimy Piper,D,-,1,0,1,0.0,18.260747310122955,40.14927905905508,7.2961772496440425,NaN,19.0
J25 Fun Guys 1:Band Together,D,-,1,0,1,0.0,18.260747310122955,40.14927905905508,7.2961772496440425,NaN,19.0
J25 Bookworms 3:Omen of the Sea,D,-,2,1,1,0.5,18.257157192746213,39.13533461157122,6.959392472941668,20.0,16.0
J22 Detective 1:Dutiful Replicator,D,-,3,0,3,0.0,18.247117575159002,40.49775759195082,7.416880005597274,NaN,24.0
J25 Explorers 4:Explore,D,-,4,2,2,0.5,18.246007132791952,38.34170758850074,6.698566818569596,21.0,24.0
J25 Explorers 4:Adventurous Impulse,D,-,4,2,2,0.5,18.246007132791952,38.34170758850074,6.698566818569596,21.0,24.0
J25 Clerics 4:Revoke Demise,D,-,2,0,2,0.0,18.22738369859335,40.91838101979943,7.563665773735361,NaN,22.5
J25 Stalwart 2:Cave of Temptation,D,-,2,1,1,0.5,18.19287984674783,37.96798529198662,6.591701815079598,48.0,16.0
J25 Stalwart 2:Urdnan, Dromoka Warrior,D,-,2,1,1,0.5,18.19287984674783,37.96798529198662,6.591701815079598,48.0,16.0
J25 Landfall 2:Territorial Scythecat,D,-,4,2,2,0.5,18.1743668314176,39.18697840938874,7.004203859323714,15.0,33.0
J25 Heroes 2:Valorous Stance,D,-,2,1,1,0.5,18.17041854782389,39.139579448249634,6.989720300141915,20.0,18.0
JMP Enchanted 1:Kor Spiritdancer,D,-,4,0,4,0.0,18.14220508709144,40.18074098112631,7.346178631344957,NaN,18.75
JMP Goblins 2:Battle-Rattle Shaman,D,-,4,0,4,0.0,18.133023515939716,38.16148360277351,6.6761533622779305,NaN,17.5
J22 Merfolk 3:Merrow Reejerey,D,-,7,4,3,0.5714285714285714,18.12394927072849,34.620584205017366,5.498878311429625,15.25,21.333333333333332
JMP Well-Read 4:Cloudreader Sphinx,D,-,2,1,1,0.5,18.11770297106511,38.58509411040062,6.822463713111836,22.0,17.0
JMP Lightning 1:Lightning-Core Excavator,D,-,1,0,1,0.0,18.104755663644948,39.64921277925766,7.181485705204238,NaN,17.0
J22 Gross 2:Blighted Fen,D,-,1,0,1,0.0,18.104755663644948,39.64921277925766,7.181485705204238,NaN,17.0
JMP Basri:Basri's Acolyte,D,-,2,0,2,0.0,18.102899878984722,39.560272036100514,7.152457385705264,NaN,26.0
JMP Basri:Siege Striker,D,-,2,0,2,0.0,18.102899878984722,39.560272036100514,7.152457385705264,NaN,26.0
J22 Gross 2:Phyrexian Debaser,D,-,2,0,2,0.0,18.101603938365002,39.61093760643169,7.169777889355563,NaN,15.0
JMP Well-Read 4:Opt,D,-,3,1,2,0.3333333333333333,18.089680324226045,38.580473004250734,6.830264226674896,22.0,16.5
JMP Cats 2:Lurking Predators,D,-,2,0,2,0.0,18.03201516328321,39.78730478022855,7.251763205648448,NaN,22.0
J22 Merfolk 3:Triton Shorestalker,D,-,4,1,3,0.25,18.026604351806508,34.06123680857965,5.344877485591048,13.0,21.333333333333332
J22 Elves 2:Ghirapur Guide,D,-,2,0,2,0.0,18.02056214125761,40.67828086134942,7.552572906697271,NaN,21.5
J25 Stalwart 1:Banishing Light,D,-,2,1,1,0.5,18.008303125058454,40.37930589224082,7.457000922394123,13.0,32.0
J25 Stalwart 1:Take Up the Shield,D,-,2,1,1,0.5,18.00830312505842,40.37930589224079,7.457000922394123,13.0,32.0
J22 Fangs 3:Marauding Blight-Priest,D,-,2,1,1,0.5,17.997762826560745,40.21282763052745,7.405021601322234,14.0,17.0
J22 Holy 1:Light of Hope,D,-,4,2,2,0.5,17.963041618683647,38.52318739005092,6.853381923789091,19.5,16.0
JMP Angels 2:Angelic Edict,D,-,2,1,1,0.5,17.96229610266029,37.0436974050888,6.360467100809503,13.0,20.0
J25 Goblins 2:Goblin Surprise,D,-,5,2,3,0.4,17.90094723554919,38.78723445030155,6.962095738250786,23.0,30.666666666666668
JMP Wizards 2:Sea Gate Oracle,D,-,4,2,2,0.5,17.8859222652112,35.99570735456882,6.036595029785874,24.5,18.0
J22 Blink 3:Cavalry Drillmaster,D,-,2,0,2,0.0,17.874827357138777,38.31885102017484,6.814674554345355,NaN,18.5
J22 Wolves 3:Sporeback Wolf,D,-,2,0,2,0.0,17.78802729782816,38.83398665832885,7.015319786833562,NaN,24.5
J25 Encounter 2:Spined Tyrranax,D,-,1,0,1,0.0,17.78311089154453,39.51757727129859,7.244822126584687,NaN,21.0
J25 Encounter 2:Greenwood Sentinel,D,-,1,0,1,0.0,17.78311089154453,39.51757727129859,7.244822126584687,NaN,21.0
J22 Fangs 2:Moment of Craving,D,-,1,0,1,0.0,17.78311089154453,39.51757727129859,7.244822126584687,NaN,21.0
J22 Elves 2:Elderleaf Mentor,D,-,5,1,4,0.2,17.774119834226255,39.33270256906039,7.18619424494471,34.0,18.5
JMP Discarding 2:Fell Specter,D,-,3,2,1,0.6666666666666666,17.772690085447667,40.07995464144371,7.435754851998682,23.0,30.0
JMP Reanimated 2:Reanimate,D,-,6,3,3,0.5,17.77184228097746,36.76176064729731,6.329972788773283,22.666666666666668,31.333333333333332
JMP Reanimated 2:Mire Triton,D,-,6,3,3,0.5,17.77184228097746,36.76176064729731,6.329972788773283,22.666666666666668,31.333333333333332
J25 Landfall 3:Scythecat Cub,D,-,4,2,2,0.5,17.768410124448774,37.80064223705921,6.677410704203478,20.5,13.0
J22 Insects 2:Crawling Sensation,D,-,4,1,3,0.25,17.75520198441824,38.581162595726454,6.941986870436072,17.0,24.0
J22 Fiery 4:Thrill of Possibility,D,-,1,0,1,0.0,17.749136968142103,38.55067537428182,6.933846135379907,NaN,12.0
J22 Fiery 4:Blisterspit Gremlin,D,-,1,0,1,0.0,17.749136968142103,38.55067537428182,6.933846135379907,NaN,12.0
J22 Fiery 4:Searing Spear,D,-,1,0,1,0.0,17.749136968142103,38.55067537428182,6.933846135379907,NaN,12.0
J25 Legion 1:Argivian Phalanx,D,-,2,1,1,0.5,17.74545965410822,38.839756126890094,7.031432157593958,14.0,21.0
J25 Warriors 1:Kruin Striker,D,-,5,3,2,0.6,17.670591730722418,35.95017857557072,6.093195614949433,18.0,16.5
JMP Discarding 2:Burglar Rat,D,-,2,1,1,0.5,17.666206676461524,39.99229990325221,7.442031075596895,31.0,30.0
JMP Lightning 2:Weaver of Lightning,D,-,2,0,2,0.0,17.638565083898918,38.3031556664326,6.888196860844562,NaN,17.0
J25 Landfall 2:Retreat to Kazandu,D,-,7,2,5,0.2857142857142857,17.60733041188139,35.011033270077625,5.801234286065412,18.5,25.0
JMP Doctor 2:Basri's Acolyte,D,-,1,0,1,0.0,17.59669880770783,39.28385579661334,7.229052329635169,NaN,18.0
JMP Doctor 2:Brightmare,D,-,1,0,1,0.0,17.59669880770783,39.28385579661334,7.229052329635169,NaN,18.0
J22 Go to School 2:Merfolk Pupil,D,-,3,1,2,0.3333333333333333,17.594184041296533,38.49795589916548,6.967923952622983,26.0,27.0
J25 Armed 1:Valkyrie's Sword,D,-,4,3,1,0.75,17.59272465439259,39.82292180730794,7.41006571763845,29.666666666666668,31.0
J25 Armed 1:Sunspear Shikari,D,-,4,3,1,0.75,17.59272465439259,39.82292180730794,7.41006571763845,29.666666666666668,31.0
J22 Fangs 3:Blood Artist,D,-,1,0,1,0.0,17.58504338443202,39.93511976502068,7.450025460196221,NaN,17.0
J22 Fangs 3:Ancient Craving,D,-,1,0,1,0.0,17.58504338443202,39.93511976502068,7.450025460196221,NaN,17.0
J22 Morbid 1:Village Rites,D,-,1,0,1,0.0,17.58504338443202,39.93511976502068,7.450025460196221,NaN,17.0
J22 Morbid 1:Suspicious Shambler,D,-,1,0,1,0.0,17.58504338443202,39.93511976502068,7.450025460196221,NaN,17.0
JMP Spirits 2:Frost Breath,D,-,1,0,1,0.0,17.552721487962906,39.39428254148746,7.280520351174852,NaN,20.0
JMP Feathered Friends 2:Falconer Adept,D,-,1,0,1,0.0,17.552721487962906,39.39428254148746,7.280520351174852,NaN,20.0
JMP Spirits 2:Battleground Geist,D,-,2,1,1,0.5,17.530663073998166,39.394366746985376,7.28790122432907,13.0,20.0
J22 Think Again 3:Hieroglyphic Illumination,D,-,2,0,2,0.0,17.52965727466634,39.41618898108768,7.295510568807113,NaN,25.0
JMP Doctor 1:Revitalize,D,-,3,0,3,0.0,17.526967023580518,38.71056627662812,7.0611997510158675,NaN,20.0
JMP Spirits 2:Shacklegeist,D,-,2,0,2,0.0,17.52588272483039,39.38225386767703,7.285457047615546,NaN,22.0
J25 Stalwart 2:Basri's Solidarity,D,-,3,1,2,0.3333333333333333,17.497464967172235,36.634836893036066,6.3791239752879445,48.0,15.5
J22 Insects 2:Kraul Foragers,D,-,5,1,4,0.2,17.492228598844875,38.80414639366856,7.103972598274562,24.0,27.0
JMP Rogues 1:Nightshade Stinger,D,-,2,1,1,0.5,17.48626245758343,39.807813196863336,7.440516913093303,15.0,16.0
J25 Explorers 3:Briarbridge Tracker,D,-,5,3,2,0.6,17.467208782260233,36.37119920080639,6.301330139515385,23.666666666666668,16.0
J25 Clerics 4:Bonecaller Cleric,D,-,2,0,2,0.0,17.46349441237155,38.39431511903783,6.976940235555426,NaN,15.5
JMP Discarding 1:Entomber Exarch,D,-,2,0,2,0.0,17.442937248927354,38.948266099712896,7.168442950261848,NaN,25.5
JMP Discarding 1:Assassin's Strike,D,-,2,0,2,0.0,17.44293724892734,38.94826609971288,7.168442950261848,NaN,25.5
J25 Drowned 1:Deep Analysis,D,-,1,0,1,0.0,17.431731823327105,40.29380469169322,7.620690956122038,NaN,26.0
JMP Teferi:Leave in the Dust,D,-,2,0,2,0.0,17.43075839365462,38.39541856257114,6.988220056305506,NaN,14.0
J22 Elves 2:Ivy Lane Denizen,D,-,3,0,3,0.0,17.412724108031764,39.01125795502712,7.199511282331785,NaN,18.333333333333332
JMP Discarding 1:Death's Approach,D,-,4,2,2,0.5,17.41194014699544,38.95789271350653,7.1819841888370295,16.5,25.5
J25 Bookworms 3:Cartouche of Knowledge,D,-,1,0,1,0.0,17.3522774071529,40.246778319112565,7.631500303986555,NaN,27.0
J25 Bookworms 3:Thopter Mechanic,D,-,1,0,1,0.0,17.3522774071529,40.246778319112565,7.631500303986555,NaN,27.0
JMP Teferi:Teferi's Tutelage,D,-,4,1,3,0.25,17.340119975686456,38.2924735625919,6.984117862301815,16.0,15.333333333333334
J22 Cats 1:Make a Stand,D,-,2,0,2,0.0,17.33946666950209,37.77452960344893,6.811687644648948,NaN,20.0
J25 Ne'er-do-wells 1:Pilfering Imp,D,-,4,2,2,0.5,17.32426380530446,35.5088668028907,6.061534332528746,28.5,19.5
J25 Legion 1:Hinterland Sanctifier,D,-,1,0,1,0.0,17.32028275344729,39.68044875951156,7.453388668688091,NaN,16.0
J25 Legion 1:Pacifism,D,-,1,0,1,0.0,17.32028275344729,39.68044875951156,7.453388668688091,NaN,16.0
J25 Bookworms 2:Drag Under,D,-,1,0,1,0.0,17.320058044151832,38.18690811928122,6.955616691709796,NaN,15.0
J25 Bookworms 2:Faerie Vandal,D,-,1,0,1,0.0,17.320058044151832,38.18690811928122,6.955616691709796,NaN,15.0
J22 Gross 1:Eaten Alive,D,-,2,1,1,0.5,17.307963263109986,38.17281108973789,6.954949275542635,24.0,24.0
J22 Morbid 2:Wakedancer,D,-,3,0,3,0.0,17.307706975303923,40.051752924466165,7.581348649720748,NaN,21.666666666666668
J22 Go to School 2:Elite Instructor,D,-,4,1,3,0.25,17.299128423891165,37.81843243331654,6.839768003141791,26.0,22.666666666666668
JMP Archaeology 3:Thirst for Knowledge,D,-,3,2,1,0.6666666666666666,17.29273137080545,36.612371518749214,6.4398800493145885,26.5,17.0
JMP Legion 3:Makeshift Battalion,D,-,2,0,2,0.0,17.263466979160867,36.81712349462158,6.517885505153572,NaN,20.0
J25 Zealots 2:Bloodlust Inciter,D,-,2,1,1,0.5,17.247764062806485,38.44213058071019,7.064788839301236,21.0,18.0
J25 Zealots 2:Flame-Blessed Bolt,D,-,2,1,1,0.5,17.247764062806485,38.44213058071019,7.064788839301236,21.0,18.0
J25 Stoked 1:Arena Athlete,D,-,1,0,1,0.0,17.243204197074483,37.52939733084179,6.762064377922435,NaN,18.0
J22 Cruel 2:Creeping Bloodsucker,D,-,1,0,1,0.0,17.243204197074483,37.52939733084179,6.762064377922435,NaN,18.0
J25 Explorers 2:Ainok Guide,D,-,3,1,2,0.3333333333333333,17.216340177416093,36.095000461815275,6.292886761466393,24.0,19.5
J22 Spirits 1:Doomed Traveler,D,-,2,0,2,0.0,17.212550460357583,39.45562713845214,7.414358892698185,NaN,32.5
J25 Heroes 2:Favored Hoplite,D,-,1,0,1,0.0,17.209237814103787,38.401863080561554,7.064208422152589,NaN,18.0
J25 Dragons 1:Bathe in Dragonfire,D,-,7,3,4,0.42857142857142855,17.18030884416904,33.26078076708974,5.360157307640234,19.333333333333332,22.75
J22 Scrying 1:No Escape,D,-,1,0,1,0.0,17.1720269514865,39.27898012992311,7.368984392812203,NaN,19.0
J22 Scrying 1:Interpret the Signs,D,-,1,0,1,0.0,17.1720269514865,39.27898012992311,7.368984392812203,NaN,19.0
J22 Scrying 1:Perilous Voyage,D,-,1,0,1,0.0,17.1720269514865,39.27898012992311,7.368984392812203,NaN,19.0
J25 Modified:Declare Dominance,D,-,2,0,2,0.0,17.14082463130342,38.74980074020346,7.202992036300014,NaN,26.5
J25 Surprise 2:Delightful Discovery,D,-,1,0,1,0.0,17.10893901127382,38.17013600483147,7.020398997852551,NaN,16.0
J25 Surprise 2:Voracious Greatshark,D,-,1,0,1,0.0,17.10893901127382,38.17013600483147,7.020398997852551,NaN,16.0
J25 Soaring 2:Trial of Knowledge,D,-,2,1,1,0.5,17.086276598497054,38.16978592498435,7.027836442162433,20.0,16.0
JMP Tree Hugging 3:Burlfist Oak,D,-,3,1,2,0.3333333333333333,17.068417654648563,38.126200851229726,7.019261065527054,17.0,23.5
J25 Clerics 4:Scion of the Swarm,D,-,3,0,3,0.0,17.02678074579826,37.59298269313294,6.8554006491115596,NaN,16.666666666666668
J25 Dragons 1:Rapacious Dragon,D,-,2,1,1,0.5,16.98854059884937,38.49016037490844,7.16720659201969,16.0,20.0
J25 Surprise 2:Pestermite,D,-,2,0,2,0.0,16.981142525920973,37.950081064132426,6.9896461794038185,NaN,16.0
J22 Law 4:Midnight Guard,D,-,2,1,1,0.5,16.9671954678686,37.0254595268552,6.686088019662201,17.0,17.0
J25 Explorers 4:Go Forth,D,-,2,1,1,0.5,16.947476546336716,38.26033318047146,7.1042855447115825,13.0,18.0
JMP Smashing 2:Furious Rise,D,-,4,1,3,0.25,16.92319980404079,36.67222685268434,6.583009016214516,20.0,23.666666666666668
J22 Morbid 2:Suspicious Shambler,D,-,3,1,2,0.3333333333333333,16.838098665266667,37.76970691546552,6.977202750066284,27.0,24.5
JMP Lands 1:Elemental Uprising,D,-,3,0,3,0.0,16.83485286771878,36.73740977714235,6.634185636474522,NaN,21.0
JMP Rogues 1:Oona's Blackguard,D,-,3,1,2,0.3333333333333333,16.82066250721812,37.86056521237219,7.013300901718022,15.0,20.0
J22 Faeries 2:Pestermite,D,-,5,1,4,0.2,16.815907267848115,34.77364225086583,5.985911661005904,17.0,17.0
J22 Faeries 2:Sentinels of Glen Elendra,D,-,3,1,2,0.3333333333333333,16.796739610177305,35.59122635879552,6.264828916206071,17.0,18.5
J22 Goblins 1:Subterranean Scout,D,-,1,0,1,0.0,16.7752999687563,38.19909989496313,7.141266642068944,NaN,21.0
J22 Goblins 1:Hordeling Outburst,D,-,1,0,1,0.0,16.7752999687563,38.19909989496313,7.141266642068944,NaN,21.0
J22 Goblins 1:Dragon Fodder,D,-,3,0,3,0.0,16.72354558099129,37.927102413999016,7.0678522776692425,NaN,17.333333333333332
J22 Scrying 1:Biblioplex Kraken,D,-,2,0,2,0.0,16.71456975999236,38.39181393238299,7.225748057463542,NaN,23.5
JMP Tree Hugging 1:Llanowar Visionary,D,-,3,2,1,0.6666666666666666,16.704307307902354,35.86027529081254,6.385322660970061,21.0,19.0
JMP Predatory 2:Crushing Canopy,D,-,1,0,1,0.0,16.653920989367005,38.39464670367404,7.246908571435679,NaN,19.0
JMP Predatory 2:Fungal Rebirth,D,-,1,0,1,0.0,16.653920989367005,38.39464670367404,7.246908571435679,NaN,19.0
JMP Archaeology 3:Ancestral Statue,D,-,2,1,1,0.5,16.652485337081863,36.10615776362929,6.4845574755158095,30.0,17.0
J25 Ne'er-do-wells 1:Fake Your Own Death,D,-,2,1,1,0.5,16.571554828844313,36.32565843814605,6.584701203100579,33.0,20.0
J22 Scrying 1:Moonfolk Puzzlemaker,D,-,2,0,2,0.0,16.570902183354967,38.36340376023795,7.264167192294328,NaN,23.5
JMP Doctor 1:Speaker of the Heavens,D,-,4,1,3,0.25,16.562586248723928,36.08638606781403,6.5079332730300345,31.0,21.666666666666668
JMP Predatory 2:Trufflesnout,D,-,2,0,2,0.0,16.5511227020939,38.07854054174163,7.175805946549244,NaN,18.5
J22 Treasure 2:Pyre-Sledge Arsonist,D,-,3,2,1,0.6666666666666666,16.5261041841721,38.52161111721381,7.331835644347236,21.0,40.0
J22 Fiery 2:Goblin Researcher,D,-,3,1,2,0.3333333333333333,16.52480887789685,37.22859800458216,6.901263042228437,18.0,17.5
J25 Landfall 3:Harrow,D,-,2,0,2,0.0,16.522094495714082,37.828329499874975,7.102078334720297,NaN,15.5
J22 Inventive 3:Seat of the Synod,D,-,1,0,1,0.0,16.51545262326236,37.41162065788457,6.96538934487407,NaN,13.0
JMP Predatory 2:Brindle Shoat,D,-,4,0,4,0.0,16.500621652855582,38.06877333565806,7.189383894267492,NaN,17.5
J25 Zealots 2:Zealot of the God-Pharaoh,D,-,2,0,2,0.0,16.500190195532955,37.65800833769096,7.052606047386001,NaN,17.5
J22 Detective 4:Magnifying Glass,D,-,5,2,3,0.4,16.446011008435566,37.607145712384046,7.053711567982827,17.0,25.0
J22 Detective 4:Hold for Questioning,D,-,5,1,4,0.2,16.424534027858805,37.59175839656137,7.055741456234188,17.0,24.0
JMP Spooky 4:Finishing Blow,D,-,3,1,2,0.3333333333333333,16.42257933409725,34.54775487709665,6.0417251809998005,25.0,21.0
JMP Wizards 2:Winged Words,D,-,2,1,1,0.5,16.40157948820751,39.38726043274267,7.661893648178387,15.0,32.0
JMP Spooky 4:Sanitarium Skeleton,D,-,4,2,2,0.5,16.393143320129052,34.5425401151483,6.049798931673082,19.5,21.0
JMP Dinosaurs 4:Garruk's Uprising,D,-,4,2,2,0.5,16.372841869317206,37.67148847014729,7.09954886694336,22.5,21.0
J22 Cruel 3:Mire Blight,D,-,2,1,1,0.5,16.36087252293428,36.64835217456812,6.762493217211279,13.0,13.0
J25 Stalwart 1:Urdnan, Dromoka Warrior,D,-,1,0,1,0.0,16.34493725124525,39.333495595050046,7.662852781268265,NaN,32.0
J25 Stalwart 1:Angelic Cub,D,-,1,0,1,0.0,16.34493725124525,39.333495595050046,7.662852781268265,NaN,32.0
JMP Wizards 2:Talrand's Invocation,D,-,1,0,1,0.0,16.34493725124525,39.333495595050046,7.662852781268265,NaN,32.0
J25 Stalwart 1:Gavony Silversmith,D,-,2,0,2,0.0,16.34177981250105,39.28557967273939,7.647933286746113,NaN,23.5
J25 Stalwart 1:Swift Response,D,-,2,0,2,0.0,16.34177981250105,39.28557967273939,7.647933286746113,NaN,23.5
J25 Grave Robbers 1:Gravedigger,D,-,3,1,2,0.3333333333333333,16.340457885792,35.67605121950563,6.445197777904544,30.0,20.0
J25 Encounter 2:Aggressive Instinct,D,-,5,1,4,0.2,16.325324208132294,34.439487443611476,6.038054411826394,17.0,18.5
JMP Above the Clouds 3:Windreader Sphinx,D,-,1,0,1,0.0,16.280109193909468,37.56369818143426,7.094529662508265,NaN,18.0
JMP Tree Hugging 3:Crushing Canopy,D,-,1,0,1,0.0,16.280109193909468,37.56369818143426,7.094529662508265,NaN,18.0
JMP Tree Hugging 3:Explore,D,-,2,0,2,0.0,16.25137313096239,37.55805065553314,7.102225841523583,NaN,23.5
J22 Think Again 2:Soul Read,D,-,1,0,1,0.0,16.21670484419613,37.734819877033345,7.172705010945739,NaN,21.0
J22 Think Again 2:Alandra, Sky Dreamer,D,-,1,0,1,0.0,16.21670484419613,37.734819877033345,7.172705010945739,NaN,21.0
J22 Think Again 2:Steelgaze Griffin,D,-,1,0,1,0.0,16.21670484419613,37.734819877033345,7.172705010945739,NaN,21.0
J22 Think Again 2:Teferi's Protege,D,-,1,0,1,0.0,16.21670484419613,37.734819877033345,7.172705010945739,NaN,21.0
J25 Legion 1:Dauntless Unity,D,-,1,0,1,0.0,16.21670484419613,37.734819877033345,7.172705010945739,NaN,21.0
J22 Think Again 2:Hedron Archive,D,-,2,1,1,0.5,16.20538574428777,37.742904563871946,7.179172939861392,18.0,21.0
J22 Fiery 2:Thrill of Possibility,D,-,3,1,2,0.3333333333333333,16.11909007874501,36.45478661813556,6.778565513130182,18.0,16.5
J25 Bloody 2:Voldaren Duelist,D,-,3,1,2,0.3333333333333333,16.118253451724623,34.85752137081127,6.246422639695549,15.0,14.0
J22 Scrying 1:Faerie Seer,D,-,3,0,3,0.0,16.115867275483573,37.49933523846244,7.127822654326289,NaN,25.0
J22 Scrying 1:Sage's Row Savant,D,-,3,0,3,0.0,16.115867275483573,37.49933523846244,7.127822654326289,NaN,25.0
JMP Wizards 2:Riptide Laboratory,D,-,3,1,2,0.3333333333333333,16.106786063476328,34.55687102595361,6.150028320825761,28.0,18.0
J25 Stoked 2:Roil Eruption,D,-,3,2,1,0.6666666666666666,16.097543812413594,36.93238976954011,6.944948652375505,31.5,17.0
J25 Stoked 2:Satyr Hoplite,D,-,3,2,1,0.6666666666666666,16.097543812413594,36.93238976954011,6.944948652375505,31.5,17.0
JMP Plus One 4:Pridemalkin,D,-,1,0,1,0.0,16.07762123810579,38.204303492163994,7.375560751352735,NaN,23.0
JMP Spellcasting 1:Double Vision,D,-,1,0,1,0.0,16.07762123810579,38.204303492163994,7.375560751352735,NaN,23.0
JMP Spellcasting 1:Thrill of Possibility,D,-,1,0,1,0.0,16.07762123810579,38.204303492163994,7.375560751352735,NaN,23.0
JMP Reanimated 2:Crypt Lurker,D,-,3,2,1,0.6666666666666666,16.057585640727577,38.07821613702813,7.3402101654335175,25.0,52.0
JMP Spellcasting 1:Heartfire Immolator,D,-,2,0,2,0.0,16.05017033213212,38.04136115802568,7.33039694196452,NaN,22.5
JMP Smashing 2:Bloodrage Brawler,D,-,3,1,2,0.3333333333333333,16.046585222992448,37.40813584014659,7.120516872384714,20.0,24.5
J25 Vampires 1:Scourge of the Undercity,D,-,2,1,1,0.5,16.03615542905122,37.409295885705774,7.124380152218184,14.0,17.0
J25 Angels 1:Light of Hope,D,-,3,2,1,0.6666666666666666,16.020052865723432,34.731423532133284,6.2371235554699505,16.0,13.0
J25 Explorers 3:Woodland Champion,D,-,3,2,1,0.6666666666666666,16.019198113809225,35.923624822453746,6.634808902881507,26.5,15.0
J25 Landfall 3:Evolving Wilds,D,-,3,2,1,0.6666666666666666,15.890363260427591,36.35383722526664,6.8211579882796824,20.5,13.0
J25 Explorers 3:Slimy Piper,D,-,4,2,2,0.5,15.792824265346791,35.38450658922181,6.530560774625005,26.5,14.0
J25 Goblins 2:Dropkick Bomber,D,-,3,2,1,0.6666666666666666,15.788646151329687,38.344743168227204,7.518699005632506,16.5,41.0
J25 Bookworms 4:Memorial to Genius,D,-,5,2,3,0.4,15.784598980447711,31.316618712512977,5.1773399106884215,20.5,18.333333333333332
J25 Soaring 1:Winged Words,D,-,3,1,2,0.3333333333333333,15.748755012613813,37.43839100999094,7.229878665792375,16.0,21.5
JMP Archaeology 1:Lightning-Core Excavator,D,-,3,1,2,0.3333333333333333,15.698241380140697,34.68661623675324,6.329458285537513,23.0,14.0
JMP Archaeology 1:Buried Ruin,D,-,2,1,1,0.5,15.678631144093888,34.740506511054114,6.353958455653409,23.0,13.0
J22 Cruel 3:Hooded Assassin,D,-,1,0,1,0.0,15.673709794763685,36.15375041340035,6.826680206212223,NaN,13.0
J25 Landfall 3:Retreat to Kazandu,D,-,1,0,1,0.0,15.673709794763656,36.153750413400324,6.826680206212223,NaN,13.0
JMP Cats 2:Keeper of Fables,D,-,3,1,2,0.3333333333333333,15.651281948435827,33.900611404996965,6.083109818853713,15.0,22.5
J25 Goblins 2:Battle Cry Goblin,D,-,3,1,2,0.3333333333333333,15.638379696126357,38.040598723574625,7.4674063424827555,11.0,33.5
J25 Soaring 1:Warden of Evos Isle,D,-,3,1,2,0.3333333333333333,15.617326822337652,37.0962783264952,7.15965050138585,16.0,21.5
J22 Treasure 1:Blood Aspirant,D,-,6,3,3,0.5,15.575022624651478,33.73933773800413,6.054771704450885,17.666666666666668,21.333333333333332
J22 Treasure 3:Welding Sparks,D,-,5,1,4,0.2,15.530121128635063,35.32759867097848,6.59915918078114,15.0,18.25
J22 Treasure 3:Goldspan Dragon,D,-,5,1,4,0.2,15.528151516970368,35.12064414589286,6.530830876307498,15.0,16.5
J22 Treasure 3:Goldvein Pick,D,-,2,0,2,0.0,15.508460771736573,35.99959702324101,6.830378750501478,NaN,17.0
J25 Drowned 1:Wall of Lost Thoughts,D,-,2,0,2,0.0,15.495996815255648,36.645578298061885,7.049860494268746,NaN,21.0
J25 Drowned 1:Organ Hoarder,D,-,2,0,2,0.0,15.495996815255648,36.645578298061885,7.049860494268746,NaN,21.0
JMP Smashing 2:Heartfire Immolator,D,-,4,1,3,0.25,15.481419775464168,36.60436181447819,7.040980679671341,22.0,23.666666666666668
J22 Elves 4:Presence of Gond,D,-,2,0,2,0.0,15.424426999334706,36.097675215455325,6.891082738706873,NaN,21.5
JMP Above the Clouds 1:Roaming Ghostlight,D,-,3,1,2,0.3333333333333333,15.421505091784212,35.37689653571606,6.651797147977281,16.0,20.5
JMP Above the Clouds 1:Wall of Runes,D,-,3,1,2,0.3333333333333333,15.421505091784212,35.37689653571606,6.651797147977281,16.0,20.5
J22 Treasure 1:Welding Sparks,D,-,5,2,3,0.4,15.399532707164994,33.90368224168315,6.168049844839385,18.0,21.0
J22 Elves 4:Elvish Rejuvenator,D,-,3,0,3,0.0,15.398378286680163,36.088755730849215,6.896792481389683,NaN,20.0
J25 Clerics 4:Priest of Forgotten Gods,D,-,3,0,3,0.0,15.39267566352003,35.6635495582181,6.756957964899357,NaN,17.333333333333332
J25 Armed 2:Pacifism,D,-,4,2,2,0.5,15.295222723642581,33.57552054256261,6.093432606306675,25.5,21.0
J22 Experimental 1:Firebolt,D,-,1,0,1,0.0,15.275574194487064,36.16214936971797,6.96219172507697,NaN,19.0
JMP Well-Read 1:Rousing Read,D,-,2,1,1,0.5,15.238969679684388,36.53233495029101,7.09778842353554,17.0,18.0
J22 Insects 2:Caustic Caterpillar,D,-,6,2,4,0.3333333333333333,15.196757631641987,35.19753044122991,6.6669242698626405,20.5,25.5
J25 Armed 2:Divine Arrow,D,-,1,0,1,0.0,15.180710104376377,36.162322936308826,6.993870943977483,NaN,15.0
J22 Insects 2:Relentless Pursuit,D,-,3,0,3,0.0,15.154529192008926,35.13319774665459,6.659556184881887,NaN,29.0
JMP Well-Read 1:Library Larcenist,D,-,3,1,2,0.3333333333333333,15.153484323335697,36.200878517657436,7.015798064773913,17.0,18.0
J25 Copied 1:Kiln Fiend,D,-,4,1,3,0.25,15.110489746058626,34.21941638643794,6.369642213459771,18.0,17.333333333333332
J22 Insects 2:Zask, Skittering Swarmlord,D,-,3,1,2,0.3333333333333333,15.08414503417626,37.17465641441608,7.3635037934132725,17.0,32.0
J25 Copied 1:Zada, Hedron Grinder,D,-,5,1,4,0.2,15.075211149243255,34.190796240360804,6.371861697039183,18.0,17.75
J25 Grave Robbers 1:Eye Collector,D,-,1,0,1,0.0,15.064185874258172,37.018859857749916,7.318224661163915,NaN,18.0
J25 Goblins 2:General Kreat, the Boltbringer,D,-,2,1,1,0.5,15.059556120824563,37.91161899752301,7.617354292232815,22.0,41.0
J25 Goblins 2:Mogg Flunkies,D,-,2,1,1,0.5,15.059556120824563,37.91161899752301,7.617354292232815,22.0,41.0
JMP Lands 2:Wildheart Invoker,D,-,1,0,1,0.0,15.050241623550882,37.125867779336374,7.358542051928498,NaN,19.0
JMP Doctor 1:Griffin Aerie,D,-,7,2,5,0.2857142857142857,15.049783132104878,32.26095538476902,5.7370574175547135,28.0,21.8
JMP Spooky 4:Crypt Lurker,D,-,1,0,1,0.0,15.049209489115562,36.57746800601789,7.176086172300775,NaN,22.0
J25 Encounter 1:Ainok Artillerist,D,-,1,0,1,0.0,15.049209489115562,36.57746800601789,7.176086172300775,NaN,22.0
J25 Encounter 1:Servant of the Scale,D,-,1,0,1,0.0,15.049209489115562,36.57746800601789,7.176086172300775,NaN,22.0
J22 Merfolk 4:Crashing Tide,D,-,1,0,1,0.0,15.045885798467328,36.038132463665754,6.997415555066142,NaN,19.0
J22 Merfolk 4:Merrow Reejerey,D,-,1,0,1,0.0,15.045885798467328,36.038132463665754,6.997415555066142,NaN,19.0
J22 Merfolk 4:Library Larcenist,D,-,1,0,1,0.0,15.045885798467328,36.038132463665754,6.997415555066142,NaN,19.0
J25 Stalwart 1:Steadfast Sentry,D,-,1,0,1,0.0,15.044850899399016,36.295947749549946,7.08369895005031,NaN,24.0
J22 Gross 1:Blight Keeper,D,-,1,0,1,0.0,15.044850899399016,36.295947749549946,7.08369895005031,NaN,24.0
JMP Lands 2:Cultivate,D,-,2,1,1,0.5,15.021953970624253,37.1217165802111,7.366587536528949,20.0,19.0
JMP Lands 2:Sporemound,D,-,2,1,1,0.5,15.021953970624253,37.1217165802111,7.366587536528949,20.0,19.0
J22 Insects 2:Hunter's Edge,D,-,2,0,2,0.0,15.021891148550317,37.122055844383915,7.3667215652778655,NaN,32.0
JMP Spooky 4:Gristle Grinner,D,-,2,1,1,0.5,15.020360693580255,36.57263591287784,7.184091739765862,14.0,22.0
J25 Snakes:Phantom Ninja,D,-,3,1,2,0.3333333333333333,15.002232882263296,36.57476807460862,7.190845064115108,18.0,26.0
J25 Goblins 2:Goblin Goliath,D,-,1,0,1,0.0,15.001564354965055,37.854200420094486,7.617545355043144,NaN,41.0
JMP Minions 1:Goremand,D,-,1,0,1,0.0,15.001564354965055,37.854200420094486,7.617545355043144,NaN,41.0
JMP Discarding 1:Fell Specter,D,-,1,0,1,0.0,14.98996474390496,36.14112303959469,7.050386098563243,NaN,18.0
JMP Doctor 2:Speaker of the Heavens,D,-,2,1,1,0.5,14.97336784968207,37.361297205026794,7.462643118448241,22.0,40.0
J25 Inventive 3:Seat of the Synod,D,-,4,2,2,0.5,14.971960893548527,33.840619032398145,6.289552712949873,22.0,21.0
JMP Discarding 1:Tinybones, Trinket Thief,D,-,3,2,1,0.6666666666666666,14.958777486357285,36.14953060217019,7.063584371937634,16.5,18.0
J25 Treasures 1:Deadly Dispute,D,-,2,1,1,0.5,14.937179502291215,35.76519536156323,6.942671953090672,18.0,15.0
J25 Bookworms 4:Lat-Nam Adept,D,-,3,2,1,0.6666666666666666,14.919649872047785,34.15019265063213,6.410180926194781,23.0,20.0
JMP Lands 2:Oracle of Mul Daya,D,-,2,0,2,0.0,14.911216671906399,36.556044387787004,7.214942571960202,NaN,17.0
JMP Lands 2:Fa'adiyah Seer,D,-,3,1,2,0.3333333333333333,14.882526632265431,36.55176618516001,7.22307985096486,20.0,17.0
JMP Lightning 1:Lightning Diadem,D,-,3,2,1,0.6666666666666666,14.856848652291326,33.5389177667584,6.227356371489026,27.0,16.0
J25 Inventive 4:Guardian Idol,D,-,2,1,1,0.5,14.853835193588129,37.39461262381442,7.5135924767420965,16.0,26.0
J25 Angels 1:Pacifism,D,-,2,1,1,0.5,14.85134418220185,33.89574407869768,6.348133298831945,15.0,13.0
J25 Drowned 1:Ipnu Rivulet,D,-,3,1,2,0.3333333333333333,14.8447588476415,33.57398004131455,6.243073731224349,23.0,21.0
JMP Lands 2:Fertilid,D,-,3,1,2,0.3333333333333333,14.84362677718353,36.687951222266946,7.281441481694472,20.0,19.5
J22 Holy 1:Goldnight Commander,D,-,2,1,1,0.5,14.81186850928485,36.052305032222044,7.080145507645732,14.0,17.0
J22 Fangs 4:Marauding Blight-Priest,D,-,2,0,2,0.0,14.80921581355934,35.808513786376984,6.999765990939214,NaN,16.0
J22 Holy 1:Divine Arrow,D,-,1,0,1,0.0,14.796596551880214,36.02467601653828,7.076026488219355,NaN,17.0
J22 Fangs 4:Creeping Bloodsucker,D,-,2,0,2,0.0,14.771270316804255,35.843108008073045,7.023945897089597,NaN,15.5
JMP Well-Read 4:Curiosity,D,-,2,0,2,0.0,14.769840200871393,35.81815659737498,7.016105465501196,NaN,17.0
J22 Faeries 2:So Tiny,D,-,3,0,3,0.0,14.714018579774272,34.12092945130575,6.468970290510492,NaN,19.0
J25 Legion 1:Make a Stand,D,-,3,1,2,0.3333333333333333,14.698754908244517,32.97999332615584,6.093746139303775,17.0,15.5
J25 Warriors 2:Goma Fada Vanguard,D,-,2,1,1,0.5,14.687555545231145,36.708955276981115,7.34046657724999,12.0,22.0
J22 Merfolk 1:Watertrap Weaver,D,-,1,0,1,0.0,14.676560472072726,36.09577702915648,7.139738852361251,NaN,16.0
J22 Merfolk 1:One With the Wind,D,-,1,0,1,0.0,14.676560472072726,36.09577702915648,7.139738852361251,NaN,16.0
J22 Constellation 2:Auramancer,D,-,1,0,1,0.0,14.674440279367694,35.57825744747191,6.967939056034739,NaN,14.0
JMP Teferi:Teferi's Ageless Insight,D,-,1,0,1,0.0,14.674440279367694,35.57825744747191,6.967939056034739,NaN,14.0
JMP Teferi:Teferi, Master of Time,D,-,2,0,2,0.0,14.650716842935154,34.906508979526244,6.75193071219703,NaN,13.5
J22 Detective 4:Drownyard Explorers,D,-,1,0,1,0.0,14.644636846597738,37.25122719503407,7.535530116145444,NaN,26.0
J25 Inventive 4:Seat of the Synod,D,-,1,0,1,0.0,14.644636846597738,37.25122719503407,7.535530116145444,NaN,26.0
J22 Detective 4:Dutiful Replicator,D,-,2,1,1,0.5,14.639789804407641,37.263670443183834,7.54129354625873,17.0,26.0
JMP Doctor 3:Revitalize,D,-,2,0,2,0.0,14.635091682433778,34.47041873515327,6.61177568423983,NaN,18.5
J22 Detective 4:Erdwal Illuminator,D,-,2,0,2,0.0,14.61661795394824,37.247846282814685,7.543742776288815,NaN,23.5
J22 Constellation 2:Spirited Companion,D,-,3,1,2,0.3333333333333333,14.595119440119419,35.44849461506926,6.951125058316613,18.0,24.0
J25 Warriors 2:Soul Sear,D,-,3,1,2,0.3333333333333333,14.578459790811149,36.199766298692865,7.207102169293905,12.0,19.5
J22 Constellation 2:Captivating Unicorn,D,-,2,0,2,0.0,14.545121369491135,35.39289148140712,6.949256703971995,NaN,24.0
J22 Constellation 2:Blessed Spirits,D,-,3,0,3,0.0,14.518278578083919,35.382173806887074,6.954631742934385,NaN,24.0
JMP Doctor 2:Swift Response,D,-,1,0,1,0.0,14.469167772025166,36.993174024557,7.508002084177278,NaN,40.0
JMP Doctor 2:Revitalize,D,-,1,0,1,0.0,14.469167772025166,36.993174024557,7.508002084177278,NaN,40.0
JMP Above the Clouds 1:Unsubstantiate,D,-,2,0,2,0.0,14.465039968659255,34.66885893190613,6.734606321082292,NaN,20.5
J22 Goblins 2:Goblin Researcher,D,-,1,0,1,0.0,14.462141828048622,35.71450478675257,7.084120986234649,NaN,17.0
J22 Goblins 2:Goblin Warchief,D,-,1,0,1,0.0,14.462141828048622,35.71450478675257,7.084120986234649,NaN,17.0
J22 Goblins 2:Goblin Grenade,D,-,1,0,1,0.0,14.462141828048622,35.71450478675257,7.084120986234649,NaN,17.0
J22 Goblins 2:Dragon Fodder,D,-,2,0,2,0.0,14.45642687109924,35.67277448105953,7.072115869986762,NaN,17.5
J25 Armed 4:Plate Armor,D,-,4,2,2,0.5,14.45019918579775,32.096053223767456,5.8819513459899015,18.5,18.0
J22 Goblins 2:Rummaging Goblin,D,-,2,0,2,0.0,14.438819222186979,35.7007499891427,7.087310255651907,NaN,17.0
J22 Goblins 2:Goblin Trailblazer,D,-,2,0,2,0.0,14.438819222186979,35.7007499891427,7.087310255651907,NaN,17.0
J22 Goblins 2:Goblin Rally,D,-,3,0,3,0.0,14.432850022001816,35.658955651541966,7.07536854318005,NaN,17.333333333333332
J25 Burning:Hearts on Fire,D,-,1,0,1,0.0,14.395952898175995,34.67041514987099,6.758154083898332,NaN,17.0
J25 Burning:Firespitter Whelp,D,-,1,0,1,0.0,14.395952898175995,34.67041514987099,6.758154083898332,NaN,17.0
J25 Burning:Fathom Fleet Firebrand,D,-,1,0,1,0.0,14.395952898175995,34.67041514987099,6.758154083898332,NaN,17.0
J25 Burning:Bloodfire Expert,D,-,1,0,1,0.0,14.395952898175995,34.67041514987099,6.758154083898332,NaN,17.0
J25 Ne'er-do-wells 1:Murder,D,-,3,1,2,0.3333333333333333,14.372225134020518,33.08995444090506,6.239243102294848,33.0,19.5
J25 Surprise 1:Chrome Prowler,D,-,2,1,1,0.5,14.369567609306074,34.79982362618078,6.810085338958236,20.0,26.0
J25 Surprise 1:Delightful Discovery,D,-,2,1,1,0.5,14.369567609306074,34.79982362618078,6.810085338958236,20.0,26.0
J22 Law 4:Ninth Bridge Patrol,D,-,2,0,2,0.0,14.354143562417505,34.73112429571217,6.792326911098222,NaN,16.0
J25 Burning:Flames of the Firebrand,D,-,2,0,2,0.0,14.31450242040707,34.28050195305114,6.655333177548024,NaN,17.0
J25 Surprise 1:Stinging Lionfish,D,-,3,1,2,0.3333333333333333,14.25566673448613,34.540843933897555,6.761725733137141,20.0,21.5
J22 Law 3:Unquestioned Authority,D,-,1,0,1,0.0,14.202923418711858,32.67705739981594,6.158044660368028,NaN,14.0
J22 Detective 4:Vedalken Engineer,D,-,4,1,3,0.25,14.197406678954529,36.38605765087621,7.396216990640561,17.0,25.0
JMP Spellcasting 1:Living Lightning,D,-,2,0,2,0.0,14.097600321805292,34.96043890910526,6.954279529099988,NaN,20.0
JMP Spellcasting 1:Chandra's Pyreling,D,-,2,0,2,0.0,14.097600321805292,34.96043890910526,6.954279529099988,NaN,20.0
JMP Spellcasting 1:Lightning Visionary,D,-,2,0,2,0.0,14.097600321805292,34.96043890910526,6.954279529099988,NaN,20.0
J22 Eldrazi:Ruin in Their Wake,D,-,2,1,1,0.5,14.094331465875126,35.81865062914998,7.241439721091617,17.0,20.0
J25 Treasures 2:Dire Fleet Hoarder,D,-,4,2,2,0.5,14.03071395560291,32.19480623631413,6.05469742690374,16.0,18.5
J22 Fiery 2:Pillar of Flame,D,-,1,0,1,0.0,14.007492540332855,35.525706695364896,7.172738051677347,NaN,17.0
J22 Holy 2:Dawning Angel,D,-,1,0,1,0.0,13.979842400394837,35.717625433634375,7.245927677746512,NaN,20.0
J22 Holy 2:Angelic Cub,D,-,1,0,1,0.0,13.979842400394837,35.717625433634375,7.245927677746512,NaN,20.0
J22 Holy 2:Emancipation Angel,D,-,1,0,1,0.0,13.979842400394837,35.717625433634375,7.245927677746512,NaN,20.0
J22 Holy 2:Pilgrim of the Ages,D,-,1,0,1,0.0,13.979842400394837,35.717625433634375,7.245927677746512,NaN,20.0
J22 Holy 2:Divine Arrow,D,-,1,0,1,0.0,13.979842400394837,35.717625433634375,7.245927677746512,NaN,20.0
J22 Holy 2:Chains of Custody,D,-,1,0,1,0.0,13.979842400394837,35.717625433634375,7.245927677746512,NaN,20.0
J25 Goblins 2:Shock,D,-,3,0,3,0.0,13.956145309716224,35.80534535720003,7.283066682494603,NaN,30.666666666666668
J25 Of the Coast 1:Delightful Discovery,D,-,2,0,2,0.0,13.924172170902828,35.38412490079268,7.1533175766299495,NaN,18.5
J22 Fiery 2:Flames of the Firebrand,D,-,2,0,2,0.0,13.922418562846445,35.30051923437974,7.126033557177765,NaN,17.5
J25 Of the Coast 1:Plagon, Lord of the Beach,D,-,1,0,1,0.0,13.919376272868881,35.5947371703073,7.2251202991461385,NaN,18.0
J25 Of the Coast 1:Shorecomber Crab,D,-,1,0,1,0.0,13.919376272868881,35.5947371703073,7.2251202991461385,NaN,18.0
J25 Of the Coast 1:Omen of the Sea,D,-,1,0,1,0.0,13.919376272868881,35.5947371703073,7.2251202991461385,NaN,18.0
JMP Well-Read 1:Erratic Visionary,D,-,1,0,1,0.0,13.919376272868881,35.5947371703073,7.2251202991461385,NaN,18.0
J25 Warriors 2:Daybreak Combatants,D,-,3,0,3,0.0,13.909731316159071,35.09172628826752,7.060664990702818,NaN,19.0
J22 Boneyard 1:Necrotic Wound,D,-,1,0,1,0.0,13.875347139027106,34.97420310067992,7.032951987217606,NaN,15.0
J25 Treasures 1:Shambling Ghast,D,-,1,0,1,0.0,13.875347139027106,34.97420310067992,7.032951987217606,NaN,15.0
J22 Boneyard 1:Gorging Vulture,D,-,1,0,1,0.0,13.875347139027063,34.97420310067988,7.032951987217606,NaN,15.0
JMP Well-Read 1:Oneirophage,D,-,2,0,2,0.0,13.857030124984618,35.270857918555066,7.137942597856815,NaN,18.0
J25 Encounter 2:Jungle Delver,D,-,3,0,3,0.0,13.831147799529568,33.80157475494661,6.656808985139014,NaN,18.666666666666668
J22 Goblins 3:Fanatical Firebrand,D,-,3,2,1,0.6666666666666666,13.816326922491218,32.32943284079992,6.1710353061029,17.5,17.0
JMP Tree Hugging 1:Snarespinner,D,-,4,1,3,0.25,13.808553390522057,33.44536051931466,6.545602376264202,24.0,18.666666666666668
J22 Detective 4:Jace's Scrutiny,D,-,3,0,3,0.0,13.788322736847327,35.58266647845371,7.264781247202127,NaN,25.0
J22 Detective 4:Press for Answers,D,-,5,1,4,0.2,13.754008173827806,35.59143731802876,7.2791430480669845,17.0,24.0
J25 Legion 1:Dawnwing Marshal,D,-,3,1,2,0.3333333333333333,13.743718292779807,31.56258591657158,5.939622541263924,17.0,18.0
J25 Soaring 1:Tide Skimmer,D,-,2,0,2,0.0,13.682374865748216,35.85938155808815,7.392335564113312,NaN,20.0
J22 Eldrazi:Stalking Drone,D,-,3,1,2,0.3333333333333333,13.677203677432892,35.267011619838925,7.196602647468677,17.0,25.0
J22 Eldrazi:Warden of Geometries,D,-,3,1,2,0.3333333333333333,13.677203677432892,35.267011619838925,7.196602647468677,17.0,25.0
J22 Urza's:Meteor Golem,D,-,1,0,1,0.0,13.673776285523473,35.96519331717102,7.430472343882516,NaN,23.0
J25 Soaring 1:Gust of Wind,D,-,1,0,1,0.0,13.673776285523473,35.96519331717102,7.430472343882516,NaN,23.0
J22 Urza's:Karn Liberated,D,-,1,0,1,0.0,13.673776285523466,35.965193317171014,7.430472343882516,NaN,23.0
J25 Warriors 2:Unstoppable Ogre,D,-,2,0,2,0.0,13.667589119595153,34.903888078977026,7.078766319793957,NaN,23.5
J25 Warriors 2:Infuriate,D,-,2,0,2,0.0,13.667589119595153,34.903888078977026,7.078766319793957,NaN,23.5
J25 Soaring 1:Waterkin Shaman,D,-,2,0,2,0.0,13.645270324180139,35.94210694058616,7.43227887213534,NaN,21.5
J25 Soaring 1:Nightveil Sprite,D,-,2,0,2,0.0,13.645270324180139,35.94210694058616,7.43227887213534,NaN,21.5
J22 Urza's:Locthwain Gargoyle,D,-,2,1,1,0.5,13.644755461679864,35.9607416408874,7.4386620597358455,16.0,23.0
J22 Zombies 1:Maalfeld Twins,D,-,4,0,4,0.0,13.633860981952576,31.67142822734909,6.012522415132171,NaN,22.25
JMP Smashing 2:Short Sword,D,-,6,2,4,0.3333333333333333,13.631771743092074,33.84917360629812,6.739133954402016,20.0,23.25
J22 Fiery 2:Chandra's Pyreling,D,-,2,0,2,0.0,13.568949972515647,34.54118889835551,6.9907463086132875,NaN,16.5
J22 Eldrazi:Blisterpod,D,-,2,0,2,0.0,13.565438801391707,35.16763675143418,7.2007326500141575,NaN,25.0
J25 Bloody 2:Markov Blademaster,D,-,1,0,1,0.0,13.47674718813034,33.11767191482075,6.546974908896803,NaN,15.0
JMP Predatory 2:Marauder's Axe,D,-,2,0,2,0.0,13.47082971528934,33.580566935551396,6.703245740087351,NaN,20.0
J25 Bloody 2:Markov Retribution,D,-,2,0,2,0.0,13.456518777085023,33.11550301125327,6.552994744722748,NaN,12.0
JMP Spirits 1:Departed Deckhand,D,-,3,1,2,0.3333333333333333,13.452108963259882,33.40441948821674,6.6507701749856185,15.0,20.5
J22 Think Again 3:Spectral Sailor,D,-,3,0,3,0.0,13.449178467672642,32.80474250447689,6.45185467893475,NaN,18.666666666666668
J25 Clerics 4:Extinguish the Light,D,-,4,0,4,0.0,13.447624847703185,32.76130491993947,6.4378933574120945,NaN,18.0
J25 Heroes 1:Brigone, Soldier of Meletis,D,-,2,0,2,0.0,13.43884117389915,33.059091852090766,6.540083559397205,NaN,21.5
J25 Clerics 4:Stronghold Confessor,D,-,3,0,3,0.0,13.41347561325901,33.27187171300949,6.619465366583492,NaN,19.0
J25 Clerics 4:Archfiend's Vessel,D,-,3,0,3,0.0,13.41347561325901,33.27187171300949,6.619465366583492,NaN,19.0
J22 Morbid 1:Mortuary Mire,D,-,2,0,2,0.0,13.391707867819765,34.43833252585665,7.015541552678962,NaN,21.5
J22 Fangs 4:Blood Price,D,-,4,2,2,0.5,13.384249940379174,31.453975251914123,6.02324177051165,24.5,16.0
J22 Morbid 1:Durable Coilbug,D,-,3,0,3,0.0,13.378287060121082,34.37182438261055,6.997845774163155,NaN,19.666666666666668
JMP Well-Read 1:Narcolepsy,D,-,2,0,2,0.0,13.37750316890104,34.622980473969115,7.081825768356025,NaN,18.0
JMP Well-Read 1:Opt,D,-,3,0,3,0.0,13.370582354885784,34.564740790389976,7.064719478501397,NaN,16.666666666666668
JMP Wizards 4:Rain of Revelation,D,-,1,0,1,0.0,13.322486204954984,35.165478260987776,7.280997352010931,NaN,29.0
J25 Wizards 2:Chilling Trap,D,-,1,0,1,0.0,13.322486204954984,35.165478260987776,7.280997352010931,NaN,29.0
JMP Wizards 4:Barrin, Tolarian Archmage,D,-,1,0,1,0.0,13.322486204954984,35.165478260987776,7.280997352010931,NaN,29.0
JMP Wizards 4:Frost Breath,D,-,1,0,1,0.0,13.322486204954984,35.165478260987776,7.280997352010931,NaN,29.0
JMP Wizards 4:Read the Tides,D,-,1,0,1,0.0,13.322486204954984,35.165478260987776,7.280997352010931,NaN,29.0
J25 Wizards 2:Remand,D,-,2,1,1,0.5,13.298970756569808,35.164339157177366,7.288456133535853,20.0,29.0
J25 Wizards 2:Expedition Diviner,D,-,2,1,1,0.5,13.298970756569773,35.16433915717733,7.288456133535853,20.0,29.0
J22 Primates:Towering Gibbon,D,-,3,2,1,0.6666666666666666,13.281551204647435,33.21735384572998,6.645267547027515,18.0,14.0
J25 Bloody 2:Ivora, Insatiable Heir,D,-,2,0,2,0.0,13.23322592238273,32.67149066867551,6.479421582097594,NaN,14.0
J25 Bloody 2:Blood Petal Celebrant,D,-,3,0,3,0.0,13.212548901053644,32.66939886252232,6.485616653822893,NaN,12.333333333333334
J25 Treasures 1:Evereth, Viceroy of Plunder,D,-,2,0,2,0.0,13.135027847538144,33.32974024467142,6.731570799044426,NaN,15.5
J22 Goblins 3:Rummaging Goblin,D,-,3,1,2,0.3333333333333333,13.119392154927883,31.302255911866038,6.060954585646051,17.0,16.0
J22 Morbid 2:Vampiric Rites,D,-,4,0,4,0.0,13.111489391100804,33.573464509867115,6.820658372922104,NaN,22.0
J25 Vampires 1:Bloodtithe Collector,D,-,2,0,2,0.0,13.099016571191061,33.33305888707048,6.744680771959806,NaN,20.0
J22 Boneyard 1:Wailing Ghoul,D,-,2,0,2,0.0,13.089969936860335,33.41686472814355,6.775631597094406,NaN,19.5
J25 Clerics 4:Priest of Gix,D,-,4,0,4,0.0,13.051149037862906,32.60284743078042,6.517232797639172,NaN,19.0
J22 Think Again 3:Teferi's Protege,D,-,3,0,3,0.0,13.047636072688903,32.847700427132715,6.600021451481271,NaN,22.333333333333332
J25 Warriors 2:Ghitu Encampment,D,-,3,0,3,0.0,13.016531647446492,33.851548628029974,6.945005660194494,NaN,21.666666666666668
J22 Teamwork 1:Dragon Blood,D,-,2,1,1,0.5,12.956439363151123,34.949362019333265,7.3309742187273805,19.0,28.0
J22 Teamwork 1:Moment of Triumph,D,-,4,2,2,0.5,12.92016684101543,34.934896468588356,7.338243209190976,20.5,25.0
J22 Demons 1:Renegade Demon,D,-,1,0,1,0.0,12.88699585776353,35.766405546629976,7.626469896288816,NaN,52.0
J22 Demons 1:Fetid Imp,D,-,1,0,1,0.0,12.88699585776353,35.766405546629976,7.626469896288816,NaN,52.0
J22 Demons 1:Conductor of Cacophony,D,-,1,0,1,0.0,12.88699585776353,35.766405546629976,7.626469896288816,NaN,52.0
J22 Demons 1:Kothophed, Soul Hoarder,D,-,1,0,1,0.0,12.88699585776353,35.766405546629976,7.626469896288816,NaN,52.0
J22 Demons 1:Infernal Idol,D,-,2,0,2,0.0,12.879019050946802,35.71029657902523,7.61042584269281,NaN,33.5
J22 Demons 1:Disciple of Perdition,D,-,2,0,2,0.0,12.879019050946802,35.71029657902523,7.61042584269281,NaN,33.5
JMP Reanimated 2:Miasmic Mummy,D,-,2,1,1,0.5,12.872424266938928,35.77254771224714,7.633374481769404,27.0,52.0
J22 Demons 1:Demon's Grasp,D,-,2,0,2,0.0,12.855826971339106,35.72928096190797,7.624484663522954,NaN,39.5
J22 Demons 1:Diabolic Edict,D,-,2,0,2,0.0,12.855826971339106,35.72928096190797,7.624484663522954,NaN,39.5
J22 Demons 1:Takenuma Bleeder,D,-,3,0,3,0.0,12.847460093710154,35.673161445562535,7.608567117284127,NaN,31.333333333333332
J22 Demons 1:Soulcage Fiend,D,-,3,0,3,0.0,12.847460093710154,35.673161445562535,7.608567117284127,NaN,31.333333333333332
J25 Grave Robbers 4:Gravedigger,D,-,1,0,1,0.0,12.750003464241665,32.81681820211147,6.688938245956602,NaN,15.0
JMP Archaeology 2:Ancestral Statue,D,-,1,0,1,0.0,12.744677112800659,34.05102791242482,7.1021169332080545,NaN,30.0
JMP Heavily Armored 2:Basri's Acolyte,D,-,1,0,1,0.0,12.744677112800659,34.05102791242482,7.1021169332080545,NaN,30.0
JMP Heavily Armored 2:Bulwark Giant,D,-,1,0,1,0.0,12.744677112800659,34.05102791242482,7.1021169332080545,NaN,30.0
JMP Heavily Armored 2:Tempered Veteran,D,-,1,0,1,0.0,12.744677112800659,34.05102791242482,7.1021169332080545,NaN,30.0
JMP Archaeology 2:Aether Spellbomb,D,-,2,0,2,0.0,12.717050097900234,34.0447987119828,7.109249538027521,NaN,23.5
J25 Goblins 1:Battle Cry Goblin,D,-,2,0,2,0.0,12.71290012944656,32.783384561822594,6.690161477458679,NaN,21.0
JMP Heavily Armored 2:Siege Striker,D,-,2,0,2,0.0,12.692107592355029,33.88758083897644,7.065157748873803,NaN,26.0
JMP Minions 4:Dutiful Attendant,D,-,3,0,3,0.0,12.683444677427374,31.72820189435221,6.348252405641612,NaN,18.666666666666668
J25 Surprise 3:Brineborn Cutthroat,D,-,2,1,1,0.5,12.670349958698917,34.72818562807295,7.352611889791344,17.0,28.0
J25 Surprise 3:Supreme Will,D,-,2,1,1,0.5,12.670349958698889,34.72818562807292,7.352611889791344,17.0,28.0
J22 Goblins 4:Goblin Rabblemaster,D,-,4,1,3,0.25,12.658064228842907,32.796694784754365,6.712876851970486,15.0,19.333333333333332
J25 Goblins 1:Brute Strength,D,-,3,0,3,0.0,12.612654198065922,32.552683124693274,6.646676308875784,NaN,20.333333333333332
J22 Cycling 2:Irencrag Pyromancer,D,-,1,0,1,0.0,12.60765272181363,33.52372747062013,6.9720249162688335,NaN,20.0
J22 Cycling 2:Starstorm,D,-,1,0,1,0.0,12.60765272181363,33.52372747062013,6.9720249162688335,NaN,20.0
J22 Cycling 2:Mad Ratter,D,-,2,1,1,0.5,12.577468266321802,33.517234787308205,6.979922173662134,15.0,20.0
J22 Insects 2:Giant Ladybug,D,-,4,1,3,0.25,12.574943193427941,32.77723328064607,6.734096695739377,17.0,27.333333333333332
J22 Faeries 1:Synchronized Eviction,D,-,2,1,1,0.5,12.568459245292672,31.264797427886545,6.232112727531291,17.0,20.0
J22 Insects 2:Circuit Mender,D,-,4,1,3,0.25,12.549881135403503,33.65298897833456,7.03436928097702,24.0,31.333333333333332
JMP Tree Hugging 1:Warden of the Woods,D,-,3,1,2,0.3333333333333333,12.545019071473153,32.52020324518009,6.658394724568979,18.0,18.5
JMP Tree Hugging 1:Aggressive Urge,D,-,3,1,2,0.3333333333333333,12.545019071473153,32.52020324518009,6.658394724568979,18.0,18.5
J25 Treasures 1:Ruthless Technomancer,D,-,4,1,3,0.25,12.542598655732363,31.383042437181675,6.280147927149771,18.0,15.666666666666666
J25 Encounter 2:Mowu, Loyal Companion,D,-,3,0,3,0.0,12.476402140871748,31.46821419838083,6.330604019169694,NaN,18.666666666666668
JMP Smashing 3:Sarkhan's Unsealing,D,-,2,0,2,0.0,12.415668185758154,34.03901605173468,7.207782621992174,NaN,24.0
J22 Cycling 2:Forgotten Cave,D,-,2,0,2,0.0,12.413930755777589,32.97328178720121,6.8531170104745405,NaN,17.5
J22 Cycling 2:Deem Worthy,D,-,2,0,2,0.0,12.413930755777589,32.97328178720121,6.8531170104745405,NaN,17.5
J22 Cycling 2:Prickly Marmoset,D,-,2,0,2,0.0,12.413930755777574,32.973281787201195,6.8531170104745405,NaN,17.5
J22 Primates:Cultivate,D,-,1,0,1,0.0,12.344190393033124,32.4141044845817,6.6899713638495255,NaN,14.0
J25 Icky 1:Devouring Swarm,D,-,3,1,2,0.3333333333333333,12.333175370899415,33.872088505841425,7.179637711647337,15.0,26.0
J25 Treasures 1:Reassembling Skeleton,D,-,2,0,2,0.0,12.303479402867598,32.0758960036386,6.590805533590333,NaN,15.5
JMP Teferi:Vodalian Arcanist,D,-,4,1,3,0.25,12.257989224870379,31.526470595048277,6.422827123392633,16.0,17.333333333333332
JMP Archaeology 3:Aether Spellbomb,D,-,2,1,1,0.5,12.25540069730016,32.44498696763332,6.729862090111053,23.0,17.0
J22 Goblins 4:Burn Bright,D,-,5,2,3,0.4,12.174943311456396,31.433604193820475,6.419553627454693,16.5,22.0
JMP Archaeology 3:Vedalken Archmage,D,-,3,1,2,0.3333333333333333,12.16468650978356,32.21553778193636,6.6836170907176005,23.0,17.0
J22 Teamwork 1:Infantry Veteran,D,-,3,2,1,0.6666666666666666,12.098220424682225,34.29652522979232,7.3994349350367,17.5,28.0
J25 Surprise 3:Opt,D,-,1,0,1,0.0,12.053499218869398,34.23300343020667,7.393168070445758,NaN,28.0
J25 Surprise 3:Spectral Sailor,D,-,1,0,1,0.0,12.053499218869398,34.23300343020667,7.393168070445758,NaN,28.0
J25 Surprise 3:Venser, Shaper Savant,D,-,1,0,1,0.0,12.05349921886939,34.233003430206665,7.393168070445758,NaN,28.0
J25 Surprise 3:Stinging Lionfish,D,-,1,0,1,0.0,12.05349921886939,34.233003430206665,7.393168070445758,NaN,28.0
J25 Inventive 4:Bury in Books,D,-,3,1,2,0.3333333333333333,11.986980935610731,33.22257748428264,7.078532182890635,16.0,24.5
JMP Discarding 1:Mind Rot,D,-,2,0,2,0.0,11.9194833568402,32.12847553551349,6.73633072622443,NaN,23.0
J22 Treasure 1:Trove of Temptation,D,-,2,1,1,0.5,11.875361511135285,32.00456522782024,6.709734572228317,19.0,18.0
J22 Snow:Crippling Chill,D,-,1,0,1,0.0,11.852744455023771,32.98832730456756,7.045194283181264,NaN,30.0
JMP Legion 2:Staunch Shieldmate,D,-,2,0,2,0.0,11.829758121770727,31.937664773675632,6.702635550634968,NaN,15.5
J25 Ninjas:Whirlwind Denial,D,-,2,1,1,0.5,11.829348223250179,31.929283433006816,6.699978403252213,24.0,20.0
JMP Rogues 1:Masked Blackguard,D,-,1,0,1,0.0,11.82625161734845,31.909243970782885,6.6943307844781454,NaN,20.0
JMP Legion 2:Basri's Solidarity,D,-,1,0,1,0.0,11.802352156717731,31.92860911234062,6.708752318540963,NaN,18.0
J25 Inventive 4:Gilded Scuttler,D,-,2,0,2,0.0,11.781592143223413,33.06793125440532,7.0954463703939705,NaN,24.5
J25 Inventive 4:Treasure Keeper,D,-,2,0,2,0.0,11.781592143223392,33.0679312544053,7.0954463703939705,NaN,24.5
J25 Inventive 4:Padeem, Consul of Innovation,D,-,2,0,2,0.0,11.781592143223392,33.0679312544053,7.0954463703939705,NaN,24.5
JMP Smashing 3:Bone Pit Brute,D,-,2,0,2,0.0,11.71633095407077,32.22142412681774,6.835031057582322,NaN,24.0
J25 Nefarious:Oneirophage,D,-,4,1,3,0.25,11.671658066477985,31.822072410045596,6.716804781189204,18.0,16.666666666666668
J22 Teamwork 1:Sandstone Bridge,D,-,3,1,2,0.3333333333333333,11.670775330351006,32.59721992932915,6.975481532992714,19.0,26.0
JMP Archaeology 3:Hedron Archive,D,-,2,1,1,0.5,11.584763806871827,31.939637024269093,6.784957739132422,20.0,17.0
JMP Smashing 3:Inferno Hellion,D,-,3,0,3,0.0,11.536057125875764,32.1727012080676,6.878881360730612,NaN,23.0
J25 Surprise 1:Spectral Sailor,D,-,1,0,1,0.0,11.357188754221006,32.60077320785883,7.081194817879274,NaN,26.0
J25 Surprise 1:Brineborn Cutthroat,D,-,1,0,1,0.0,11.357188754221006,32.60077320785883,7.081194817879274,NaN,26.0
J25 Ne'er-do-wells 1:Midnight Assassin,D,-,1,0,1,0.0,11.30877660361002,32.1042030287068,6.931808808365593,NaN,20.0
JMP Spirits 1:Shacklegeist,D,-,3,0,3,0.0,11.305324782627661,30.70026940342189,6.464981540264743,NaN,22.333333333333332
J25 Surprise 1:Crystacean,D,-,2,0,2,0.0,11.29535775683723,32.372330762213906,7.025657668458892,NaN,21.5
J25 Bookworms 3:Reckless Scholar,D,-,2,0,2,0.0,11.288148698472575,31.23930738289212,6.650386228139849,NaN,21.5
J25 Warriors 2:Keldon Raider,D,-,4,0,4,0.0,11.250106362002818,30.95871796715371,6.569537201716964,NaN,20.75
J22 Gigantic 1:Gift of the Gargantuan,D,-,2,1,1,0.5,11.241581951532634,30.610779054951706,6.456399034473024,22.0,15.0
JMP Minions 2:Drainpipe Vermin,D,-,1,0,1,0.0,11.233861919369787,31.95679004508118,6.907642708570465,NaN,16.0
JMP Minions 2:Eliminate,D,-,1,0,1,0.0,11.233861919369787,31.95679004508118,6.907642708570465,NaN,16.0
J25 Stalwart 2:Lightwalker,D,-,1,0,1,0.0,11.233861919369787,31.95679004508118,6.907642708570465,NaN,16.0
J25 Explorers 2:Explore,D,-,4,1,3,0.25,11.164175877197941,28.34949263454564,5.7284389191159,15.0,15.333333333333334
J22 Merfolk 1:Shaper Apprentice,D,-,4,0,4,0.0,11.15835588711796,31.20565735194625,6.68243382160943,NaN,19.25
J25 Nefarious:Lord of the Unreal,D,-,4,0,4,0.0,11.095415060894464,30.376563812733412,6.427049583946316,NaN,16.5
JMP Under the Sea 2:Sigiled Starfish,D,-,4,1,3,0.25,11.071742497813183,29.962720376304393,6.296992626163736,22.0,26.333333333333332
J22 Urza's:Urza's Mine,D,-,4,2,2,0.5,11.021653615976891,31.472774723119745,6.817040369047618,17.0,21.5
J22 Urza's:Urza's Power Plant,D,-,4,2,2,0.5,11.021653615976891,31.472774723119745,6.817040369047618,17.0,21.5
J22 Urza's:Urza's Tower,D,-,4,2,2,0.5,11.021653615976891,31.472774723119745,6.817040369047618,17.0,21.5
J22 Urza's:Universal Solvent,D,-,4,2,2,0.5,11.021653615976891,31.472774723119745,6.817040369047618,17.0,21.5
J22 Snow:Coldsteel Heart,D,-,3,1,2,0.3333333333333333,10.918429997636956,31.697746634544938,6.926438878969328,29.0,30.5
J22 Snow:Berg Strider,D,-,2,0,2,0.0,10.913680811730561,31.676077147773675,6.920798778681038,NaN,30.5
J22 Merfolk 2:Saltwater Stalwart,D,-,2,1,1,0.5,10.883721115560025,30.3173133350562,6.477864073165391,20.0,15.0
J22 Merfolk 2:Svyelun of Sea and Sky,D,-,2,1,1,0.5,10.883721115560025,30.3173133350562,6.477864073165391,20.0,15.0
J22 Snow:Frostpeak Yeti,D,-,3,0,3,0.0,10.88107934794473,31.574613573310874,6.897844741788715,NaN,25.666666666666668
J25 Angels 1:Secluded Steppe,D,-,3,1,2,0.3333333333333333,10.715542090690736,30.13767834829417,6.474045419201145,17.0,16.5
JMP Archaeology 4:Meteor Golem,D,-,1,0,1,0.0,10.690499167520944,32.31780155988295,7.209100797454003,NaN,24.0
JMP Archaeology 4:Jousting Dummy,D,-,1,0,1,0.0,10.690499167520944,32.31780155988295,7.209100797454003,NaN,24.0
JMP Minions 2:Village Rites,D,-,2,0,2,0.0,10.670305653983728,30.393770650319812,6.574488332112027,NaN,16.0
JMP Minions 2:Ghoulcaller's Accomplice,D,-,2,0,2,0.0,10.670305653983728,30.393770650319812,6.574488332112027,NaN,16.0
JMP Minions 2:Eternal Taskmaster,D,-,2,0,2,0.0,10.670305653983728,30.393770650319812,6.574488332112027,NaN,16.0
JMP Reanimated 2:Gloom Sower,D,-,4,2,2,0.5,10.669537456593304,31.23376235702179,6.854741633476162,25.0,39.5
J25 Inventive 3:Thought Monitor,D,-,6,2,4,0.3333333333333333,10.663189156502682,28.101633005049546,5.812814616182288,22.0,22.5
J25 Dragons 1:Dragonlord's Servant,D,-,4,1,3,0.25,10.604189702980491,27.744000995165198,5.713270430728236,18.0,23.666666666666668
JMP Smashing 3:Furious Rise,D,-,3,0,3,0.0,10.548439033556892,29.98341647859778,6.478325815013629,NaN,22.0
J22 Urza's:Planar Atlas,E,-,2,0,2,0.0,10.218606687720815,30.86726670621183,6.882886672830338,NaN,21.5
J22 Insects 2:Ironshell Beetle,E,-,5,1,4,0.2,10.192944233087182,29.626176603371448,6.477744123428089,17.0,28.0
JMP Wizards 2:Read the Tides,E,-,4,1,3,0.25,10.17771532537316,27.803690153534014,5.875324942720284,28.0,22.666666666666668
JMP Archaeology 4:Short Sword,E,-,4,0,4,0.0,10.143403946157239,30.36143822065957,6.739344758167443,NaN,19.75
J25 Landfall 3:Bite Down,E,-,4,1,3,0.25,10.016758225683944,28.33722557713835,6.1068224504848025,18.0,14.666666666666666
J25 Legion 1:Recruitment Officer,E,-,2,0,2,0.0,9.920691179778927,29.289151896162164,6.456153572127746,NaN,15.5
J25 Landfall 3:Cliffhaven Kitesail,E,-,4,1,3,0.25,9.820497679809144,28.17070508882298,6.116735803004612,23.0,14.666666666666666
JMP Archaeology 4:Signpost Scarecrow,E,-,2,0,2,0.0,9.782936428004032,30.890695236476084,7.035919602824017,NaN,22.0
JMP Archaeology 4:Thirst for Knowledge,E,-,2,0,2,0.0,9.782936428004003,30.890695236476056,7.035919602824017,NaN,22.0
JMP Archaeology 4:Scuttlemutt,E,-,2,0,2,0.0,9.782936428004003,30.890695236476056,7.035919602824017,NaN,22.0
J25 Grave Robbers 4:Persistent Specimen,E,-,3,0,3,0.0,9.744118532629319,28.962614580930666,6.406165349433783,NaN,22.666666666666668
J25 Grave Robbers 4:Gorging Vulture,E,-,3,0,3,0.0,9.744118532629319,28.962614580930666,6.406165349433783,NaN,22.666666666666668
J25 Legion 1:Adeline, Resplendent Cathar,E,-,5,2,3,0.4,9.715442204778554,26.350402936709372,5.5449869106436065,15.5,17.333333333333332
J22 Merfolk 2:Windrider Patrol,E,-,2,0,2,0.0,9.70921270139532,28.83864115827746,6.376476152294047,NaN,16.0
J22 Merfolk 2:Merfolk Pupil,E,-,2,0,2,0.0,9.709212701395309,28.83864115827745,6.376476152294047,NaN,16.0
J25 Icky 1:Subtle Strike,E,-,2,0,2,0.0,9.669805333210785,29.961802909215532,6.763999192001582,NaN,30.0
JMP Tree Hugging 1:Wall of Blossoms,E,-,1,0,1,0.0,9.58094028186067,30.29897630623111,6.90601200812348,NaN,19.0
J22 Wolves 1:Wolf's Quarry,E,-,2,1,1,0.5,9.55694138879938,30.29671370454032,6.913257438580313,13.0,19.0
J22 Wolves 1:Wolfkin Bond,E,-,2,1,1,0.5,9.556941388799348,30.296713704540288,6.913257438580313,13.0,19.0
JMP Tree Hugging 1:Primordial Sage,E,-,2,0,2,0.0,9.554484995746485,30.29219721813279,6.912570740795435,NaN,18.5
JMP Teferi:Opt,E,-,5,1,4,0.2,9.54514195895607,27.54236122420808,5.999073088417337,16.0,13.75
JMP Archaeology 1:Erratic Visionary,E,-,2,0,2,0.0,9.390028968841957,29.27953434354073,6.62983512489959,NaN,16.5
JMP Heavily Armored 2:Trusty Retriever,E,-,2,0,2,0.0,9.325409555822745,28.721886554747066,6.465492332974773,NaN,24.0
JMP Spooky 4:Eternal Taskmaster,E,-,2,0,2,0.0,9.243098004766512,28.479222436514107,6.412041477249198,NaN,21.0
J22 Wolves 1:Mild-Mannered Librarian,E,-,3,1,2,0.3333333333333333,9.20190310822056,29.6112287799413,6.803108557240247,13.0,23.5
JMP Archaeology 2:Archaeomender,E,-,3,0,3,0.0,9.174584491460678,29.25542437526342,6.693613294600914,NaN,23.0
J25 Ninjas:Fading Hope,E,-,4,1,3,0.25,9.152430893500345,28.19876870699947,6.348779271166375,24.0,20.333333333333332
J25 Ninjas:Moonsnare Specialist,E,-,4,1,3,0.25,9.152430893500345,28.19876870699947,6.348779271166375,24.0,20.333333333333332
J25 Icky 1:Go for the Throat,E,-,3,0,3,0.0,8.962791468214299,28.92214672881694,6.65311842020088,NaN,28.0
J25 Stalwart 1:Sandsteppe Outcast,E,-,2,0,2,0.0,8.818776026931577,28.81011344811444,6.663779140394288,NaN,28.0
J25 Stalwart 1:Squad Captain,E,-,2,0,2,0.0,8.818776026931577,28.81011344811444,6.663779140394288,NaN,28.0
J25 Stalwart 1:Ajani, Adversary of Tyrants,E,-,2,0,2,0.0,8.818776026931577,28.81011344811444,6.663779140394288,NaN,28.0
J25 Ninjas:Nightveil Sprite,E,-,3,0,3,0.0,8.774501198688437,27.438139810294345,6.221212870535303,NaN,18.666666666666668
J22 Merfolk 3:Crashing Tide,E,-,4,3,1,0.75,8.632819370072895,28.280039069436338,6.549073233121148,14.0,20.0
J25 Drowned 1:Merfolk Pupil,E,-,3,0,3,0.0,8.041778691803213,26.666867561275502,6.208362956490763,NaN,19.333333333333332
JMP Wizards 2:Sage's Row Savant,E,-,3,1,2,0.3333333333333333,7.902372288017919,28.120678328246257,6.73943534674278,15.0,24.5
J25 Bookworms 4:Phantasmal Shieldback,E,-,6,3,3,0.5,7.901955721051305,24.308768078126487,5.468937452358394,23.333333333333332,18.333333333333332
JMP Wizards 2:Opt,E,-,2,0,2,0.0,7.845567808306875,28.05752278835549,6.737318326682872,NaN,24.5
JMP Reanimated 2:Eliminate,E,-,2,0,2,0.0,7.7248170129773825,28.969451268842185,7.081544751954935,NaN,39.5
JMP Reanimated 2:Macabre Waltz,E,-,3,0,3,0.0,7.716744224341255,28.898473496960037,7.0605764242062605,NaN,31.333333333333332
JMP Reanimated 2:Carrion Grub,E,-,3,1,2,0.3333333333333333,7.708224958990261,28.97446208642953,7.088745709146423,27.0,39.5
JMP Reanimated 2:Rise Again,E,-,3,1,2,0.3333333333333333,7.70822495899025,28.97446208642952,7.088745709146423,27.0,39.5
JMP Rogues 1:Stab Wound,E,-,4,2,2,0.5,7.705863053240957,26.179497518660842,6.1578781551399615,15.0,18.0
J25 Bookworms 4:Sky-Eel School,E,-,6,3,3,0.5,7.388139014284249,23.45298302213978,5.35494800261851,23.333333333333332,17.333333333333332
J22 Faeries 1:Spellstutter Sprite,E,-,1,0,1,0.0,7.3266839303234335,27.19773982342417,6.623685297700245,NaN,20.0
JMP Under the Sea 2:Cryptic Serpent,E,-,2,0,2,0.0,7.189581055104952,27.37222512456645,6.727548023153833,NaN,26.0
J22 Detective 1:Mechanized Production,E,-,1,0,1,0.0,6.923821062524343,27.256322570614497,6.777500502696718,NaN,18.0
J22 Detective 1:Hold for Questioning,E,-,1,0,1,0.0,6.923821062524343,27.256322570614497,6.777500502696718,NaN,18.0
JMP Rogues 1:Rogue's Gloves,E,-,2,0,2,0.0,6.762550771861477,25.424103358995158,6.22051752904456,NaN,18.0
J25 Treasures 2:Contract Killing,E,-,1,0,1,0.0,6.688134002972859,26.75131576265927,6.687727253228804,NaN,17.0
J25 Treasures 2:Reassembling Skeleton,E,-,1,0,1,0.0,6.688134002972859,26.75131576265927,6.687727253228804,NaN,17.0
J25 Treasures 2:Dusk Mangler,E,-,1,0,1,0.0,6.688134002972859,26.75131576265927,6.687727253228804,NaN,17.0
J22 Gigantic 1:Runadi, Behemoth Caller,E,-,4,1,3,0.25,6.532864807135972,23.99465413008211,5.820596440982046,22.0,19.333333333333332
J22 Detective 1:Floodhound,E,-,2,0,2,0.0,6.532863938397213,26.677711413616954,6.714949158406581,NaN,25.0
J25 Treasures 2:Deadly Dispute,E,-,2,0,2,0.0,6.510729968587242,26.24304313699721,6.577437722803322,NaN,18.5
J22 Detective 1:Vedalken Engineer,E,-,3,0,3,0.0,6.504767771932094,26.6695302661727,6.721587498080202,NaN,24.0
J25 Inventive 3:Patchwork Automaton,E,-,2,1,1,0.5,5.761287193257381,26.741658655023702,6.993457153922107,23.0,20.0
J25 Bookworms 4:Soul Read,E,-,3,1,2,0.3333333333333333,3.3963907135357907,24.89195322066327,7.165187502375827,28.0,18.5
JMP Archaeology 4:Aether Spellbomb,E,-,2,0,2,0.0,3.383027873145803,22.589402034826524,6.4021247205602405,NaN,20.0
J25 Inventive 3:Gilded Scuttler,E,-,3,1,2,0.3333333333333333,3.38202355118786,23.47531959170761,6.697765346839916,23.0,22.5
JMP Archaeology 4:Archaeomender,E,-,3,0,3,0.0,3.3699427825452553,22.58855506798199,6.406204095145578,NaN,20.0
JMP Archaeology 4:Buried Ruin,E,-,3,0,3,0.0,3.3699427825452553,22.58855506798199,6.406204095145578,NaN,20.0
J22 Detective 1:Magnifying Glass,E,-,5,0,5,0.0,3.096392232647812,21.64962005055415,6.184409272635446,NaN,20.6
J25 Explorers 2:Primeval Herald,E,-,3,0,3,0.0,2.558987886185843,19.685036621138057,5.708682911650738,NaN,17.666666666666668
JMP Archaeology 4:Scarecrone,E,-,4,0,4,0.0,2.5178292862696274,21.382069252197052,6.288079988642474,NaN,20.0
J25 Bookworms 4:Reckless Scholar,E,-,4,1,3,0.25,0.5429389236887197,17.539318269893617,5.665459782068298,21.0,18.333333333333332
J25 Inventive 3:Thoughtcast,E,-,4,0,4,0.0,0.5415122966823738,20.86066540602169,6.7730510364464385,NaN,20.25
J25 Inventive 3:Padeem, Consul of Innovation,E,-,4,1,3,0.25,0.3619540244788375,20.77065579372461,6.802900589748591,18.0,22.333333333333332
J25 Inventive 3:Ornithopter of Paradise,E,-,4,1,3,0.25,0.0,19.50591253841405,6.5019708461380175,18.0,22.666666666666668
