Pack,nCopies,Card,Mana Cost,Adj. Games Played,Adj. Wins,Adj. Losses,Games Played,Wins,Losses,Win Rate,Conservative Rating,Mean,StdDev,Tier,Turns to Win,Turns to Lose
J22 Blink 1,1,"Inspiring Overseer",{2}{W},1139,753,386,1139,753,386,0.6611062335381914,37.365650897933385,42.962394042147274,1.865581048071296,D,22.43426294820717,23.2279792746114
J22 Blink 1,1,"Settle Beyond Reality",{4}{W},1046,700,346,1046,700,346,0.6692160611854685,53.66802398458868,59.176087284572645,1.836021099994656,C,23.638571428571428,23.64450867052023
J22 Blink 1,1,"Gallant Cavalry",{3}{W},1102,697,405,1102,697,405,0.632486388384755,61.99109506397998,67.41127992660273,1.8067282875409187,B,23.0545193687231,23.446913580246914
J22 Blink 1,1,"Faith's Fetters",{3}{W},1093,688,405,1093,688,405,0.6294602012808783,52.00893866245313,57.37226190257428,1.7877744133737157,C,23.155523255813954,23.930864197530862
J22 Blink 1,1,"Distinguished Conjurer",{1}{W},1091,685,406,1091,685,406,0.6278643446379468,46.15029899318373,51.71316769777641,1.8542895681975609,C,23.01897810218978,23.061576354679804
J22 Blink 1,1,"Thraben Inspector",{W},1152,684,468,1152,684,468,0.59375,30.608019192676394,36.00746048791471,1.7998137650794397,D,22.799707602339183,22.485042735042736
J22 Blink 1,1,"Preston, the Vanisher",{3}{W},1112,681,431,1112,681,431,0.612410071942446,52.414476821620745,57.84525022841626,1.810257802265173,C,23.637298091042585,23.08816705336427
J22 Blink 1,1,"Brightmare",{2}{W},1040,620,420,1040,620,420,0.5961538461538461,42.90461502293658,48.40223014092793,1.832538372663781,C,23.611290322580643,23.978571428571428
J22 Blink 1,1,"Acrobatic Maneuver",{2}{W},979,616,363,979,616,363,0.6292134831460674,31.029272252529307,36.41706587205833,1.7959312065096744,D,23.508116883116884,23.608815426997246
J22 Blink 1,1,"Wispweaver Angel",{4}{W}{W},908,605,303,908,605,303,0.6662995594713657,62.20118371051545,67.52987948471757,1.7762319247340395,B,23.692561983471073,24.095709570957094
J22 Blink 1,1,"Rambunctious Mutt",{3}{W}{W},776,440,336,776,440,336,0.5670103092783505,46.70982351385081,52.022821404757075,1.7709992969687551,C,24.58409090909091,24.089285714285715
J22 Blink 2,1,"Imperial Aerosaur",{3}{W},1155,733,422,1155,733,422,0.6346320346320347,67.03694577891808,72.42861680760205,1.7972236762279914,B,21.920873124147338,22.033175355450236
J22 Blink 2,1,"Distinguished Conjurer",{1}{W},1074,667,407,1074,667,407,0.6210428305400373,41.03750528261669,46.66267409066843,1.8750562693505792,C,22.512743628185905,22.30958230958231
J22 Blink 2,1,"Emiel the Blessed",{2}{W}{W},1105,664,441,1105,664,441,0.6009049773755656,60.91805568796963,66.15793154087558,1.7466252843019854,B,22.484939759036145,22.31519274376417
J22 Blink 2,1,"Faith's Fetters",{3}{W},1042,648,394,1042,648,394,0.6218809980806143,53.16355116738658,58.64846011549408,1.8283029827025008,C,23.00925925925926,23.33248730964467
J22 Blink 2,1,"Inspiring Overseer",{2}{W},1051,647,404,1051,647,404,0.615604186489058,39.75370958410031,45.22451587833265,1.8236020980774497,C,22.493044822256568,21.59158415841584
J22 Blink 2,1,"Settle Beyond Reality",{4}{W},974,611,363,974,611,363,0.6273100616016427,58.5448777543161,63.95250060956899,1.8025409517509647,B,23.368248772504092,22.950413223140497
J22 Blink 2,1,"Valorous Steed",{4}{W},943,599,344,943,599,344,0.6352067868504772,60.22014693155749,65.70790445638282,1.8292525082751103,B,23.070116861435725,23.95639534883721
J22 Blink 2,1,"Brightmare",{2}{W},1023,553,470,1023,553,470,0.5405669599217986,36.456598589556634,41.829283990199706,1.7908951335476897,D,23.602169981916816,22.46595744680851
J22 Blink 2,1,"Justiciar's Portal",{1}{W},909,490,419,909,490,419,0.5390539053905391,27.859508605749095,33.194505656395506,1.77833235021547,D,23.73265306122449,22.486873508353224
J22 Blink 2,1,"Rambunctious Mutt",{3}{W}{W},689,375,314,689,375,314,0.5442670537010159,48.367761316139074,53.625817829236816,1.7526855043659137,C,24.4,23.547770700636942
J22 Blink 2,1,"Daybreak Charger",{1}{W},346,246,100,346,246,100,0.7109826589595376,51.22820395485009,56.942857125407414,1.9048843901857755,C,24.28048780487805,25.28
J22 Blink 3,1,"Restoration Angel",{3}{W},1180,754,426,1180,754,426,0.6389830508474577,58.88522320879366,64.22489718587786,1.7798913256947335,B,21.661803713527853,21.384976525821596
J22 Blink 3,1,"Inspiring Overseer",{2}{W},1098,709,389,1098,709,389,0.6457194899817851,47.84069177132141,53.07598072643214,1.7450963183702444,C,21.889985895627646,21.67095115681234
J22 Blink 3,1,"Preston, the Vanisher",{3}{W},1089,680,409,1089,680,409,0.6244260789715336,50.176319594540004,55.543155012159175,1.7889451392063893,C,23.294117647058822,22.100244498777506
J22 Blink 3,1,"Faith's Fetters",{3}{W},1074,674,400,1074,674,400,0.62756052141527,58.1107875327786,63.514900213864735,1.801370893695377,B,22.81305637982196,22.925
J22 Blink 3,1,"Distinguished Conjurer",{1}{W},1050,663,387,1050,663,387,0.6314285714285715,50.073401844777926,55.566048865509664,1.8308823402439123,C,22.512820512820515,22.27906976744186
J22 Blink 3,1,"Valorous Steed",{4}{W},978,618,360,978,618,360,0.6319018404907976,58.61081203402793,63.85031842103942,1.7465021290038287,B,22.660194174757283,22.886111111111113
J22 Blink 3,1,"Brightmare",{2}{W},1025,606,419,1025,606,419,0.5912195121951219,41.88934379005003,47.23110625551549,1.7805874884884874,C,22.935643564356436,22.178997613365155
J22 Blink 3,1,"Settle Beyond Reality",{4}{W},967,596,371,967,596,371,0.6163391933815926,55.880246043139735,61.23382418374826,1.7845260468695083,C,22.956375838926174,22.805929919137466
J22 Blink 3,1,"Valor in Akros",{3}{W},839,469,370,839,469,370,0.5589988081048868,29.91891672016265,35.33238500904076,1.804489429626038,D,22.658848614072493,21.264864864864865
J22 Blink 3,1,"Rambunctious Mutt",{3}{W}{W},769,434,335,769,434,335,0.5643693107932379,41.71106674717687,46.89961935034408,1.7295175343890707,C,23.737327188940093,22.823880597014924
J22 Blink 3,1,"Cavalry Drillmaster",{1}{W},522,361,161,522,361,161,0.6915708812260536,44.348871704885276,49.91543150366033,1.855519932925018,C,23.46814404432133,23.347826086956523
J22 Blink 4,1,"Inspiring Overseer",{2}{W},1069,679,390,1069,679,390,0.6351730589335828,39.88310890851995,45.09347044564721,1.7367871790424203,C,22.100147275405007,21.65897435897436
J22 Blink 4,1,"Pierce Strider",{4},1076,655,421,1076,655,421,0.6087360594795539,54.36164887565532,59.65092445732758,1.7630918605574188,C,21.96030534351145,21.541567695961994
J22 Blink 4,1,"Distinguished Conjurer",{1}{W},1086,651,435,1086,651,435,0.5994475138121547,34.94898953813432,40.254631062916815,1.768547174927498,D,22.605222734254994,21.639080459770113
J22 Blink 4,1,"Faith's Fetters",{3}{W},1049,631,418,1049,631,418,0.6015252621544328,50.01337967514186,55.3974937188124,1.794704681223513,C,23.038034865293184,22.60047846889952
J22 Blink 4,1,"Settle Beyond Reality",{4}{W},1024,612,412,1024,612,412,0.59765625,53.21379897598313,58.52730281517705,1.7711679463979728,C,23.46078431372549,22.031553398058254
J22 Blink 4,1,"Seller of Songbirds",{2}{W},1005,606,399,1005,606,399,0.6029850746268657,55.770193973807785,60.96492689239837,1.7315776395301936,C,23.051155115511552,22.0
J22 Blink 4,1,"Brightmare",{2}{W},1011,567,444,1011,567,444,0.5608308605341247,48.95501171738836,54.24891988172968,1.7646360547804394,C,23.56084656084656,22.03153153153153
J22 Blink 4,1,"Wispweaver Angel",{4}{W}{W},843,563,280,843,563,280,0.66785290628707,71.80072829842454,77.01191662484341,1.737062775472956,B,23.46891651865009,22.946428571428573
J22 Blink 4,1,"Panharmonicon",{4},844,409,435,844,409,435,0.48459715639810425,28.463147409034548,33.70790800985645,1.7482535336073024,D,24.21515892420538,21.328735632183907
J22 Blink 4,1,"Rambunctious Mutt",{3}{W}{W},745,397,348,745,397,348,0.5328859060402684,44.37585600486487,49.59960901991035,1.7412510050151595,C,24.58690176322418,23.014367816091955
J22 Blink 4,1,"Cavalry Drillmaster",{1}{W},354,245,109,354,245,109,0.692090395480226,58.25890002764106,63.871073728956624,1.870724567105187,B,23.506122448979593,23.495412844036696
J22 Boneyard 1,1,"Suspicious Shambler",{3}{B},1271,652,619,1271,652,619,0.5129819040125885,39.644486405344125,44.787407083836044,1.71430689283064,C,22.49846625766871,22.001615508885298
J22 Boneyard 1,1,"Moodmark Painter",{2}{B}{B},1125,611,514,1125,611,514,0.5431111111111111,52.67395999032926,57.74130190449191,1.689113971387552,C,21.69885433715221,21.317120622568094
J22 Boneyard 1,1,"Gorging Vulture",{2}{B},1072,588,484,1072,588,484,0.5485074626865671,46.0840644173712,51.25695738915545,1.7242976572614162,C,21.083333333333332,22.024793388429753
J22 Boneyard 1,1,"Stitcher's Supplier",{B},1074,570,504,1074,570,504,0.5307262569832403,30.35189574979999,35.69258798529265,1.780230745164219,D,21.524561403508773,21.15277777777778
J22 Boneyard 1,1,"Wailing Ghoul",{1}{B},1076,553,523,1076,553,523,0.5139405204460966,32.208710217585974,37.333173303096984,1.708154361837002,D,22.21157323688969,21.2848948374761
J22 Boneyard 1,1,"Spark Reaper",{2}{B},1115,550,565,1115,550,565,0.49327354260089684,37.53120844300805,42.64181306375892,1.7035348735836238,C,22.405454545454546,21.191150442477877
J22 Boneyard 1,1,"Necrotic Wound",{B},1031,533,498,1031,533,498,0.5169738118331717,41.85281426368683,46.99393107826464,1.7137056048592687,C,22.328330206378986,21.367469879518072
J22 Boneyard 1,1,"Pit Keeper",{1}{B},1056,515,541,1056,515,541,0.4876893939393939,35.258831518330936,40.4002244631901,1.7137976482863868,D,21.83883495145631,20.702402957486136
J22 Boneyard 1,1,"Oversold Cemetery",{1}{B},1031,467,564,1031,467,564,0.45295829291949563,28.142546804716915,33.33298345253083,1.7301455492713054,D,23.044967880085654,20.617021276595743
J22 Boneyard 1,1,"Revenant",{4}{B},771,457,314,771,457,314,0.5927367055771725,60.267323261366826,65.3384758485986,1.6903841957439252,B,23.809628008752735,23.898089171974522
J22 Boneyard 1,1,"Corpse Churn",{1}{B},862,453,409,862,453,409,0.525522041763341,28.01139071148654,33.17220277379315,1.7202706874355376,D,22.112582781456954,20.855745721271393
J22 Boneyard 1,1,"Ossuary Rats",{5}{B},631,337,294,631,337,294,0.5340729001584786,47.84839916306537,53.06091833754088,1.7375063914918358,C,24.997032640949556,24.44557823129252
J22 Boneyard 2,1,"Suspicious Shambler",{3}{B},1246,744,502,1246,744,502,0.5971107544141252,47.67032450724257,52.71048778668219,1.680054426479873,C,20.974462365591396,21.906374501992033
J22 Boneyard 2,1,"Shadowborn Demon",{3}{B}{B},1022,699,323,1022,699,323,0.6839530332681018,73.73799471829031,78.88797044217878,1.716658574629489,B,20.40629470672389,22.94736842105263
J22 Boneyard 2,1,"Graveblade Marauder",{2}{B},1119,672,447,1119,672,447,0.6005361930294906,45.11696957052014,50.17470160440398,1.685910677961279,C,19.769345238095237,21.08053691275168
J22 Boneyard 2,1,"Gorging Vulture",{2}{B},1070,667,403,1070,667,403,0.6233644859813084,48.863095692467944,53.92552791236615,1.687477406632736,C,19.748125937031485,21.612903225806452
J22 Boneyard 2,1,"Stitcher's Supplier",{B},1014,626,388,1014,626,388,0.6173570019723866,36.48954612368154,41.64798340763649,1.719479094651649,D,19.9073482428115,21.353092783505154
J22 Boneyard 2,1,"Moodmark Painter",{2}{B}{B},1031,623,408,1031,623,408,0.6042677012609118,43.41720760245241,48.442168873846754,1.674987090464783,C,20.62760834670947,21.79901960784314
J22 Boneyard 2,1,"Necrotic Wound",{B},1080,620,460,1080,620,460,0.5740740740740741,38.18320448016566,43.33887293639272,1.7185561520756865,C,20.879032258064516,21.706521739130434
J22 Boneyard 2,1,"Wailing Ghoul",{1}{B},1051,599,452,1051,599,452,0.5699333967649858,35.166455975694454,40.27222887001143,1.7019242981056588,D,20.2220367278798,21.172566371681416
J22 Boneyard 2,1,"Ghoul's Feast",{1}{B},832,586,246,832,586,246,0.7043269230769231,53.04453045034831,58.30181492673501,1.752428158795568,C,20.401023890784984,22.95528455284553
J22 Boneyard 2,1,"Corpse Churn",{1}{B},882,518,364,882,518,364,0.5873015873015873,20.873480667601278,25.953282603439686,1.6932673119461363,D,20.474903474903474,21.315934065934066
J22 Boneyard 2,1,"Liliana's Elite",{2}{B},906,514,392,906,514,392,0.5673289183222958,44.259085555710975,49.35305351408687,1.6979893194586297,C,20.875486381322958,22.096938775510203
J22 Boneyard 2,1,"Ossuary Rats",{5}{B},628,338,290,628,338,290,0.5382165605095541,47.949673068240266,53.12493649671476,1.725087809491498,C,22.7396449704142,24.21034482758621
J22 Cats 1,1,"Regal Caracal",{3}{W}{W},965,729,236,965,729,236,0.755440414507772,87.05001411790948,92.64094957542741,1.863645152505977,A,20.396433470507546,25.35169491525424
J22 Cats 1,1,"King of the Pride",{2}{W},1122,701,421,1122,701,421,0.624777183600713,55.296434602083565,60.51025718965012,1.737940862522185,C,20.03281027104137,21.72684085510689
J22 Cats 1,1,"Leonin Snarecaster",{1}{W},1163,652,511,1163,652,511,0.5606190885640585,34.79005209760351,40.03652662608346,1.748824842826649,D,20.079754601226995,21.696673189823876
J22 Cats 1,1,"Savannah Lions",{W},1099,648,451,1099,648,451,0.5896269335759782,40.23717868012159,45.4151836819666,1.726001667281671,C,20.015432098765434,22.246119733924612
J22 Cats 1,1,"Felidar Cub",{1}{W},1039,606,433,1039,606,433,0.5832531280076997,40.61216853124213,45.97579130895834,1.787874259238735,C,20.445544554455445,22.249422632794456
J22 Cats 1,1,"Ingenious Leonin",{4}{W},980,598,382,980,598,382,0.610204081632653,55.5723729787114,60.803565668948956,1.7437308967458522,C,21.483277591973245,22.94240837696335
J22 Cats 1,1,"Skyhunter Patrol",{2}{W}{W},1009,595,414,1009,595,414,0.5896927651139743,49.254589091835484,54.49596894367645,1.7471266172803237,C,20.789915966386555,22.13768115942029
J22 Cats 1,1,"Basri's Acolyte",{2}{W}{W},960,593,367,960,593,367,0.6177083333333333,46.45691035501512,51.83108656317365,1.7913920693861778,C,21.18549747048904,23.302452316076295
J22 Cats 1,1,"Leonin Scimitar",{1},1063,587,476,1063,587,476,0.5522107243650047,30.27573241636673,35.45293116770005,1.7257329171111075,D,20.76831345826235,21.41176470588235
J22 Cats 1,1,"Make a Stand",{2}{W},990,565,425,990,565,425,0.5707070707070707,35.291016447153034,40.54158609601449,1.7501898829538194,D,20.64070796460177,22.089411764705883
J22 Cats 1,1,"Weight of Conscience",{1}{W},1063,536,527,1063,536,527,0.504233301975541,22.00776111991469,27.231721704336948,1.7413201948074188,D,22.117537313432837,22.445920303605313
J22 Cats 1,1,"Impeccable Timing",{1}{W},781,360,421,781,360,421,0.46094750320102434,30.511671489158367,35.702899639670775,1.7304093835041359,D,22.59722222222222,22.767220902612827
J22 Cats 2,1,"King of the Pride",{2}{W},1114,600,514,1114,600,514,0.5385996409335727,53.94001402396248,58.90142318002699,1.6538030520215012,C,20.43,21.122568093385215
J22 Cats 2,1,"Leonin Snarecaster",{1}{W},1115,580,535,1115,580,535,0.5201793721973094,45.60264429065505,50.61383144145403,1.670395716932995,C,20.582758620689656,21.59252336448598
J22 Cats 2,1,"Savannah Lions",{W},1066,542,524,1066,542,524,0.5084427767354597,38.30648373632672,43.32495565830912,1.6728239739941353,C,20.505535055350553,21.64503816793893
J22 Cats 2,1,"Mesa Lynx",{1}{W},1032,523,509,1032,523,509,0.5067829457364341,44.69796833600146,49.656894567249836,1.652975410416126,C,21.30019120458891,21.69744597249509
J22 Cats 2,1,"Trove Warden",{2}{W}{W},1034,511,523,1034,511,523,0.4941972920696325,47.58340875122144,52.670779291971215,1.6957901802499236,C,21.958904109589042,21.831739961759084
J22 Cats 2,1,"Prowling Felidar",{3}{W},1006,505,501,1006,505,501,0.5019880715705766,45.65706386254038,50.5723927893506,1.6384429756034067,C,22.07128712871287,21.87425149700599
J22 Cats 2,1,"Steppe Lynx",{W},1040,498,542,1040,498,542,0.47884615384615387,33.71581589332344,38.75399157962177,1.6793918954327778,D,20.393574297188756,21.092250922509226
J22 Cats 2,1,"Weight of Conscience",{1}{W},1025,466,559,1025,466,559,0.45463414634146343,19.26015111764466,24.350298222228712,1.696715701528017,D,22.607296137339056,21.94991055456172
J22 Cats 2,1,"Make a Stand",{2}{W},957,466,491,957,466,491,0.48693834900731453,36.31321835675208,41.310173129139066,1.665651590795662,D,21.087982832618025,21.35437881873727
J22 Cats 2,1,"Ingenious Leonin",{4}{W},936,462,474,936,462,474,0.4935897435897436,51.89639436239226,56.811440127539996,1.63834858838258,C,22.61038961038961,21.932489451476794
J22 Cats 2,1,"Felidar Retreat",{3}{W},824,415,409,824,415,409,0.5036407766990292,50.48868331629024,55.27715712551513,1.5961579364082965,C,22.910843373493975,21.415647921760392
J22 Cats 2,1,"Impeccable Timing",{1}{W},719,271,448,719,271,448,0.3769123783031989,32.53278550127235,37.53997931003333,1.6690646029203273,D,23.472324723247233,22.564732142857142
J22 Cats 3,1,"King of the Pride",{2}{W},1156,664,492,1156,664,492,0.5743944636678201,51.346976273866,56.596402084054255,1.749808603396086,C,20.996987951807228,21.867886178861788
J22 Cats 3,1,"Leonin Snarecaster",{1}{W},1137,610,527,1137,610,527,0.5364995602462621,43.099966755625026,48.24555694568325,1.7151967300194075,C,20.618032786885244,22.16888045540797
J22 Cats 3,1,"Ajani's Pridemate",{1}{W},1056,570,486,1056,570,486,0.5397727272727273,37.60250654693493,42.82600370022324,1.74116571776277,C,21.42280701754386,22.343621399176953
J22 Cats 3,1,"Savannah Sage",{1}{W},1042,565,477,1042,565,477,0.5422264875239923,47.91543717616575,53.17288649590237,1.752483106578872,C,21.0070796460177,22.90775681341719
J22 Cats 3,1,"Trained Caracal",{W},1023,551,472,1023,551,472,0.5386119257086999,41.40799437143043,46.67684658977397,1.7562840727811797,C,21.21234119782214,22.4385593220339
J22 Cats 3,1,"Basri's Acolyte",{2}{W}{W},984,546,438,984,546,438,0.5548780487804879,54.307449666666464,59.622556060333345,1.7717021312222945,C,22.186813186813186,23.246575342465754
J22 Cats 3,1,"Leonin Scimitar",{1},1123,544,579,1123,544,579,0.4844167408726625,31.527933440339854,36.69067730912393,1.720914622928024,D,21.762867647058822,21.360967184801382
J22 Cats 3,1,"Make a Stand",{2}{W},939,511,428,939,511,428,0.54419595314164,30.192286447962022,35.31206320477944,1.706592252272473,D,21.864970645792564,22.88785046728972
J22 Cats 3,1,"Weight of Conscience",{1}{W},1051,510,541,1051,510,541,0.48525214081826834,29.23764770226846,34.517958492675106,1.7601035968022145,D,23.211764705882352,22.831792975970426
J22 Cats 3,1,"Ingenious Leonin",{4}{W},952,497,455,952,497,455,0.5220588235294118,49.75874051946396,54.95363620398723,1.7316318948410891,C,22.722334004024145,22.83956043956044
J22 Cats 3,1,"Ajani, Strength of the Pride",{2}{W}{W},858,461,397,858,461,397,0.5372960372960373,53.66138181832362,58.892193642636016,1.7436039414374653,C,22.954446854663775,23.692695214105793
J22 Cats 3,1,"Impeccable Timing",{1}{W},745,328,417,745,328,417,0.44026845637583895,38.78541072955383,43.9119055535718,1.7088316080059882,C,23.701219512195124,23.52757793764988
J22 Cats 4,1,"King of the Pride",{2}{W},1081,650,431,1081,650,431,0.6012950971322849,49.12562281700028,54.46856781486569,1.7809816659551394,C,18.896923076923077,21.700696055684453
J22 Cats 4,1,"Leonin Warleader",{2}{W}{W},963,597,366,963,597,366,0.6199376947040498,64.73062445707994,69.72570743959687,1.66502766083898,B,19.165829145728644,21.983606557377048
J22 Cats 4,1,"Leonin Scimitar",{1},1052,555,497,1052,555,497,0.5275665399239544,36.970237949214116,42.07006590470287,1.699942651829585,D,20.11891891891892,21.432595573440643
J22 Cats 4,1,"Savannah Lions",{W},999,552,447,999,552,447,0.5525525525525525,31.771371438879264,36.96383267984326,1.7308204136546643,D,18.83514492753623,22.03131991051454
J22 Cats 4,1,"Skyhunter Prowler",{2}{W},976,550,426,976,550,426,0.5635245901639344,46.19243314813798,51.40898845373601,1.7388517685326748,C,20.645454545454545,22.260563380281692
J22 Cats 4,1,"Leonin Snarecaster",{1}{W},1043,535,508,1043,535,508,0.5129434324065196,30.476620980608516,35.539709641270484,1.6876962202206567,D,19.510280373831776,21.5748031496063
J22 Cats 4,1,"Make a Stand",{2}{W},989,533,456,989,533,456,0.538928210313448,37.545711692906295,42.60524311019685,1.686510472430186,C,20.0187617260788,22.035087719298247
J22 Cats 4,1,"Pouncing Lynx",{1}{W},1006,529,477,1006,529,477,0.525844930417495,37.270064731004126,42.3708099764263,1.7002484151407256,D,19.650283553875237,21.52620545073375
J22 Cats 4,1,"Basri's Acolyte",{2}{W}{W},882,508,374,882,508,374,0.5759637188208617,54.24507485453345,59.40768055297698,1.7208685661478422,C,20.909448818897637,22.788770053475936
J22 Cats 4,1,"Weight of Conscience",{1}{W},1004,489,515,1004,489,515,0.48705179282868527,32.86384277458974,38.0700884304997,1.735415218636654,D,21.380368098159508,22.54368932038835
J22 Cats 4,1,"Ingenious Leonin",{4}{W},908,481,427,908,481,427,0.5297356828193832,49.93618742278301,55.06381949775314,1.7092106916567094,C,21.23076923076923,22.81030444964871
J22 Cats 4,1,"Impeccable Timing",{1}{W},738,341,397,738,341,397,0.462059620596206,35.20303729205037,40.21290600758881,1.6699562385128148,D,21.718475073313783,22.3727959697733
J22 Constellation 1,1,"Archon of Sun's Grace",{2}{W}{W},1113,873,240,1113,873,240,0.784366576819407,91.54575789093764,96.81237252975771,1.7555382129400234,A,19.116838487972508,22.029166666666665
J22 Constellation 1,1,"Chains of Custody",{2}{W},1117,754,363,1117,754,363,0.675022381378693,43.48673587604707,48.73988679869941,1.7510503075507786,C,19.66976127320955,21.454545454545453
J22 Constellation 1,1,"Spectral Steel",{1}{W},1079,731,348,1079,731,348,0.6774791473586654,37.52147207143525,42.827282112497,1.7686033470205842,C,18.9890560875513,21.224137931034484
J22 Constellation 1,1,"Transcendent Envoy",{1}{W},1100,712,388,1100,712,388,0.6472727272727272,30.05779948017298,35.29671700835821,1.7463058427284082,D,19.337078651685392,21.417525773195877
J22 Constellation 1,1,"Spirited Companion",{1}{W},1026,690,336,1026,690,336,0.672514619883041,31.697166755946824,36.93482190367254,1.7458850492419054,D,19.240579710144928,21.363095238095237
J22 Constellation 1,1,"Blessed Spirits",{2}{W},1054,686,368,1054,686,368,0.650853889943074,52.63831111287675,57.89896524066291,1.7535513759287191,C,19.307580174927114,20.918478260869566
J22 Constellation 1,1,"Forced Worship",{1}{W},1062,664,398,1062,664,398,0.6252354048964218,27.994860191703744,33.32400127206499,1.776380360120415,D,20.265060240963855,21.819095477386934
J22 Constellation 1,1,"Glory Bearers",{3}{W},1002,643,359,1002,643,359,0.6417165668662674,54.38959984204848,59.72975124382931,1.780050467260276,C,19.936236391912907,21.49025069637883
J22 Constellation 1,1,"Pious Wayfarer",{W},1008,632,376,1008,632,376,0.626984126984127,37.21748404447603,42.56054017436634,1.7810187099634365,D,19.6123417721519,21.26595744680851
J22 Constellation 1,1,"Favored of Iroas",{2}{W},893,540,353,893,540,353,0.6047032474804032,37.98818998884133,43.29812467136097,1.76997822750655,C,20.392592592592592,21.937677053824363
J22 Constellation 1,1,"Sage's Reverie",{3}{W},723,537,186,723,537,186,0.7427385892116183,36.71503347678562,42.10322876475156,1.7960650959886468,D,19.988826815642458,22.376344086021504
J22 Constellation 1,1,"Captivating Unicorn",{4}{W},882,533,349,882,533,349,0.6043083900226758,43.73228688974808,49.0558312947917,1.7745148016812062,C,20.923076923076923,21.361031518624642
J22 Constellation 2,1,"Spectral Steel",{1}{W},1090,739,351,1090,739,351,0.6779816513761467,41.94726954352123,47.10785454129188,1.7201949992568815,C,19.23274695534506,20.82051282051282
J22 Constellation 2,1,"Chains of Custody",{2}{W},1090,727,363,1090,727,363,0.6669724770642201,43.95298830544204,49.233968656738355,1.7603267837654382,C,19.988995873452545,21.151515151515152
J22 Constellation 2,1,"Spirited Companion",{1}{W},1052,670,382,1052,670,382,0.6368821292775665,33.16727501782689,38.474692683094304,1.7691392217558048,D,19.792537313432835,21.280104712041886
J22 Constellation 2,1,"Transcendent Envoy",{1}{W},1049,669,380,1049,669,380,0.6377502383222117,49.930814895074214,55.25390685883681,1.7743639879208644,C,19.674140508221225,20.792105263157893
J22 Constellation 2,1,"Dreadful Apathy",{2}{W},1086,667,419,1086,667,419,0.6141804788213628,41.671599576214724,46.92113078024945,1.7498437346782405,C,20.143928035982007,20.62291169451074
J22 Constellation 2,1,"Blessed Spirits",{2}{W},1049,660,389,1049,660,389,0.6291706387035272,55.98886222307225,61.275786846510016,1.7623082078125876,C,19.05757575757576,20.131105398457585
J22 Constellation 2,1,"Glory Bearers",{3}{W},1030,643,387,1030,643,387,0.6242718446601941,47.52318493741489,52.68032735253034,1.7190474717051507,C,19.990668740279936,21.09560723514212
J22 Constellation 2,1,"Alseid of Life's Bounty",{W},1024,632,392,1024,632,392,0.6171875,40.056585297214085,45.263439711201436,1.7356181379957842,C,19.699367088607595,21.543367346938776
J22 Constellation 2,1,"Sage's Reverie",{3}{W},724,550,174,724,550,174,0.7596685082872928,38.18186060747454,43.543061560214426,1.7870669842466291,C,19.783636363636365,21.367816091954023
J22 Constellation 2,1,"Auramancer",{2}{W},907,542,365,907,542,365,0.597574421168688,40.409046848444866,45.820710337234104,1.8038878295964125,C,20.826568265682656,21.115068493150684
J22 Constellation 2,1,"Sigil of the Empty Throne",{3}{W}{W},859,533,326,859,533,326,0.6204889406286379,58.18787397945203,63.17318176724889,1.6617692625989544,B,20.49718574108818,20.426380368098158
J22 Constellation 2,1,"Captivating Unicorn",{4}{W},873,525,348,873,525,348,0.6013745704467354,42.5918517505847,47.82502238200155,1.7443902104722822,C,20.607619047619046,21.350574712643677
J22 Cruel 1,1,"Creeping Bloodsucker",{1}{B},1064,633,431,1064,633,431,0.5949248120300752,53.292548839991326,58.24508803732139,1.6508463991100197,C,19.232227488151658,19.82134570765661
J22 Cruel 1,1,"Ob Nixilis's Cruelty",{2}{B},1113,585,528,1113,585,528,0.5256064690026954,48.25297628068487,53.32538672742745,1.6908034822475262,C,20.36068376068376,20.526515151515152
J22 Cruel 1,1,"Syr Konrad, the Grim",{3}{B}{B},939,572,367,939,572,367,0.6091586794462194,63.27605396070673,68.24253360321507,1.655493214169444,B,19.554195804195803,20.713896457765667
J22 Cruel 1,1,"Tormented Soul",{B},1009,559,450,1009,559,450,0.554013875123885,46.676658978966266,51.687432560925785,1.6702578606531737,C,19.135957066189626,19.204444444444444
J22 Cruel 1,1,"Alley Strangler",{2}{B},1053,552,501,1053,552,501,0.5242165242165242,46.73809501440463,51.67773630793158,1.6465470978423187,C,19.807971014492754,19.522954091816366
J22 Cruel 1,1,"Wicked Guardian",{3}{B},965,498,467,965,498,467,0.5160621761658031,27.383310382850652,32.43607397970315,1.6842545322841662,D,20.367469879518072,20.35117773019272
J22 Cruel 1,1,"Termination Facilitator",{1}{B},995,493,502,995,493,502,0.49547738693467336,33.2449077324921,38.29258442740002,1.6825588983026403,D,19.92494929006085,19.593625498007967
J22 Cruel 1,1,"Ob Nixilis, the Hate-Twisted",{3}{B}{B},790,477,313,790,477,313,0.6037974683544304,96.5123986256284,101.5975791265553,1.6950601669756309,S,19.67295597484277,21.875399361022364
J22 Cruel 1,1,"Feast on the Fallen",{2}{B},896,428,468,896,428,468,0.47767857142857145,30.3870523692083,35.35327326849071,1.65540696642747,D,20.011682242990656,19.583333333333332
J22 Cruel 1,1,"Infernal Idol",{3},842,404,438,842,404,438,0.47980997624703087,23.88346785271539,28.90602191706968,1.6741846881180968,D,20.274752475247524,19.680365296803654
J22 Cruel 1,1,"Ossuary Rats",{5}{B},503,252,251,503,252,251,0.5009940357852882,46.14550612527905,51.104710502320586,1.6530681256805133,C,23.234126984126984,22.852589641434264
J22 Cruel 2,1,"Plague Spitter",{2}{B},991,560,431,991,560,431,0.5650857719475277,66.16510113001793,71.17299504571588,1.6692979718993155,B,19.173214285714284,19.77030162412993
J22 Cruel 2,1,"Creeping Bloodsucker",{1}{B},962,500,462,962,500,462,0.5197505197505198,55.35487105195071,60.430742118291676,1.6919570221136553,C,20.316,20.071428571428573
J22 Cruel 2,1,"Alley Strangler",{2}{B},1036,469,567,1036,469,567,0.4527027027027027,37.78783328515307,42.849614047631036,1.6872602541593222,C,20.643923240938165,19.994708994708994
J22 Cruel 2,1,"Termination Facilitator",{1}{B},986,439,547,986,439,547,0.44523326572008115,41.498644282897,46.519010025412214,1.6734552475050721,C,20.184510250569478,19.458866544789764
J22 Cruel 2,1,"Mire Blight",{B},973,377,596,973,377,596,0.3874614594039055,30.85290838738458,36.008984733046745,1.718692115220722,D,20.93103448275862,19.177852348993287
J22 Cruel 2,1,"Feast on the Fallen",{2}{B},895,373,522,895,373,522,0.41675977653631285,33.77026185020146,38.851652698085225,1.6937969492945886,D,20.66756032171582,19.584291187739463
J22 Cruel 2,1,"Nested Ghoul",{3}{B}{B},822,368,454,822,368,454,0.44768856447688565,51.060180011874344,56.145577601807425,1.6951325299776934,C,21.02173913043478,20.662995594713657
J22 Cruel 2,1,"Infernal Idol",{3},887,353,534,887,353,534,0.3979706877113867,20.8015220714397,25.885870897845795,1.6947829421353648,D,21.048158640226628,19.589887640449437
J22 Cruel 2,1,"Consign to the Pit",{5}{B},709,344,365,709,344,365,0.48519040902679833,54.68011871608389,59.70279908246797,1.6742267887946933,C,21.398255813953487,21.145205479452056
J22 Cruel 2,1,"Lurking Deadeye",{3}{B},776,266,510,776,266,510,0.3427835051546392,36.846538165877256,42.08848585380352,1.7473158959754207,D,20.06766917293233,19.93921568627451
J22 Cruel 2,1,"Ossuary Rats",{5}{B},457,209,248,457,209,248,0.4573304157549234,49.913356395305925,55.145349931181364,1.7439978452918126,C,24.36842105263158,22.697580645161292
J22 Cruel 3,1,"Creeping Bloodsucker",{1}{B},1026,510,516,1026,510,516,0.49707602339181284,59.92898449556725,64.96072381147802,1.6772464386369221,B,20.48627450980392,19.963178294573645
J22 Cruel 3,1,"Conductor of Cacophony",{3}{B},918,436,482,918,436,482,0.4749455337690632,57.122616984682644,62.06827671993918,1.648553245085511,B,20.619266055045873,20.29045643153527
J22 Cruel 3,1,"Alley Strangler",{2}{B},999,418,581,999,418,581,0.4184184184184184,41.36966674535077,46.527380836938164,1.7192380305291304,C,21.126794258373206,19.76764199655766
J22 Cruel 3,1,"Hooded Assassin",{2}{B},915,409,506,915,409,506,0.44699453551912566,52.58228860145342,57.577712699417816,1.6651413659881318,C,21.5281173594132,20.205533596837945
J22 Cruel 3,1,"Dread Slaver",{3}{B}{B},860,387,473,860,387,473,0.45,58.45027300386539,63.4100253616235,1.6532507859193686,B,21.627906976744185,20.56659619450317
J22 Cruel 3,1,"Mire Blight",{B},1011,370,641,1011,370,641,0.3659742828882295,28.48604711278629,33.44870806500059,1.6542203174047652,D,21.397297297297296,19.43681747269891
J22 Cruel 3,1,"Festering Evil",{3}{B}{B},760,353,407,760,353,407,0.4644736842105263,58.50467947837498,63.40712355707147,1.6341480262321642,B,21.229461756373937,20.474201474201475
J22 Cruel 3,1,"Feast on the Fallen",{2}{B},847,338,509,847,338,509,0.3990554899645809,39.318761779747824,44.3398272020736,1.6736884741085911,C,21.355029585798817,19.715127701375245
J22 Cruel 3,1,"Infernal Idol",{3},857,293,564,857,293,564,0.3418903150525088,14.612913176393917,19.720822570279502,1.702636464628528,E,21.716723549488055,19.843971631205672
J22 Cruel 3,1,"Ossuary Rats",{5}{B},448,198,250,448,198,250,0.4419642857142857,49.07295841420181,54.19358260072808,1.7068747288420907,C,24.353535353535353,22.992
J22 Cruel 4,1,"Creeping Bloodsucker",{1}{B},1009,545,464,1009,545,464,0.5401387512388504,50.0193834692771,55.11321253264242,1.6979430211217723,C,19.93577981651376,20.69612068965517
J22 Cruel 4,1,"Tormented Soul",{B},1038,520,518,1038,520,518,0.5009633911368016,45.392104985626176,50.43689380295937,1.6815962724443971,C,19.978846153846153,19.61969111969112
J22 Cruel 4,1,"Dread Presence",{3}{B},950,509,441,950,509,441,0.5357894736842105,58.39226898578998,63.432168274073284,1.679966429427768,B,20.640471512770137,20.954648526077097
J22 Cruel 4,1,"Alley Strangler",{2}{B},1051,494,557,1051,494,557,0.47002854424357754,41.453100246273834,46.5573725678623,1.7014241071961562,C,20.469635627530366,20.420107719928186
J22 Cruel 4,1,"Mire Blight",{B},1040,450,590,1040,450,590,0.4326923076923077,24.410901879832693,29.663278213570557,1.7507921112459548,D,20.942222222222224,19.906779661016948
J22 Cruel 4,1,"Conductor of Cacophony",{3}{B},884,449,435,884,449,435,0.5079185520361991,58.36456295423454,63.43554597173885,1.6903276725014356,B,20.801781737193764,21.49425287356322
J22 Cruel 4,1,"Hooded Assassin",{2}{B},933,439,494,933,439,494,0.4705251875669882,47.338498397989724,52.40807870788488,1.6898601032983875,C,20.87015945330296,20.676113360323885
J22 Cruel 4,1,"Nested Ghoul",{3}{B}{B},899,423,476,899,423,476,0.47052280311457173,45.16238016186809,50.16185289272157,1.666490910284493,C,21.472813238770687,21.07563025210084
J22 Cruel 4,1,"Feast on the Fallen",{2}{B},902,407,495,902,407,495,0.45121951219512196,35.09594633524149,40.09842675384951,1.6674934728693374,D,21.27027027027027,20.363636363636363
J22 Cruel 4,1,"Infernal Idol",{3},896,370,526,896,370,526,0.41294642857142855,14.777311427931279,19.975363791501444,1.732684121190055,E,21.38918918918919,20.216730038022813
J22 Cruel 4,1,"Ossuary Rats",{5}{B},551,238,313,551,238,313,0.4319419237749546,44.25857995508186,49.277046054127695,1.6728220330152768,C,24.30672268907563,22.70926517571885
J22 Cycling 1,1,"Yidaro, Wandering Monster",{5}{R}{R},1015,491,524,1015,491,524,0.483743842364532,42.73672884111655,47.725221287066795,1.6628308153167477,C,21.03869653767821,20.234732824427482
J22 Cycling 1,1,"Lava Serpent",{5}{R},1071,490,581,1071,490,581,0.45751633986928103,42.42685379366793,47.57689770541424,1.716681303915435,C,20.791836734693877,20.33907056798623
J22 Cycling 1,1,"Quakefoot Cyclops",{4}{R},980,482,498,980,482,498,0.49183673469387756,50.228325964751626,55.36039842683292,1.7106908206937663,C,20.856846473029044,20.8855421686747
J22 Cycling 1,1,"Deem Worthy",{4}{R},1041,471,570,1041,471,570,0.45244956772334294,49.11659686134961,54.12546738626338,1.6696235083045883,C,21.70700636942675,20.978947368421053
J22 Cycling 1,1,"Drannith Stinger",{1}{R},1075,464,611,1075,464,611,0.4316279069767442,37.4375938504555,42.52156595796016,1.694657369168222,D,20.747844827586206,20.630114566284778
J22 Cycling 1,1,"Prickly Marmoset",{2}{R},1068,453,615,1068,453,615,0.4241573033707865,39.87608138119572,44.95431343864789,1.6927440191507241,C,21.286975717439294,20.679674796747967
J22 Cycling 1,1,"Forgotten Cave",no cost,1143,451,692,1143,451,692,0.39457567804024496,15.910065041818473,21.03173389223473,1.707222950138752,E,21.048780487804876,19.74277456647399
J22 Cycling 1,1,"Go for Blood",{1}{R},963,436,527,963,436,527,0.45275181723779856,42.796654579254366,47.84157300257461,1.6816394744400835,C,21.270642201834864,21.296015180265655
J22 Cycling 1,1,"Flameblade Adept",{R},1025,428,597,1025,428,597,0.4175609756097561,33.25206933937508,38.25064960117033,1.6661934205984161,D,20.822429906542055,20.386934673366834
J22 Cycling 1,1,"Plundering Predator",{4}{R},902,423,479,902,423,479,0.46895787139689576,47.749104369673056,52.86842593586568,1.7064405220642074,C,21.527186761229313,21.41544885177453
J22 Cycling 1,1,"Reptilian Reflection",{2}{R},1128,386,742,1128,386,742,0.3421985815602837,18.236934435167207,23.410731450998345,1.7245990052770466,E,21.906735751295336,19.57412398921833
J22 Cycling 1,1,"Shredded Sails",{1}{R},547,242,305,547,242,305,0.4424131627056673,44.47421093805205,49.613157927325275,1.7129823297577402,C,21.834710743801654,21.678688524590164
J22 Cycling 1,1,"Rooting Moloch",{4}{R},280,80,200,280,80,200,0.2857142857142857,25.587104021842965,30.937193101749102,1.7833630266353795,D,20.275,18.395
J22 Cycling 2,1,"Deem Worthy",{4}{R},1028,394,634,1028,394,634,0.3832684824902724,55.85719213861246,61.22332016435572,1.7887093419144204,C,23.31979695431472,22.853312302839118
J22 Cycling 2,1,"Plundering Predator",{4}{R},961,390,571,961,390,571,0.40582726326742974,48.744729558504986,53.866137074975974,1.7071358388236633,C,23.012820512820515,22.739054290718038
J22 Cycling 2,1,"Prickly Marmoset",{2}{R},1103,373,730,1103,373,730,0.3381686310063463,44.49100738646508,49.986823003943556,1.8319385391594933,C,23.260053619302948,22.09178082191781
J22 Cycling 2,1,"Drannith Stinger",{1}{R},1054,372,682,1054,372,682,0.35294117647058826,34.18525067981699,39.519228482162134,1.7779926007817146,D,22.64516129032258,21.727272727272727
J22 Cycling 2,1,"Raking Claws",{1}{R},780,362,418,780,362,418,0.4641025641025641,43.67241042542481,48.89953122488548,1.742373599820223,C,22.6878453038674,23.35645933014354
J22 Cycling 2,1,"Forgotten Cave",no cost,1131,360,771,1131,360,771,0.3183023872679045,14.207683743138043,19.65528730316667,1.8158678533428758,E,23.125,21.409857328145264
J22 Cycling 2,1,"Mad Ratter",{3}{R},1065,353,712,1065,353,712,0.3314553990610329,28.51011037908274,33.82815089079942,1.7726801705722264,D,22.813031161473088,21.910112359550563
J22 Cycling 2,1,"Bloodhaze Wolverine",{1}{R},1040,347,693,1040,347,693,0.33365384615384613,27.07593473968962,32.33722247919808,1.7537625798361542,D,22.94812680115274,22.354978354978353
J22 Cycling 2,1,"Irencrag Pyromancer",{2}{R},950,347,603,950,347,603,0.36526315789473685,39.80654965525751,45.138767800001204,1.7774060482478973,C,24.195965417867434,23.096185737976782
J22 Cycling 2,1,"Go for Blood",{1}{R},900,345,555,900,345,555,0.38333333333333336,39.03319488065413,44.345577296698295,1.7707941386813895,C,23.098550724637683,22.936936936936938
J22 Cycling 2,1,"Reptilian Reflection",{2}{R},1124,307,817,1124,307,817,0.27313167259786475,14.300383588140456,19.89062169802148,1.8634127032936751,E,23.791530944625407,21.13219094247246
J22 Cycling 2,1,"Starstorm",{X}{R}{R},837,286,551,837,286,551,0.34169653524492233,57.99453752686071,63.34100653395542,1.7821563356982362,B,24.74125874125874,23.680580762250454
J22 Cycling 2,1,"Rooting Moloch",{4}{R},377,112,265,377,112,265,0.29708222811671087,21.937409981637746,27.35464043112844,1.8057434831635653,D,22.0625,19.724528301886792
J22 Demons 1,1,"Diabolic Edict",{1}{B},1075,631,444,1075,631,444,0.5869767441860465,42.223500567708925,47.406428552263044,1.7276426615180405,C,20.98256735340729,21.32207207207207
J22 Demons 1,1,"Takenuma Bleeder",{2}{B},1044,601,443,1044,601,443,0.5756704980842912,43.63455205121182,48.91057325041963,1.7586737330692694,C,20.056572379367722,20.887133182844245
J22 Demons 1,1,"Fetid Imp",{1}{B},964,568,396,964,568,396,0.5892116182572614,50.982717321497745,56.07931086310042,1.6988645138675562,C,20.966549295774648,21.421717171717173
J22 Demons 1,1,"Demon's Grasp",{4}{B},966,563,403,966,563,403,0.582815734989648,48.375040090369765,53.53916123562949,1.7213737150865764,C,20.99467140319716,21.893300248138956
J22 Demons 1,1,"Conductor of Cacophony",{3}{B},933,556,377,933,556,377,0.5959271168274384,53.89762371377705,59.001766836235255,1.7013810408194023,C,20.507194244604317,21.384615384615383
J22 Demons 1,1,"Soulcage Fiend",{1}{B}{B},948,555,393,948,555,393,0.5854430379746836,45.44785780127124,50.63002233808204,1.7273881789369345,C,20.500900900900902,21.0941475826972
J22 Demons 1,1,"Disciple of Perdition",{1}{B},956,518,438,956,518,438,0.5418410041841004,31.755021532096126,36.95374750333285,1.7329086570789074,D,21.171814671814673,21.294520547945204
J22 Demons 1,1,"Renegade Demon",{3}{B}{B},869,509,360,869,509,360,0.5857307249712314,44.138511728689664,49.207006538932305,1.6894982700808807,C,21.23379174852652,22.11111111111111
J22 Demons 1,1,"Kothophed, Soul Hoarder",{4}{B}{B},741,490,251,741,490,251,0.6612685560053981,57.7975970671498,62.785440881506496,1.6626146047855652,B,20.897959183673468,22.0199203187251
J22 Demons 1,1,"Demon's Disciple",{2}{B},873,461,412,873,461,412,0.5280641466208477,41.00149162011512,46.13383412346613,1.710780834450337,C,21.18004338394794,21.609223300970875
J22 Demons 1,1,"Infernal Idol",{3},837,457,380,837,457,380,0.5459976105137395,19.43404947652354,24.54212507700468,1.7026918668270465,D,21.13129102844639,21.389473684210525
J22 Demons 1,1,"Inner Demon",{2}{B}{B},443,313,130,443,313,130,0.7065462753950339,83.0635541744538,88.11313036723635,1.68319206426085,A,20.603833865814696,22.484615384615385
J22 Demons 2,1,"Demon of Catastrophes",{2}{B}{B},969,619,350,969,619,350,0.6388028895768834,73.23016611308566,78.19553513542162,1.6551230074453198,B,18.289176090468498,20.405714285714286
J22 Demons 2,1,"Diabolic Edict",{1}{B},1075,604,471,1075,604,471,0.5618604651162791,40.140482349504865,45.346772892309296,1.7354301809348096,C,19.248344370860927,20.420382165605094
J22 Demons 2,1,"Takenuma Bleeder",{2}{B},1027,558,469,1027,558,469,0.5433300876338851,39.914784841363605,45.108147771183624,1.7311209766066722,C,18.765232974910393,19.86993603411514
J22 Demons 2,1,"Conductor of Cacophony",{3}{B},925,530,395,925,530,395,0.572972972972973,48.008425033621336,53.06074706593711,1.6841073441052576,C,19.166037735849056,20.97215189873418
J22 Demons 2,1,"Disciple of Perdition",{1}{B},970,513,457,970,513,457,0.5288659793814433,31.055542114895168,36.265590421706854,1.7366827689372288,D,19.14814814814815,20.422319474835888
J22 Demons 2,1,"Demon's Grasp",{4}{B},939,508,431,939,508,431,0.5410010649627263,47.607800081796896,52.87248163459069,1.754893850931265,C,19.62795275590551,20.577726218097446
J22 Demons 2,1,"Doomed Dissenter",{1}{B},887,498,389,887,498,389,0.5614430665163472,41.19058512019645,46.23420870723193,1.6812078623451578,C,18.843373493975903,20.840616966580978
J22 Demons 2,1,"Demonic Gifts",{1}{B},707,496,211,707,496,211,0.7015558698727016,45.54646587492035,50.75807059637831,1.7372015738193207,C,18.97983870967742,21.265402843601894
J22 Demons 2,1,"Seizan, Perverter of Truth",{3}{B}{B},816,465,351,816,465,351,0.5698529411764706,61.981674309539045,67.20336876378349,1.740564818081481,B,18.606451612903225,19.817663817663817
J22 Demons 2,1,"Dreadhound",{4}{B}{B},688,424,264,688,424,264,0.6162790697674418,67.03092440690968,72.11403591356935,1.694370502219891,B,19.537735849056602,21.428030303030305
J22 Demons 2,1,"Demon's Disciple",{2}{B},842,415,427,842,415,427,0.49287410926365793,37.16321772391333,42.28367165228981,1.7068179761254958,D,19.679518072289156,21.049180327868854
J22 Demons 2,1,"Infernal Idol",{3},810,374,436,810,374,436,0.4617283950617284,11.489245176142017,16.798634794805505,1.7697965395544961,E,19.63368983957219,20.155963302752294
J22 Detective 1,1,"Filigree Attendant",{2}{U}{U},944,488,456,944,488,456,0.5169491525423728,58.99124217579631,64.00009246367999,1.669616762627894,B,21.903688524590162,21.355263157894736
J22 Detective 1,1,"Hold for Questioning",{3}{U},1055,488,567,1055,488,567,0.46255924170616114,42.40702136679556,47.654919462643946,1.7492993652827942,C,21.96106557377049,21.026455026455025
J22 Detective 1,1,"Mechanized Production",{2}{U}{U},1039,487,552,1039,487,552,0.4687199230028874,46.48018781677377,51.470006881299874,1.6632730215087015,C,21.84599589322382,20.11231884057971
J22 Detective 1,1,"Shambling Suit",{3},1001,486,515,1001,486,515,0.4855144855144855,52.95479864226205,57.99178628012573,1.678995879287895,C,21.44238683127572,21.454368932038836
J22 Detective 1,1,"Floodhound",{U},1075,480,595,1075,480,595,0.44651162790697674,36.16336352671821,41.19886985887627,1.6785021107193547,D,21.6,20.87731092436975
J22 Detective 1,1,"Dutiful Replicator",{3},1040,478,562,1040,478,562,0.4596153846153846,39.70488740511631,44.85700677258875,1.7173731224908122,C,21.42887029288703,20.798932384341636
J22 Detective 1,1,"Press for Answers",{1}{U},1136,466,670,1136,466,670,0.4102112676056338,25.690186988306202,30.91312919015615,1.7409807339499819,D,21.916309012875537,20.13134328358209
J22 Detective 1,1,"Gearseeker Serpent",{5}{U}{U},911,456,455,911,456,455,0.5005488474204172,56.70188876294962,61.89573826765894,1.731283168236441,B,22.239035087719298,21.942857142857143
J22 Detective 1,1,"Drownyard Explorers",{3}{U},979,452,527,979,452,527,0.4616956077630235,42.46703703625821,47.598011675868385,1.7103248798700577,C,22.36283185840708,21.616698292220114
J22 Detective 1,1,"Vedalken Engineer",{1}{U},1066,432,634,1066,432,634,0.4052532833020638,24.819255199448808,30.100359837212153,1.7603682125877815,D,21.76851851851852,20.752365930599368
J22 Detective 1,1,"Magnifying Glass",{3},926,380,546,926,380,546,0.4103671706263499,20.258064881287176,25.373242032814858,1.7050590505092276,D,22.473684210526315,20.844322344322343
J22 Detective 1,1,"Jace's Scrutiny",{1}{U},687,191,496,687,191,496,0.2780203784570597,12.537804285433031,17.785312684479752,1.7491694663489068,E,23.895287958115183,21.4375
J22 Detective 2,1,"Aeronaut Tinkerer",{2}{U},1073,432,641,1073,432,641,0.4026095060577819,46.44728390101551,51.52138590514318,1.6913673347092228,C,20.689814814814813,20.327613104524183
J22 Detective 2,1,"Hold for Questioning",{3}{U},1095,424,671,1095,424,671,0.3872146118721461,41.73504130205298,46.8348169939478,1.6999252306316064,C,21.066037735849058,20.469448584202684
J22 Detective 2,1,"Floodhound",{U},1103,422,681,1103,422,681,0.3825929283771532,36.12556827060253,41.26423247250102,1.7128880672994968,D,20.78909952606635,20.32745961820852
J22 Detective 2,1,"Oneirophage",{3}{U},882,406,476,882,406,476,0.4603174603174603,65.92005131763734,70.79304078289408,1.6243298217522437,B,20.820197044334975,20.38235294117647
J22 Detective 2,1,"Press for Answers",{1}{U},1124,378,746,1124,378,746,0.33629893238434166,27.19674433861069,32.39772239813059,1.7336593531733004,D,21.227513227513228,19.855227882037532
J22 Detective 2,1,"Vedalken Engineer",{1}{U},1029,363,666,1029,363,666,0.35276967930029157,29.56150832323808,34.63715332166177,1.6918816661412306,D,20.895316804407713,20.35885885885886
J22 Detective 2,1,"Drownyard Explorers",{3}{U},1029,355,674,1029,355,674,0.34499514091350825,37.98547201750566,43.128266194335225,1.7142647256098569,C,21.64225352112676,20.84272997032641
J22 Detective 2,1,"Tolarian Kraken",{4}{U}{U},730,316,414,730,316,414,0.4328767123287671,67.89983693797774,72.75222114175787,1.6174614012600463,B,21.382911392405063,21.393719806763286
J22 Detective 2,1,"Magnifying Glass",{3},911,311,600,911,311,600,0.3413830954994512,22.69535233267041,27.855675776586587,1.7201078146387259,D,21.479099678456592,20.108333333333334
J22 Detective 2,1,"Teferi's Puzzle Box",{4},898,289,609,898,289,609,0.321826280623608,32.92463166663704,38.04695660787553,1.7074416470794973,D,21.647058823529413,20.246305418719214
J22 Detective 2,1,"Jace's Scrutiny",{1}{U},661,143,518,661,143,518,0.21633888048411498,12.809979251353232,18.11576927369508,1.7685966741139492,E,22.174825174825173,20.826254826254825
J22 Detective 2,1,"Psychosis Crawler",{5},1,1,0,1,1,0,1.0,50.13518333191878,75.13707273346725,8.33396313384949,C,19.0,NaN
J22 Detective 3,1,"Skilled Animator",{2}{U},911,600,311,911,600,311,0.6586169045005489,72.64200209651743,77.79537281745881,1.7177902403137961,B,20.246666666666666,20.540192926045016
J22 Detective 3,1,"Hold for Questioning",{3}{U},1108,556,552,1108,556,552,0.5018050541516246,42.88765041481326,48.17373318357049,1.7620275895857447,C,21.508992805755394,20.855072463768117
J22 Detective 3,1,"Dutiful Replicator",{3},1083,553,530,1083,553,530,0.5106186518928901,38.063772670078556,43.24156025104011,1.7259291936538526,C,20.965641952983724,20.71698113207547
J22 Detective 3,1,"Press for Answers",{1}{U},1139,537,602,1139,537,602,0.47146619841966636,24.91810123689814,30.13871329433747,1.7402040191464443,D,21.191806331471135,20.312292358803987
J22 Detective 3,1,"Vedalken Engineer",{1}{U},1094,512,582,1094,512,582,0.4680073126142596,32.24756390603722,37.485852871329826,1.7460963217642023,D,21.4765625,20.90893470790378
J22 Detective 3,1,"Floodhound",{U},1059,510,549,1059,510,549,0.48158640226628896,33.21619306433727,38.32603539871922,1.703280778127317,D,20.972549019607843,20.70856102003643
J22 Detective 3,1,"Shimmer Dragon",{4}{U}{U},813,493,320,813,493,320,0.6063960639606396,63.47143522941186,68.66717858168622,1.7319144507581186,B,21.636916835699797,21.946875
J22 Detective 3,1,"Lumengrid Sentinel",{2}{U},1020,472,548,1020,472,548,0.4627450980392157,38.83877986080166,43.97782634824942,1.7130154958159216,C,21.718220338983052,20.93978102189781
J22 Detective 3,1,"Magnifying Glass",{3},964,472,492,964,472,492,0.4896265560165975,19.195320112600555,24.49411702717031,1.7662656381899182,D,21.658898305084747,20.619918699186993
J22 Detective 3,1,"Weldfast Wingsmith",{3}{U},943,456,487,943,456,487,0.4835630965005302,45.41253175995232,50.49661317520974,1.6946938050858054,C,21.63377192982456,21.37782340862423
J22 Detective 3,1,"Drownyard Explorers",{3}{U},962,447,515,962,447,515,0.46465696465696466,26.754950407682866,32.00121592831483,1.748755173543987,D,22.06040268456376,21.314563106796115
J22 Detective 3,1,"Jace's Scrutiny",{1}{U},668,221,447,668,221,447,0.33083832335329344,19.855107841660203,24.99937716444223,1.7147564409273421,D,22.81900452488688,21.60850111856823
J22 Detective 4,1,"Tamiyo, the Moon Sage",{3}{U}{U},1053,446,607,1053,446,607,0.4235517568850902,54.66016207678602,59.82121474159144,1.7203508882684713,C,21.603139013452914,22.337726523887973
J22 Detective 4,1,"Hold for Questioning",{3}{U},1143,419,724,1143,419,724,0.3665791776027997,44.754069688237216,49.94306354350145,1.7296646184214126,C,22.121718377088307,22.085635359116022
J22 Detective 4,1,"Dutiful Replicator",{3},1141,418,723,1141,418,723,0.3663453111305872,36.1903710759413,41.31060017315214,1.706743032403614,D,22.093301435406698,22.114799446749654
J22 Detective 4,1,"Drownyard Explorers",{3}{U},1110,417,693,1110,417,693,0.37567567567567567,38.132870344860464,43.35104916318154,1.7393929394403596,C,22.65707434052758,22.3997113997114
J22 Detective 4,1,"Erdwal Illuminator",{1}{U},1134,417,717,1134,417,717,0.36772486772486773,39.81611698616553,45.055690540492975,1.746524518109148,C,21.82494004796163,22.04741980474198
J22 Detective 4,1,"Vedalken Engineer",{1}{U},1134,395,739,1134,395,739,0.34832451499118167,32.37126224824017,37.467701483513,1.6988130784242763,D,22.174683544303797,21.711772665764546
J22 Detective 4,1,"Floodhound",{U},1130,387,743,1130,387,743,0.3424778761061947,35.83195092319651,41.1825853777818,1.7835448181950964,D,21.93798449612403,21.52893674293405
J22 Detective 4,1,"Press for Answers",{1}{U},1147,348,799,1147,348,799,0.30340017436791633,26.319714290942013,31.72083505315603,1.800373587404672,D,22.152298850574713,20.872340425531913
J22 Detective 4,1,"Tamiyo's Journal",{5},970,324,646,970,324,646,0.334020618556701,12.646696880681718,17.996520230174344,1.7832744498308752,E,23.132716049382715,21.63003095975232
J22 Detective 4,1,"Magnifying Glass",{3},1015,315,700,1015,315,700,0.3103448275862069,12.706825966863008,18.025959207972857,1.7730444137032833,E,22.704761904761906,21.655714285714286
J22 Detective 4,1,"Jace's Scrutiny",{1}{U},782,150,632,782,150,632,0.1918158567774936,12.28423195644647,17.75631496072329,1.8240276680922733,E,24.626666666666665,21.893987341772153
J22 Detective 4,1,"Syr Elenora, the Discerning",{3}{U}{U},1,0,1,1,0,1,0.0,49.994034978504445,74.01616273252912,8.007375918008227,C,NaN,26.0
J22 Dragons 1,1,"Scorching Dragonfire",{1}{R},1093,626,467,1093,626,467,0.5727355901189387,40.31711996001841,45.45281088660175,1.7118969755277822,C,19.61182108626198,20.447537473233403
J22 Dragons 1,1,"Sarkhan, the Dragonspeaker",{3}{R}{R},983,606,377,983,606,377,0.6164801627670397,61.166758097739134,66.20139160797008,1.6782111700769824,B,18.879537953795378,20.755968169761275
J22 Dragons 1,1,"Sarkhan's Rage",{4}{R},885,554,331,885,554,331,0.6259887005649718,56.41065548045573,61.64994853214097,1.7464310172284114,B,19.53610108303249,21.00906344410876
J22 Dragons 1,1,"Sarkhan's Whelp",{2}{R},1000,549,451,1000,549,451,0.549,46.17200714261203,51.212209794879044,1.6800675507556717,C,19.0856102003643,19.75831485587583
J22 Dragons 1,1,"Kargan Dragonrider",{1}{R},956,543,413,956,543,413,0.5679916317991632,40.71648182997079,45.89261007934127,1.7253760831234932,C,18.61510128913444,20.34140435835351
J22 Dragons 1,1,"Dragon Egg",{2}{R},876,526,350,876,526,350,0.6004566210045662,70.87235803411555,75.785292884168,1.6376449500174854,B,18.85171102661597,20.26
J22 Dragons 1,1,"Furnace Whelp",{2}{R}{R},939,523,416,939,523,416,0.556975505857295,66.24410733149905,71.0171646047436,1.5910190910815167,B,19.0,20.401442307692307
J22 Dragons 1,1,"Dragon Fodder",{1}{R},911,500,411,911,500,411,0.5488474204171241,43.11660479776877,48.0849282185079,1.6561078069130422,C,19.508,20.80778588807786
J22 Dragons 1,1,"Plundering Predator",{4}{R},793,472,321,793,472,321,0.5952080706179067,55.48945111473698,60.523923406607196,1.6781574306234042,C,19.822033898305083,21.358255451713397
J22 Dragons 1,1,"Dragon Mage",{5}{R}{R},414,254,160,414,254,160,0.6135265700483091,60.113591256621866,65.43692514437936,1.774444629252497,B,21.606299212598426,22.46875
J22 Dragons 1,1,"Tormenting Voice",{1}{R},264,130,134,264,130,134,0.49242424242424243,5.795241836213885,11.232069961840676,1.812276041875597,E,20.346153846153847,20.440298507462686
J22 Dragons 2,1,"Scorching Dragonfire",{1}{R},1110,692,418,1110,692,418,0.6234234234234234,49.841151938933564,55.077699535605355,1.745515865557265,C,19.803468208092486,20.672248803827753
J22 Dragons 2,1,"Lathliss, Dragon Queen",{4}{R}{R},880,666,214,880,666,214,0.7568181818181818,92.78096554528439,97.89007074124584,1.7030350653204822,A,19.33033033033033,21.710280373831775
J22 Dragons 2,1,"Sarkhan's Rage",{4}{R},950,597,353,950,597,353,0.628421052631579,54.28481970868185,59.51342261187566,1.742867634397936,C,19.4606365159129,20.827195467422097
J22 Dragons 2,1,"Plundering Predator",{4}{R},936,567,369,936,567,369,0.6057692307692307,49.17241778768641,54.15645613268129,1.6613461149982942,C,19.64373897707231,20.84552845528455
J22 Dragons 2,1,"Furnace Whelp",{2}{R}{R},963,556,407,963,556,407,0.5773624091381101,62.63434112495816,67.37019467158342,1.5786178488750864,B,19.67086330935252,20.1007371007371
J22 Dragons 2,1,"Kargan Dragonrider",{1}{R},950,553,397,950,553,397,0.5821052631578948,35.26131397429576,40.55266802262878,1.7637846827776742,D,19.22242314647378,20.56675062972292
J22 Dragons 2,1,"Dragonlord's Servant",{1}{R},955,536,419,955,536,419,0.5612565445026177,31.912487974907695,37.08521443191035,1.724242152334219,D,19.64738805970149,20.94510739856802
J22 Dragons 2,1,"Sparktongue Dragon",{3}{R}{R},853,516,337,853,516,337,0.6049237983587339,53.38689856794566,58.39745516846594,1.6701855335067604,C,19.802325581395348,20.9080118694362
J22 Dragons 2,1,"Dragonspeaker Shaman",{1}{R}{R},865,488,377,865,488,377,0.5641618497109827,40.35666903060595,45.45828259241901,1.7005378539376863,C,19.452868852459016,21.23076923076923
J22 Dragons 2,1,"Dragon's Hoard",{3},803,429,374,803,429,374,0.5342465753424658,12.412245955128157,17.57222983566032,1.719994626844054,E,19.965034965034967,20.606951871657753
J22 Dragons 2,1,"Dragon Mage",{5}{R}{R},554,365,189,554,365,189,0.6588447653429603,60.38321071473526,65.55144082491611,1.722743370060284,B,21.01095890410959,22.38095238095238
J22 Dragons 2,1,"Tormenting Voice",{1}{R},348,187,161,348,187,161,0.5373563218390804,15.85312246799925,20.947105839015578,1.6979944570054422,E,20.818181818181817,20.39751552795031
J22 Eldrazi,1,"Ash Barrens",no cost,1318,607,711,1318,607,711,0.460546282245827,21.00769314024291,26.457720908348463,1.8166759227018512,D,22.095551894563428,20.70464135021097
J22 Eldrazi,1,"World Breaker",{6}{G},980,577,403,980,577,403,0.5887755102040816,76.61840818284773,81.77512319088954,1.7189050026806025,A,23.866551126516466,23.833746898263026
J22 Eldrazi,1,"Stalking Drone",{1}{G},1103,525,578,1103,525,578,0.4759746146872167,42.82747510618756,48.07155184932401,1.7480255810454834,C,22.407619047619047,21.705882352941178
J22 Eldrazi,1,"Warped Landscape",no cost,1303,516,787,1303,516,787,0.39600920951650037,7.795170581959125,13.092414668974053,1.765748029004976,E,23.094961240310077,20.451080050825922
J22 Eldrazi,1,"Warden of Geometries",{4},1117,514,603,1117,514,603,0.4601611459265891,39.15239935483858,44.495989253746956,1.7811966329694584,C,22.46303501945525,21.46268656716418
J22 Eldrazi,1,"Unnatural Aggression",{2}{G},1067,509,558,1067,509,558,0.47703842549203374,36.75801631891842,42.1258184136132,1.789267364898259,D,22.962671905697444,22.017921146953405
J22 Eldrazi,1,"Scion Summoner",{2}{G},1060,500,560,1060,500,560,0.4716981132075472,44.986565794124914,50.274122614736115,1.7625189402037347,C,22.748,22.023214285714285
J22 Eldrazi,1,"Endbringer",{5}{C},912,480,432,912,480,432,0.5263157894736842,67.00348544620044,72.2261658498112,1.740893467870249,B,23.722916666666666,22.61574074074074
J22 Eldrazi,1,"Planar Atlas",{2},1087,477,610,1087,477,610,0.43882244710211593,25.75881351230906,31.01976823317265,1.7536515736211962,D,22.79664570230608,21.25245901639344
J22 Eldrazi,1,"Blisterpod",{G},1008,458,550,1008,458,550,0.45436507936507936,29.7979662388262,35.108634848692944,1.7702228699555824,D,22.652838427947597,21.28
J22 Eldrazi,1,"Ancient Stirrings",{G},1017,455,562,1017,455,562,0.4473942969518191,16.27761836901908,21.51721183073186,1.7465311539042605,E,23.43296703296703,21.44661921708185
J22 Eldrazi,1,"Brood Monitor",{4}{G}{G},857,441,416,857,441,416,0.514585764294049,55.62403860516507,60.799328110891295,1.7250965019087416,C,23.650793650793652,23.76201923076923
J22 Eldrazi,1,"Ruin in Their Wake",{1}{G},1004,432,572,1004,432,572,0.4302788844621514,16.543704488060484,21.87060777170794,1.7756344278824858,E,23.66435185185185,21.3006993006993
J22 Elves 1,1,"Elvish Warmaster",{1}{G},1019,580,439,1019,580,439,0.5691854759568205,60.003824391115295,64.9462824496618,1.6474860195155003,B,19.529310344827586,21.302961275626423
J22 Elves 1,1,"Elderleaf Mentor",{3}{G},995,502,493,995,502,493,0.5045226130653266,54.89571752026651,60.04660624128534,1.7169629070062773,C,20.470119521912352,22.30628803245436
J22 Elves 1,1,"Reclamation Sage",{2}{G},1014,502,512,1014,502,512,0.49506903353057197,42.320005341844514,47.45815001803614,1.7127148920638766,C,20.330677290836654,21.728515625
J22 Elves 1,1,"Dwynen's Elite",{1}{G},1017,501,516,1017,501,516,0.49262536873156343,34.37013165261308,39.536807238457854,1.722225195281591,D,19.852295409181636,21.99031007751938
J22 Elves 1,1,"Band Together",{2}{G},1035,499,536,1035,499,536,0.4821256038647343,39.450632474322916,44.56518757315938,1.7048516996121537,C,20.619238476953907,21.779850746268657
J22 Elves 1,1,"Might of the Masses",{G},927,490,437,927,490,437,0.5285868392664509,37.801864838857284,42.95187200338245,1.7166690548417216,C,20.26530612244898,22.498855835240274
J22 Elves 1,1,"Elven Bow",{G},1016,489,527,1016,489,527,0.4812992125984252,48.04164367963007,53.20239191585171,1.7202494120738812,C,20.807770961145195,21.71157495256167
J22 Elves 1,1,"Reckless Amplimancer",{1}{G},994,477,517,994,477,517,0.4798792756539235,37.52636925217315,42.63718178304549,1.7036041769574475,C,19.937106918238992,21.595744680851062
J22 Elves 1,1,"Primeval Herald",{3}{G},921,447,474,921,447,474,0.48534201954397393,37.88200234366991,42.9815030147614,1.6998335570304963,C,20.344519015659955,22.0210970464135
J22 Elves 1,1,"Elvish Rejuvenator",{2}{G},880,427,453,880,427,453,0.48522727272727273,33.884572104441695,38.99170459253652,1.7023774960316094,D,20.71896955503513,22.5121412803532
J22 Elves 1,1,"Ivy Lane Denizen",{3}{G},864,425,439,864,425,439,0.49189814814814814,31.945998537732365,37.048213046221974,1.7007381694965371,D,20.83058823529412,22.394077448747154
J22 Elves 2,1,"Imperious Perfect",{2}{G},1015,570,445,1015,570,445,0.5615763546798029,60.671494234868774,65.85378878792059,1.7274315176839403,B,20.5,21.665168539325844
J22 Elves 2,1,"Band Together",{2}{G},1039,526,513,1039,526,513,0.5062560153994226,41.20756525837788,46.38495843470739,1.725797725443171,C,21.119771863117872,22.116959064327485
J22 Elves 2,1,"Elven Bow",{G},1027,515,512,1027,515,512,0.501460564751704,43.65744670366334,48.887773673068985,1.7434423231352147,C,20.932038834951456,21.48046875
J22 Elves 2,1,"Dwynen's Elite",{1}{G},951,508,443,951,508,443,0.5341745531019979,42.19008773130236,47.41215662259212,1.7406896304299186,C,20.411417322834644,21.62979683972912
J22 Elves 2,1,"Might of the Masses",{G},925,502,423,925,502,423,0.5427027027027027,36.30397590677047,41.473780407766284,1.7232681669986052,D,20.609561752988046,22.023640661938533
J22 Elves 2,1,"Elderleaf Mentor",{3}{G},944,492,452,944,492,452,0.5211864406779662,46.84855955028255,51.99953428431463,1.7169915780106926,C,21.288617886178862,22.18362831858407
J22 Elves 2,1,"Reckless Amplimancer",{1}{G},986,485,501,986,485,501,0.4918864097363083,34.827473855429375,40.04742819986755,1.7399847814793905,D,20.4680412371134,21.67864271457086
J22 Elves 2,1,"Ghirapur Guide",{2}{G},978,478,500,978,478,500,0.4887525562372188,47.098587596915316,52.263447924132365,1.721620109072349,C,21.161087866108787,21.876
J22 Elves 2,1,"Primeval Herald",{3}{G},922,472,450,922,472,450,0.5119305856832972,38.86465020750569,44.057295477800366,1.7308817567648933,C,21.04237288135593,22.075555555555557
J22 Elves 2,1,"Ivy Lane Denizen",{3}{G},826,412,414,826,412,414,0.49878934624697335,40.499610505070585,45.705147619845704,1.735179038258373,C,21.99757281553398,23.002415458937197
J22 Elves 2,1,"Elvish Rejuvenator",{2}{G},847,396,451,847,396,451,0.4675324675324675,29.911296266014126,35.117188038548505,1.73529725751146,D,21.78787878787879,22.34589800443459
J22 Elves 3,1,"Wolverine Riders",{4}{G}{G},894,660,234,894,660,234,0.738255033557047,96.59298998354787,101.8890320481587,1.7653473548702778,S,21.724242424242423,23.22222222222222
J22 Elves 3,1,"Woodland Champion",{1}{G},1053,579,474,1053,579,474,0.5498575498575499,39.265248341557665,44.37219491264706,1.7023155236964658,C,21.25215889464594,20.90084388185654
J22 Elves 3,1,"Band Together",{2}{G},1049,577,472,1049,577,472,0.550047664442326,45.41106303034415,50.575893843609855,1.7216102710885661,C,22.079722703639515,20.845338983050848
J22 Elves 3,1,"Elven Bow",{G},1068,576,492,1068,576,492,0.5393258426966292,43.16772255119232,48.372224392028805,1.7348339469454952,C,22.32465277777778,21.091463414634145
J22 Elves 3,1,"Dwynen's Elite",{1}{G},1048,564,484,1048,564,484,0.5381679389312977,48.23069196046835,53.446523583098596,1.7386105408767485,C,21.358156028368793,21.421487603305785
J22 Elves 3,1,"Elderleaf Mentor",{3}{G},982,548,434,982,548,434,0.5580448065173116,41.83473707200694,46.96060016366926,1.7086210305541079,C,22.041970802919707,21.642857142857142
J22 Elves 3,1,"Might of the Masses",{G},927,547,380,927,547,380,0.5900755124056095,35.65219452495219,40.73744709821448,1.6950841910874286,D,21.552102376599635,21.49473684210526
J22 Elves 3,1,"Instruments of War",{4},1046,521,525,1046,521,525,0.4980879541108987,39.9217203136589,45.03491321607133,1.7043976341374765,C,22.049904030710174,20.047619047619047
J22 Elves 3,1,"Ivy Lane Denizen",{3}{G},898,497,401,898,497,401,0.5534521158129176,49.17364437372753,54.3109104507954,1.7124220256892901,C,22.48893360160966,22.102244389027433
J22 Elves 3,1,"Lys Alana Huntmaster",{2}{G}{G},948,486,462,948,486,462,0.5126582278481012,45.86271908737542,51.04243384595623,1.7265715861936046,C,22.395061728395063,21.354978354978353
J22 Elves 3,1,"Elvish Rejuvenator",{2}{G},915,483,432,915,483,432,0.5278688524590164,30.462130832214072,35.74386540906782,1.7605781922845831,D,22.341614906832298,21.113425925925927
J22 Elves 4,1,"Dwynen's Elite",{1}{G},1103,579,524,1103,579,524,0.5249320036264733,43.83846928744627,49.024197202471754,1.7285759716751594,C,20.796200345423145,21.234732824427482
J22 Elves 4,1,"Band Together",{2}{G},1104,560,544,1104,560,544,0.5072463768115942,48.04846900602628,53.26176027454336,1.7377637561723618,C,21.4375,21.034926470588236
J22 Elves 4,1,"Elderleaf Mentor",{3}{G},1059,538,521,1059,538,521,0.5080264400377715,48.789110440002055,53.88536586334094,1.6987518077796278,C,21.096654275092938,21.520153550863725
J22 Elves 4,1,"Wildborn Preserver",{1}{G},981,535,446,981,535,446,0.545361875637105,51.33214037506014,56.401001089777786,1.6896202382392143,C,20.966355140186916,21.40134529147982
J22 Elves 4,1,"Elven Bow",{G},1059,533,526,1059,533,526,0.5033050047214354,51.78476204831253,56.96437171302618,1.7265365549045513,C,21.4484052532833,20.923954372623573
J22 Elves 4,1,"Woodland Champion",{1}{G},1033,509,524,1033,509,524,0.4927395934172314,47.34315969065735,52.550105381191806,1.735648563511484,C,21.406679764243616,21.162213740458014
J22 Elves 4,1,"Overcome",{3}{G}{G},778,489,289,778,489,289,0.62853470437018,49.35657451316358,54.409990181218404,1.684471889351609,C,20.298568507157466,21.003460207612456
J22 Elves 4,1,"Dutiful Replicator",{3},1000,486,514,1000,486,514,0.486,43.855581245659394,49.02935010691728,1.7245896204192952,C,21.20164609053498,21.231517509727627
J22 Elves 4,1,"Ivy Lane Denizen",{3}{G},932,460,472,932,460,472,0.49356223175965663,46.08345175383887,51.40109189982488,1.772546715328667,C,22.108695652173914,21.73728813559322
J22 Elves 4,1,"Elvish Rejuvenator",{2}{G},945,432,513,945,432,513,0.45714285714285713,25.681516925492396,30.862401612059536,1.7269615621890464,D,21.75462962962963,21.2729044834308
J22 Elves 4,1,"Presence of Gond",{2}{G},938,431,507,938,431,507,0.4594882729211087,39.105331741271,44.18116763726475,1.691945298664584,C,21.82134570765661,20.674556213017752
J22 Experimental 1,1,"Firebolt",{R},1268,656,612,1268,656,612,0.5173501577287066,51.303321132030995,56.656953462289124,1.7845441100860429,C,20.448170731707318,21.642156862745097
J22 Experimental 1,1,"Lightning Axe",{R},1255,614,641,1255,614,641,0.4892430278884462,47.1592949452143,52.62166101323079,1.8207886893388316,C,20.514657980456025,21.463338533541343
J22 Experimental 1,1,"Mizzix, Replica Rider",{4}{R},1048,609,439,1048,609,439,0.5811068702290076,70.92763496889427,76.12933256888303,1.7338991999962527,B,20.525451559934318,21.831435079726653
J22 Experimental 1,1,"Ignite the Future",{3}{R},1104,543,561,1104,543,561,0.49184782608695654,10.070902666401341,15.397657978854578,1.775585104151079,E,20.976058931860038,20.609625668449198
J22 Experimental 1,1,"Young Pyromancer",{1}{R},1072,543,529,1072,543,529,0.5065298507462687,46.03728128751167,51.309080772648485,1.757266495045605,C,20.351749539594845,21.46124763705104
J22 Experimental 1,1,"Grotag Night-Runner",{2}{R},1083,530,553,1083,530,553,0.48938134810710987,29.59618774252099,34.86759578966668,1.75713601571523,D,20.61320754716981,21.40867992766727
J22 Experimental 1,1,"Goblin Researcher",{3}{R},1063,527,536,1063,527,536,0.49576669802445905,42.930135773599375,48.21937561605634,1.7630799474856538,C,20.798861480075903,21.934701492537314
J22 Experimental 1,1,"Catalyst Elemental",{2}{R},1040,480,560,1040,480,560,0.46153846153846156,32.665847796339506,37.93827952180991,1.7574772418234672,D,21.185416666666665,21.59642857142857
J22 Experimental 1,1,"Spellgorger Weird",{2}{R},1017,466,551,1017,466,551,0.4582104228121927,39.168327789982754,44.45574778402583,1.7624733313476926,C,20.49785407725322,21.353901996370237
J22 Experimental 1,1,"Thermo-Alchemist",{1}{R},935,464,471,935,464,471,0.49625668449197863,39.996064903279596,45.097272152878624,1.7004024165330096,C,20.79310344827586,21.545647558386413
J22 Experimental 1,1,"Electric Revelation",{2}{R},345,170,175,345,170,175,0.4927536231884058,20.150736636144938,25.533516217418658,1.794259860424573,D,22.111764705882354,22.457142857142856
J22 Experimental 1,1,"Seize the Storm",{4}{R},2,1,1,2,1,1,0.5,50.0318289984339,74.48565362836956,8.15127487664522,C,24.0,21.0
J22 Experimental 2,1,"Firebolt",{R},1178,571,607,1178,571,607,0.4847198641765705,53.26607255174451,58.33014905575002,1.6880255013351704,C,21.334500875656744,21.345963756177923
J22 Experimental 2,1,"Electrify",{3}{R},1199,529,670,1199,529,670,0.44120100083402836,46.020285752335134,51.17525830586217,1.7183241845090118,C,21.68241965973535,21.36865671641791
J22 Experimental 2,1,"Mizzix, Replica Rider",{4}{R},979,527,452,979,527,452,0.5383043922369765,75.22178123616634,80.3831213950278,1.7204467196204882,A,21.444022770398483,21.754424778761063
J22 Experimental 2,1,"Thermo-Alchemist",{1}{R},1040,489,551,1040,489,551,0.4701923076923077,41.85508205779298,46.89553218089582,1.680150041034281,C,21.0,21.08529945553539
J22 Experimental 2,1,"Goblin Researcher",{3}{R},1084,484,600,1084,484,600,0.44649446494464945,43.4262203385513,48.39820816791966,1.657329276456121,C,21.34504132231405,21.221666666666668
J22 Experimental 2,1,"Grotag Night-Runner",{2}{R},1082,477,605,1082,477,605,0.4408502772643253,40.223863573034556,45.328368137173925,1.7015015213797886,C,21.50943396226415,21.29421487603306
J22 Experimental 2,1,"Sparkmage Apprentice",{1}{R},1037,464,573,1037,464,573,0.4474445515911283,43.983547258769114,49.087128233720954,1.7011936583172806,C,21.717672413793103,21.094240837696336
J22 Experimental 2,1,"Catalyst Elemental",{2}{R},1062,433,629,1062,433,629,0.4077212806026365,30.31544328589461,35.46547457517715,1.7166770964275129,D,21.745958429561203,21.02543720190779
J22 Experimental 2,1,"Electric Revelation",{2}{R},486,223,263,486,223,263,0.4588477366255144,16.524524039063245,21.61834083985086,1.6979389335958721,E,23.506726457399104,21.806083650190114
J22 Experimental 2,1,"Cyclops Electromancer",{4}{R},471,213,258,471,213,258,0.45222929936305734,54.672753206448334,59.825159194963675,1.7174686628384475,C,24.821596244131456,23.852713178294575
J22 Faeries 1,1,"Vendilion Clique",{1}{U}{U},1099,480,619,1099,480,619,0.4367606915377616,50.74227912206742,55.74079642086746,1.6661724329333472,C,21.0875,19.967689822294023
J22 Faeries 1,1,"Synchronized Eviction",{4}{U},1026,476,550,1026,476,550,0.46393762183235865,38.584830150304015,43.581508008786656,1.665559286160881,C,21.659663865546218,21.012727272727272
J22 Faeries 1,1,"Pestermite",{2}{U},1133,449,684,1133,449,684,0.39629302736098854,45.22886977323762,50.224062237826956,1.665064154863113,C,20.988864142538976,19.93859649122807
J22 Faeries 1,1,"Brineborn Cutthroat",{1}{U},1024,440,584,1024,440,584,0.4296875,42.05289238214522,47.057425679353095,1.66817776573596,C,21.186363636363637,20.607876712328768
J22 Faeries 1,1,"Instruments of War",{4},1125,432,693,1125,432,693,0.384,37.169143934327096,42.152252959339265,1.6610363416707243,D,21.46527777777778,19.51226551226551
J22 Faeries 1,1,"Wavebreak Hippocamp",{2}{U},970,407,563,970,407,563,0.4195876288659794,39.80627664855805,44.89068819241519,1.6948038479523815,C,21.457002457002456,20.8348134991119
J22 Faeries 1,1,"Soul Read",{3}{U},966,359,607,966,359,607,0.37163561076604557,17.153396398340398,22.24805125799054,1.698218286550048,E,22.551532033426184,20.393739703459637
J22 Faeries 1,1,"Sentinels of Glen Elendra",{3}{U},714,324,390,714,324,390,0.453781512605042,49.41839834624061,54.36758672736565,1.649729460375013,C,22.64814814814815,21.71025641025641
J22 Faeries 1,1,"Fleeting Distraction",{U},954,318,636,954,318,636,0.3333333333333333,17.618514507439407,22.81430444571019,1.7319299794235943,E,21.572327044025158,19.78616352201258
J22 Faeries 1,1,"Undersea Invader",{4}{U}{U},539,226,313,539,226,313,0.41929499072356213,44.89226832702359,49.8406822374301,1.6494713034688384,C,24.420353982300885,22.840255591054312
J22 Faeries 1,1,"Spellstutter Sprite",{1}{U},809,199,610,809,199,610,0.24598269468479605,18.241044904852863,23.444622745712778,1.734525946953305,E,23.115577889447238,20.457377049180327
J22 Faeries 2,1,"Pestermite",{2}{U},1188,464,724,1188,464,724,0.39057239057239057,50.26198549359051,55.369601842709535,1.7025387830396748,C,20.523706896551722,19.773480662983424
J22 Faeries 2,1,"Faerie Seer",{U},1137,435,702,1137,435,702,0.38258575197889183,40.876893059590984,46.018996275007126,1.7140344051387137,C,20.54712643678161,20.042735042735043
J22 Faeries 2,1,"Synchronized Eviction",{4}{U},1004,403,601,1004,403,601,0.40139442231075695,35.674651171764104,40.83574010224606,1.72036297682732,D,21.640198511166254,21.07820299500832
J22 Faeries 2,1,"Stinging Lionfish",{1}{U},1046,388,658,1046,388,658,0.37093690248565964,33.65733721927903,38.68452658621595,1.675729788978975,D,20.548969072164947,20.501519756838906
J22 Faeries 2,1,"Instruments of War",{4},1186,384,802,1186,384,802,0.32377740303541314,34.10447627050383,39.26572409911051,1.720415942868893,D,20.893229166666668,19.420199501246884
J22 Faeries 2,1,"So Tiny",{U},1072,368,704,1072,368,704,0.34328358208955223,34.13447210057694,39.309948815969975,1.725158905131011,D,21.644021739130434,20.603693181818183
J22 Faeries 2,1,"Soul Read",{3}{U},983,337,646,983,337,646,0.34282807731434384,7.79225901977652,13.056664731280168,1.7548019038345495,E,22.255192878338278,20.24458204334365
J22 Faeries 2,1,"Sentinels of Glen Elendra",{3}{U},798,296,502,798,296,502,0.37092731829573933,46.43793157165088,51.440524812735596,1.6675310803615726,C,21.868243243243242,21.715139442231077
J22 Faeries 2,1,"Undersea Invader",{4}{U}{U},623,237,386,623,237,386,0.38041733547351525,49.580222088093656,54.686615442126765,1.7021311180110366,C,23.168776371308017,22.40414507772021
J22 Faeries 2,1,"Spellstutter Sprite",{1}{U},833,186,647,833,186,647,0.22328931572629052,25.845468472334122,31.052631243498595,1.7357209237214908,D,23.27956989247312,20.202472952086552
J22 Faeries 2,1,"Stolen by the Fae",{X}{U}{U},255,72,183,255,72,183,0.2823529411764706,39.78061227042927,44.937965118670334,1.7191176160803545,C,24.0,22.7103825136612
J22 Fangs 1,1,"Moment of Craving",{1}{B},1040,730,310,1040,730,310,0.7019230769230769,43.04594557802516,48.47161261211518,1.8085556780300058,C,20.265753424657536,20.306451612903224
J22 Fangs 1,1,"Creeping Bloodsucker",{1}{B},943,713,230,943,713,230,0.7560975609756098,50.69539227076211,56.13312000637462,1.8125759118708342,C,19.539971949509116,20.095652173913045
J22 Fangs 1,1,"Vampire Envoy",{2}{B},983,710,273,983,710,273,0.7222787385554426,50.14624722521697,55.416614673386164,1.756789149389732,C,20.17887323943662,20.65934065934066
J22 Fangs 1,1,"Falkenrath Noble",{3}{B},987,689,298,987,689,298,0.6980749746707193,51.01938790877547,56.38055457373743,1.787055554987318,C,19.799709724238028,20.046979865771814
J22 Fangs 1,1,"Bloodthirsty Aerialist",{1}{B}{B},958,669,289,958,669,289,0.6983298538622129,52.740448150780225,57.988156043815316,1.7492359643450306,C,19.46188340807175,19.865051903114185
J22 Fangs 1,1,"Marauding Blight-Priest",{2}{B},949,657,292,949,657,292,0.6923076923076923,44.26687021082231,49.63371802011441,1.7889492697640315,C,19.732115677321158,19.82191780821918
J22 Fangs 1,1,"Oathsworn Vampire",{1}{B},970,651,319,970,651,319,0.6711340206185566,42.30081517012487,47.69187340565328,1.7970194118428047,C,19.921658986175114,19.65830721003135
J22 Fangs 1,1,"Rodolf Duskbringer",{5}{B},766,598,168,766,598,168,0.7806788511749347,82.20445953676227,87.65538842393715,1.8169762957249587,A,21.066889632107024,21.708333333333332
J22 Fangs 1,1,"Epicure of Blood",{4}{B},864,580,284,864,580,284,0.6712962962962963,53.025224901523096,58.244260427095654,1.739678508524185,C,20.689655172413794,20.404929577464788
J22 Fangs 1,1,"Feast of Blood",{1}{B},607,547,60,607,547,60,0.9011532125205931,86.07111998280433,92.23745094794984,2.055443655048504,A,20.160877513711153,22.816666666666666
J22 Fangs 1,1,"Ill-Gotten Inheritance",{3}{B},800,535,265,800,535,265,0.66875,48.220343032439494,53.31785880896078,1.6991719255070952,C,20.067289719626167,19.264150943396228
J22 Fangs 1,1,"Blood Price",{3}{B},713,474,239,713,474,239,0.664796633941094,19.65312822881416,24.98263517414307,1.7765023151096357,D,20.991561181434598,19.12133891213389
J22 Fangs 2,1,"Moment of Craving",{1}{B},1074,709,365,1074,709,365,0.660148975791434,44.78411645456266,50.01953714664682,1.7451402306947201,C,20.586741889985895,20.46301369863014
J22 Fangs 2,1,"Creeping Bloodsucker",{1}{B},980,660,320,980,660,320,0.673469387755102,49.843370538107145,54.870282966251985,1.67563747604828,C,19.50151515151515,20.571875
J22 Fangs 2,1,"Oathsworn Vampire",{1}{B},1009,651,358,1009,651,358,0.645193260654113,39.86747703151778,45.03384560125427,1.7221228565788294,C,20.28878648233487,20.29608938547486
J22 Fangs 2,1,"Falkenrath Noble",{3}{B},908,639,269,908,639,269,0.7037444933920705,51.35114376873539,56.50191359591882,1.7169232757278101,C,19.73865414710485,20.256505576208177
J22 Fangs 2,1,"Bloodthirsty Aerialist",{1}{B}{B},933,637,296,933,637,296,0.6827438370846731,61.10383843710083,66.35342678241199,1.7498627817703856,B,20.032967032967033,20.28716216216216
J22 Fangs 2,1,"Bloodtracker",{3}{B},984,629,355,984,629,355,0.6392276422764228,41.74508055499322,46.85236123158288,1.7024268921965533,C,20.467408585055644,20.154929577464788
J22 Fangs 2,1,"Vampire Envoy",{2}{B},940,622,318,940,622,318,0.6617021276595745,54.10578691519993,59.26379169284376,1.7193349258812782,C,20.694533762057876,20.742138364779873
J22 Fangs 2,1,"Marauding Blight-Priest",{2}{B},941,618,323,941,618,323,0.6567481402763018,49.6094357335385,54.76453276570325,1.7183656773882516,C,19.898058252427184,20.065015479876163
J22 Fangs 2,1,"Ill-Gotten Inheritance",{3}{B},856,553,303,856,553,303,0.6460280373831776,42.79110463719413,47.88206699071951,1.6969874511751253,C,20.370705244122966,19.927392739273927
J22 Fangs 2,1,"Rodolf Duskbringer",{5}{B},684,529,155,684,529,155,0.7733918128654971,83.5446449231158,88.84654940218473,1.7673014930229798,A,21.483931947069944,22.625806451612902
J22 Fangs 2,1,"Vampiric Rites",{B},935,527,408,935,527,408,0.5636363636363636,9.782164229703234,15.011940564485833,1.7432587782608666,E,20.916508538899432,19.29901960784314
J22 Fangs 2,1,"Certain Death",{5}{B},697,504,193,697,504,193,0.7230989956958394,68.80136359257205,74.16500805932068,1.7878814889162151,B,21.0734126984127,21.564766839378237
J22 Fangs 3,1,"Creeping Bloodsucker",{1}{B},1035,724,311,1035,724,311,0.6995169082125604,48.78512944512437,53.966221908269844,1.727030821048491,C,19.814917127071823,20.967845659163988
J22 Fangs 3,1,"Moment of Craving",{1}{B},1112,717,395,1112,717,395,0.6447841726618705,41.93331383557226,47.23152367747163,1.7660699472997898,C,20.382147838214784,21.0126582278481
J22 Fangs 3,1,"Tivash, Gloom Summoner",{4}{B},937,684,253,937,684,253,0.7299893276414088,63.49023994130271,68.60259348994623,1.7041178495478395,B,20.40204678362573,22.063241106719367
J22 Fangs 3,1,"Oathsworn Vampire",{1}{B},1053,671,382,1053,671,382,0.6372269705603039,39.39450545599374,44.54404228886271,1.7165122776229906,C,20.587183308494783,20.32198952879581
J22 Fangs 3,1,"Marauding Blight-Priest",{2}{B},1005,645,360,1005,645,360,0.6417910447761194,46.85676877826626,51.96479123726923,1.7026741530009903,C,20.351937984496125,20.78611111111111
J22 Fangs 3,1,"Vampire Envoy",{2}{B},996,641,355,996,641,355,0.643574297188755,38.73808262086331,43.87362876910926,1.7118487160819835,C,20.770670826833072,21.625352112676055
J22 Fangs 3,1,"Blood Artist",{1}{B},946,623,323,946,623,323,0.6585623678646935,44.66369303952616,49.79716522418386,1.7111573948858998,C,20.35634028892456,20.625386996904023
J22 Fangs 3,1,"Bloodbond Vampire",{2}{B}{B},931,607,324,931,607,324,0.6519871106337272,51.65883194242595,56.89068072423404,1.7439495939360299,C,20.764415156507415,20.84567901234568
J22 Fangs 3,1,"Nirkana Assassin",{2}{B},971,598,373,971,598,373,0.615859938208033,35.71735623220767,40.77865299061383,1.687098919468719,D,20.62541806020067,20.80965147453083
J22 Fangs 3,1,"Certain Death",{5}{B},759,556,203,759,556,203,0.7325428194993412,68.36789467354406,73.6309996209024,1.7543683157861165,B,20.91187050359712,22.261083743842363
J22 Fangs 3,1,"Ill-Gotten Inheritance",{3}{B},809,514,295,809,514,295,0.6353522867737948,44.26133325370967,49.31352491200179,1.684063886097372,C,20.85408560311284,20.545762711864406
J22 Fangs 3,1,"Ancient Craving",{3}{B},725,473,252,725,473,252,0.6524137931034483,0.0,5.178188225473134,1.726062741824378,E,20.94291754756871,20.853174603174605
J22 Fangs 4,1,"Vito, Thorn of the Dusk Rose",{2}{B},1152,775,377,1152,775,377,0.6727430555555556,45.24334953954749,50.36089235152304,1.7058476039918515,C,19.76,19.76392572944297
J22 Fangs 4,1,"Creeping Bloodsucker",{1}{B},1016,704,312,1016,704,312,0.6929133858267716,51.041327912213475,56.29630968730678,1.751660591697768,C,19.05965909090909,20.307692307692307
J22 Fangs 4,1,"Moment of Craving",{1}{B},1047,679,368,1047,679,368,0.6485195797516714,50.03007440341864,55.274517960811465,1.7481478524642757,C,20.592047128129604,20.758152173913043
J22 Fangs 4,1,"Marauding Blight-Priest",{2}{B},998,648,350,998,648,350,0.6492985971943888,44.57480562587058,49.895758387054826,1.773650920394749,C,19.807098765432098,20.46
J22 Fangs 4,1,"Vampire Envoy",{2}{B},981,646,335,981,646,335,0.6585117227319062,43.41877664078529,48.58146262611956,1.7208953284447568,C,20.595975232198143,20.88955223880597
J22 Fangs 4,1,"Oathsworn Vampire",{1}{B},993,643,350,993,643,350,0.6475327291037261,38.65405464207918,43.82946688913998,1.7251374156869332,C,20.132192846034215,20.34857142857143
J22 Fangs 4,1,"Blood Artist",{1}{B},926,611,315,926,611,315,0.6598272138228942,44.39603679307369,49.50609124514939,1.7033514840252337,C,20.168576104746318,20.215873015873015
J22 Fangs 4,1,"Kalastria Nightwatch",{4}{B},872,589,283,872,589,283,0.6754587155963303,57.17445028101574,62.287693297328715,1.7044143387709922,B,20.422750424448218,20.674911660777386
J22 Fangs 4,1,"Bloodbond Vampire",{2}{B}{B},925,587,338,925,587,338,0.6345945945945946,45.13881076988873,50.27206912215257,1.7110861174212808,C,20.61839863713799,20.86390532544379
J22 Fangs 4,1,"Feast of Blood",{1}{B},687,564,123,687,564,123,0.8209606986899564,74.49877366689492,80.13594038485823,1.8790555726544351,B,20.3031914893617,23.67479674796748
J22 Fangs 4,1,"Ill-Gotten Inheritance",{3}{B},852,544,308,852,544,308,0.6384976525821596,52.45786757311195,57.5194313669184,1.6871879312688172,C,20.200367647058822,19.996753246753247
J22 Fangs 4,1,"Blood Price",{3}{B},776,462,314,776,462,314,0.595360824742268,7.7368586618710555,12.99269165522534,1.7519443311180947,E,21.337662337662337,19.751592356687897
J22 Ferocious 1,1,"Challenger Troll",{4}{G},1037,687,350,1037,687,350,0.6624879459980714,70.23973097374764,75.06890104258343,1.6097233562785986,B,18.646288209606986,19.897142857142857
J22 Ferocious 1,1,"Rhonas the Indomitable",{2}{G},1090,667,423,1090,667,423,0.6119266055045871,67.18591701769108,72.02456767591079,1.6128835527399026,B,18.16191904047976,18.300236406619387
J22 Ferocious 1,1,"Rampaging Growth",{3}{G},1092,570,522,1092,570,522,0.521978021978022,29.086762756812167,34.10266922033214,1.671968821173324,D,19.029824561403508,18.810344827586206
J22 Ferocious 1,1,"Savage Punch",{1}{G},945,548,397,945,548,397,0.5798941798941799,34.59212020279975,39.5838166184811,1.6638988052271175,D,19.49270072992701,20.513853904282115
J22 Ferocious 1,1,"Giant Ladybug",{2}{G},985,546,439,985,546,439,0.5543147208121827,47.40044477380222,52.393851908056895,1.664469044751558,C,19.498168498168496,20.876993166287015
J22 Ferocious 1,1,"Spectral Hunt-Caller",{4}{G},903,540,363,903,540,363,0.5980066445182725,58.237781133454185,62.95276506192932,1.5716613094917122,B,18.962962962962962,20.490358126721762
J22 Ferocious 1,1,"Drowsing Tyrannodon",{1}{G},890,513,377,890,513,377,0.5764044943820225,39.94114514801248,45.04093885290736,1.69993123496496,C,18.801169590643276,20.46153846153846
J22 Ferocious 1,1,"Gaea's Protector",{3}{G},914,504,410,914,504,410,0.5514223194748359,41.16375551534864,46.17727889696438,1.6711744605385817,C,19.442460317460316,20.25609756097561
J22 Ferocious 1,1,"Ilysian Caryatid",{1}{G},922,494,428,922,494,428,0.5357917570498916,29.692461841060467,34.78544540212109,1.6976611870202076,D,19.2834008097166,19.878504672897197
J22 Ferocious 1,1,"Ornery Dilophosaur",{3}{G},827,439,388,827,439,388,0.5308343409915357,46.347198806914534,51.29100926238156,1.6479368184890077,C,20.047835990888384,20.899484536082475
J22 Ferocious 1,1,"Colossal Majesty",{2}{G},747,348,399,747,348,399,0.46586345381526106,6.248328801640387,11.387795775444168,1.713155657934594,E,20.232758620689655,19.706766917293233
J22 Ferocious 2,1,"Challenger Troll",{4}{G},1047,683,364,1047,683,364,0.6523400191021967,64.748596758781,69.72503646700606,1.658813236075018,B,18.417276720351392,20.343406593406595
J22 Ferocious 2,1,"Goreclaw, Terror of Qal Sisma",{3}{G},1023,632,391,1023,632,391,0.6177908113391984,53.25843797592056,58.400507731017846,1.7140232516990965,C,17.998417721518987,19.9616368286445
J22 Ferocious 2,1,"Giant Ladybug",{2}{G},1065,585,480,1065,585,480,0.5492957746478874,42.752157343009735,47.950916364315034,1.7329196737684336,C,19.0991452991453,20.333333333333332
J22 Ferocious 2,1,"Savage Punch",{1}{G},958,548,410,958,548,410,0.5720250521920668,33.99737903124515,39.027032167123224,1.67655104529269,D,19.224452554744527,20.71219512195122
J22 Ferocious 2,1,"Spectral Hunt-Caller",{4}{G},919,540,379,919,540,379,0.5875952121871599,68.43001545686025,73.3846741982251,1.6515529137882847,B,19.453703703703702,20.519788918205805
J22 Ferocious 2,1,"Nessian Hornbeetle",{1}{G},961,538,423,961,538,423,0.5598335067637877,50.51035746458221,55.63877196750271,1.709471500973501,C,18.719330855018587,20.28368794326241
J22 Ferocious 2,1,"Rosethorn Halberd",{G},1034,532,502,1034,532,502,0.5145067698259188,36.748778063056086,41.78839271423239,1.679871550392101,D,18.648496240601503,19.37649402390438
J22 Ferocious 2,1,"Ilysian Caryatid",{1}{G},995,526,469,995,526,469,0.528643216080402,27.056190246473257,32.12066283601523,1.6881575298473235,D,19.017110266159698,20.319829424307038
J22 Ferocious 2,1,"Drowsing Tyrannodon",{1}{G},909,523,386,909,523,386,0.5753575357535754,43.31249345501439,48.34009863693904,1.6758683939748826,C,19.33078393881453,20.792746113989637
J22 Ferocious 2,1,"Gaea's Protector",{3}{G},919,511,408,919,511,408,0.5560391730141458,49.00214371926486,54.07104417458381,1.6896334851063175,C,19.83953033268102,20.737745098039216
J22 Ferocious 2,1,"Colossal Majesty",{2}{G},810,395,415,810,395,415,0.4876543209876543,7.151164106295852,12.316526022137962,1.7217873052807033,E,20.222784810126583,19.778313253012048
J22 Ferocious 3,1,"Challenger Troll",{4}{G},1075,649,426,1075,649,426,0.6037209302325581,66.02243305707304,70.96073243422735,1.6460997923847707,B,19.58397534668721,20.624413145539908
J22 Ferocious 3,1,"Prowling Serpopard",{1}{G}{G},1133,642,491,1133,642,491,0.5666372462488968,51.217641860324655,56.15779980236995,1.6467193140150995,C,19.241433021806852,21.13645621181263
J22 Ferocious 3,1,"Spectral Hunt-Caller",{4}{G},999,572,427,999,572,427,0.5725725725725725,56.99534188946791,61.869235567018826,1.6246312258503062,B,19.562937062937063,21.02341920374707
J22 Ferocious 3,1,"Giant Ladybug",{2}{G},1061,569,492,1061,569,492,0.5362865221489161,41.671155204977744,46.765137011736435,1.6979939355862301,C,20.191564147627417,21.6890243902439
J22 Ferocious 3,1,"Bristling Boar",{3}{G},1034,534,500,1034,534,500,0.5164410058027079,47.12485266207183,52.154144197539914,1.6764305118226936,C,20.125468164794007,21.054
J22 Ferocious 3,1,"Hammer of Ruin",{2},1132,527,605,1132,527,605,0.465547703180212,31.583370570199744,36.79094260117911,1.7358573436597895,D,20.13662239089184,20.011570247933886
J22 Ferocious 3,1,"Savage Punch",{1}{G},974,520,454,974,520,454,0.5338809034907598,38.26082223643973,43.3742295004461,1.7044690880021225,C,19.865384615384617,21.143171806167402
J22 Ferocious 3,1,"Ilysian Caryatid",{1}{G},995,508,487,995,508,487,0.5105527638190954,27.876758179552862,32.98358466997147,1.702275496806203,D,19.78543307086614,21.229979466119097
J22 Ferocious 3,1,"Drowsing Tyrannodon",{1}{G},931,488,443,931,488,443,0.5241675617615468,40.022253278583975,45.20823469859633,1.728660473337452,C,19.6577868852459,21.706546275395034
J22 Ferocious 3,1,"Ornery Dilophosaur",{3}{G},892,449,443,892,449,443,0.5033632286995515,43.21537869628328,48.19060082776891,1.6584073771618757,C,20.97772828507795,21.595936794582393
J22 Ferocious 3,1,"Colossal Majesty",{2}{G},825,383,442,825,383,442,0.46424242424242423,9.599043927387763,14.790055557717704,1.7303372101099803,E,20.87467362924282,20.524886877828056
J22 Ferocious 4,1,"Challenger Troll",{4}{G},1050,719,331,1050,719,331,0.6847619047619048,61.66122332257613,66.75276087352903,1.6971791836509666,B,19.261474269819193,20.063444108761328
J22 Ferocious 4,1,"Bonders' Enclave",no cost,1174,693,481,1174,693,481,0.590289608177172,24.372425273452027,29.601114235666024,1.7428963207379988,D,19.42135642135642,19.12266112266112
J22 Ferocious 4,1,"Kitesail",{2},1122,654,468,1122,654,468,0.5828877005347594,50.114176946615736,55.13854530590596,1.67478945309674,C,19.262996941896024,18.19017094017094
J22 Ferocious 4,1,"Giant Ladybug",{2}{G},1068,627,441,1068,627,441,0.5870786516853933,46.377294568514884,51.516797921402826,1.7131677842959796,C,19.59968102073365,20.333333333333332
J22 Ferocious 4,1,"Towering Gibbon",{3}{G},924,592,332,924,592,332,0.6406926406926406,56.488499744744146,61.64137669183762,1.717625649031157,B,19.76689189189189,20.75
J22 Ferocious 4,1,"Savage Punch",{1}{G},953,588,365,953,588,365,0.6169989506820567,41.46622066994422,46.49956514871657,1.6777814929241173,C,19.729591836734695,20.167123287671235
J22 Ferocious 4,1,"Creeperhulk",{3}{G}{G},886,572,314,886,572,314,0.6455981941309256,64.83225839151216,70.03412319357885,1.7339549340222318,B,20.07867132867133,20.853503184713375
J22 Ferocious 4,1,"Spectral Hunt-Caller",{4}{G},889,560,329,889,560,329,0.6299212598425197,61.31798998943974,66.19005158983694,1.6240205334657345,B,19.892857142857142,20.507598784194528
J22 Ferocious 4,1,"Ilysian Caryatid",{1}{G},958,558,400,958,558,400,0.5824634655532359,29.075345269984425,34.066151539469466,1.6636020898283477,D,19.43189964157706,20.0925
J22 Ferocious 4,1,"Drowsing Tyrannodon",{1}{G},936,555,381,936,555,381,0.592948717948718,35.147295200019656,40.31214295030338,1.7216159167612417,D,19.28828828828829,20.283464566929133
J22 Ferocious 4,1,"Frontier Mastodon",{2}{G},922,511,411,922,511,411,0.5542299349240781,38.711449586717045,43.82812729624802,1.7055592365103254,C,19.90215264187867,19.982968369829685
J22 Ferocious 4,1,"Colossal Majesty",{2}{G},733,351,382,733,351,382,0.47885402455661663,1.684590839483688,7.013315722815475,1.7762416277772624,E,21.08262108262108,19.76439790575916
J22 Fiery 1,1,"Chandra's Pyrohelix",{1}{R},1059,570,489,1059,570,489,0.5382436260623229,44.834379774491175,49.94007954586024,1.7018999237896888,C,20.25438596491228,21.2760736196319
J22 Fiery 1,1,"Pillar of Flame",{R},1024,558,466,1024,558,466,0.544921875,38.3580170205296,43.32626583880352,1.6560829394246415,C,20.268817204301076,21.564377682403432
J22 Fiery 1,1,"Wildfire Elemental",{2}{R}{R},1052,538,514,1052,538,514,0.5114068441064639,36.43623049925849,41.44912064748429,1.6709633827419341,D,20.431226765799256,21.40272373540856
J22 Fiery 1,1,"Spiteful Prankster",{2}{R},972,538,434,972,538,434,0.5534979423868313,55.95744846683729,60.89344494530203,1.6453321594882448,C,19.154275092936803,20.652073732718893
J22 Fiery 1,1,"Coalborn Entity",{4}{R},898,506,392,898,506,392,0.5634743875278396,67.38218711951977,72.33252630999687,1.6501130634923666,B,20.75494071146245,21.7984693877551
J22 Fiery 1,1,"Chandra's Magmutt",{1}{R},980,506,474,980,506,474,0.5163265306122449,39.32032001474185,44.33980076038239,1.6731602485468453,C,20.883399209486164,21.761603375527425
J22 Fiery 1,1,"Chandra's Pyreling",{1}{R},976,499,477,976,499,477,0.5112704918032787,33.734369291929056,38.72788768879539,1.6645061322887784,D,20.49699398797595,21.551362683438157
J22 Fiery 1,1,"Goblin Researcher",{3}{R},960,496,464,960,496,464,0.5166666666666667,39.21338185826323,44.26109439596674,1.6825708459011677,C,20.745967741935484,21.586206896551722
J22 Fiery 1,1,"Chandra's Spitfire",{2}{R},980,496,484,980,496,484,0.5061224489795918,36.781360289305404,41.70137167777722,1.6400037961572713,D,20.629032258064516,21.576446280991735
J22 Fiery 1,1,"Fiery Intervention",{4}{R},958,486,472,958,486,472,0.5073068893528184,38.17783909906811,43.273207890294884,1.6984562637422576,C,20.98148148148148,21.79237288135593
J22 Fiery 1,1,"Chandra, Flame's Fury",{4}{R}{R},661,429,232,661,429,232,0.649016641452345,73.81836032003439,78.87845393714677,1.686697872370795,B,21.463869463869464,22.99137931034483
J22 Fiery 1,1,"Thrill of Possibility",{1}{R},476,242,234,476,242,234,0.5084033613445378,18.490459067899668,23.531502566156433,1.680347832752255,E,20.710743801652892,20.726495726495727
J22 Fiery 2,1,"Flames of the Firebrand",{2}{R},1147,571,576,1147,571,576,0.4978204010462075,44.37075223340226,49.62953920752605,1.7529289913745985,C,21.404553415061297,21.96875
J22 Fiery 2,1,"Banefire",{X}{R},1151,551,600,1151,551,600,0.4787141615986099,51.358596483161904,56.50731310761688,1.7162388748183244,C,21.16152450090744,21.436666666666667
J22 Fiery 2,1,"Wildfire Elemental",{2}{R}{R},1107,528,579,1107,528,579,0.47696476964769646,41.500791430301135,46.557111333551234,1.6854399677500327,C,21.62878787878788,21.580310880829014
J22 Fiery 2,1,"Pillar of Flame",{R},1105,520,585,1105,520,585,0.47058823529411764,34.23655644774823,39.369022385731846,1.7108219793278738,D,21.68076923076923,21.656410256410258
J22 Fiery 2,1,"Chandra's Pyreling",{1}{R},1075,508,567,1075,508,567,0.47255813953488374,39.808537599327046,44.8583322959372,1.6832648988700523,C,21.25984251968504,21.841269841269842
J22 Fiery 2,1,"Chandra's Spitfire",{2}{R},1034,507,527,1034,507,527,0.49032882011605416,40.6783752542907,45.77624254312219,1.6992890962771634,C,21.660749506903354,21.631878557874764
J22 Fiery 2,1,"Fiery Intervention",{4}{R},987,497,490,987,497,490,0.5035460992907801,42.541632509738946,47.559328906739324,1.6725654656667917,C,22.10261569416499,22.132653061224488
J22 Fiery 2,1,"Blisterspit Gremlin",{R},1047,495,552,1047,495,552,0.47277936962750716,42.42508137870372,47.55732655242575,1.7107483912406765,C,20.70909090909091,20.731884057971016
J22 Fiery 2,1,"Coalborn Entity",{4}{R},932,495,437,932,495,437,0.5311158798283262,66.36922319643226,71.2135764350281,1.614784412865282,B,21.466666666666665,22.23112128146453
J22 Fiery 2,1,"Goblin Researcher",{3}{R},996,457,539,996,457,539,0.45883534136546184,36.04420393826717,41.09446366064907,1.6834199074606335,D,21.98249452954048,21.93877551020408
J22 Fiery 2,1,"Thrill of Possibility",{1}{R},619,244,375,619,244,375,0.39418416801292405,5.2698597749741385,10.446415052167586,1.725518425731149,E,22.24590163934426,21.653333333333332
J22 Fiery 3,1,"Wildfire Elemental",{2}{R}{R},1126,520,606,1126,520,606,0.46181172291296624,40.815554243637386,46.09743002578443,1.760625260715683,C,20.884615384615383,20.92079207920792
J22 Fiery 3,1,"Flame Lash",{3}{R},1078,510,568,1078,510,568,0.47309833024118736,48.80346972377889,54.08534753768256,1.7606259379678904,C,21.25686274509804,20.989436619718308
J22 Fiery 3,1,"Pillar of Flame",{R},1079,506,573,1079,506,573,0.468952734012975,45.854221585927064,51.06116084253187,1.7356464188682683,C,20.962450592885375,21.05584642233857
J22 Fiery 3,1,"Chandra's Spitfire",{2}{R},1075,479,596,1075,479,596,0.44558139534883723,37.25793578991613,42.52800923931951,1.756691149801125,D,21.06680584551148,20.981543624161073
J22 Fiery 3,1,"Thermo-Alchemist",{1}{R},1047,466,581,1047,466,581,0.44508118433619864,40.214218563489844,45.42243663072183,1.7360726890773306,C,20.892703862660944,20.83304647160069
J22 Fiery 3,1,"Chandra's Pyreling",{1}{R},1046,457,589,1046,457,589,0.43690248565965584,31.485711747404892,36.68559465134258,1.7332943013125641,D,21.085339168490155,21.0339558573854
J22 Fiery 3,1,"Coalborn Entity",{4}{R},907,454,453,907,454,453,0.5005512679162073,64.88844725448476,69.72381185821018,1.6117882012418063,B,21.301762114537446,21.483443708609272
J22 Fiery 3,1,"Fiery Intervention",{4}{R},946,424,522,946,424,522,0.44820295983086683,50.087841069315544,55.355473080650995,1.7558773371118168,C,21.40801886792453,21.197318007662837
J22 Fiery 3,1,"Hungry Flames",{2}{R},397,336,61,397,336,61,0.8463476070528967,89.78194727330894,95.46061550630768,1.8928894109995755,A,21.43154761904762,23.57377049180328
J22 Fiery 3,1,"Dance with Devils",{3}{R},789,336,453,789,336,453,0.42585551330798477,48.97288318354774,54.15665063239738,1.7279224829498807,C,22.535714285714285,21.988962472406183
J22 Fiery 3,1,"Thrill of Possibility",{1}{R},488,183,305,488,183,305,0.375,15.04038427567811,20.33104945392153,1.7635550594144735,E,21.907103825136613,20.334426229508196
J22 Fiery 4,1,"Pillar of Flame",{R},1049,500,549,1049,500,549,0.47664442326024786,42.50081621841662,47.82183624669952,1.773673342760968,C,20.838,21.204007285974498
J22 Fiery 4,1,"Searing Spear",{1}{R},1116,498,618,1116,498,618,0.44623655913978494,39.715181052279625,44.977239677948305,1.7540195418895606,C,20.825301204819276,20.794498381877023
J22 Fiery 4,1,"Wildfire Elemental",{2}{R}{R},1075,486,589,1075,486,589,0.45209302325581396,43.09513728073793,48.32157490369734,1.7421458743198026,C,20.954732510288064,21.388794567062817
J22 Fiery 4,1,"Chandra's Pyreling",{1}{R},1052,481,571,1052,481,571,0.45722433460076045,40.0434046394068,45.37182060761044,1.776138656067878,C,20.82952182952183,21.472854640980735
J22 Fiery 4,1,"Coalborn Entity",{4}{R},934,473,461,934,473,461,0.5064239828693791,64.1264174717789,69.31620416999027,1.7299288994037934,B,20.99154334038055,21.427331887201735
J22 Fiery 4,1,"Blisterspit Gremlin",{R},1043,466,577,1043,466,577,0.4467881112176414,31.455234441179943,36.65064030276987,1.7318019538633096,D,20.111587982832617,20.421143847487002
J22 Fiery 4,1,"Chandra's Spitfire",{2}{R},1044,460,584,1044,460,584,0.44061302681992337,36.3429744491587,41.579791491431436,1.7456056807575773,D,20.973913043478262,21.53253424657534
J22 Fiery 4,1,"Fiery Intervention",{4}{R},945,439,506,945,439,506,0.46455026455026455,41.42055503998219,46.70097394424349,1.760139634753769,C,21.555808656036447,21.523715415019762
J22 Fiery 4,1,"Cone of Flame",{3}{R}{R},621,356,265,621,356,265,0.573268921095008,75.39225292459345,80.63335839023802,1.7470351552148553,A,21.81741573033708,22.928301886792454
J22 Fiery 4,1,"Thrill of Possibility",{1}{R},644,249,395,644,249,395,0.38664596273291924,17.226491360686843,22.499373422868985,1.7576273540607144,E,21.662650602409638,21.078481012658226
J22 Fiery 4,1,"Viashino Pyromancer",{1}{R},298,234,64,298,234,64,0.785234899328859,72.45226231082195,78.2695429711452,1.9390935534410847,B,21.71794871794872,23.625
J22 Gigantic 1,1,"Colossal Dreadmaw",{4}{G}{G},1035,634,401,1035,634,401,0.6125603864734299,61.87464819474798,67.09839472787057,1.7412488443741971,B,19.998422712933753,21.461346633416458
J22 Gigantic 1,1,"Enlarge",{3}{G}{G},929,590,339,929,590,339,0.635091496232508,57.36791410143997,62.576234646194614,1.7361068482515465,B,19.386440677966103,21.289085545722713
J22 Gigantic 1,1,"Towering Gibbon",{3}{G},995,589,406,995,589,406,0.5919597989949749,57.346990696548936,62.65352698138286,1.7688454282779755,B,20.34804753820034,22.75615763546798
J22 Gigantic 1,1,"Runadi, Behemoth Caller",{2}{G},971,566,405,971,566,405,0.5829042224510813,43.037613768378336,48.448553542106346,1.803646591242671,C,19.609540636042404,21.725925925925925
J22 Gigantic 1,1,"Woodborn Behemoth",{3}{G}{G},979,564,415,979,564,415,0.5760980592441267,49.23070768098157,54.432605363798736,1.7339658942723897,C,20.617021276595743,21.457831325301203
J22 Gigantic 1,1,"Thrashing Brontodon",{1}{G}{G},987,557,430,987,557,430,0.5643363728470111,47.42167365345522,52.70228622563029,1.7602041907250223,C,20.368043087971273,21.851162790697675
J22 Gigantic 1,1,"Overgrowth",{2}{G},1061,555,506,1061,555,506,0.5230914231856739,25.058924490721303,30.47801143193076,1.8063623137364857,D,20.05045045045045,20.543478260869566
J22 Gigantic 1,1,"Naga Vitalist",{1}{G},1003,547,456,1003,547,456,0.5453639082751744,31.975328070280515,37.17899805221265,1.7345566606440441,D,20.054844606946983,21.111842105263158
J22 Gigantic 1,1,"Ondu Giant",{3}{G},995,540,455,995,540,455,0.542713567839196,36.144353995016736,41.4130825477157,1.7562428508996553,D,20.374074074074073,21.650549450549452
J22 Gigantic 1,1,"Gift of the Gargantuan",{2}{G},862,444,418,862,444,418,0.5150812064965197,15.197816322333383,20.414459935757904,1.7388812044748403,E,21.123873873873872,21.401913875598087
J22 Gigantic 1,1,"Havenwood Wurm",{6}{G},629,399,230,629,399,230,0.6343402225755167,67.45689355179192,72.76247908687375,1.7685285116939415,B,20.448621553884713,24.108695652173914
J22 Gigantic 1,1,"Pounce",{1}{G},160,123,37,160,123,37,0.76875,61.813756901213345,67.96085723904564,2.049033445944098,B,21.528455284552845,24.0
J22 Gigantic 2,1,"Towering Gibbon",{3}{G},1002,649,353,1002,649,353,0.6477045908183633,62.199584763836576,67.4140211457963,1.7381454606532405,B,21.372881355932204,22.10198300283286
J22 Gigantic 2,1,"Paradise Druid",{1}{G},990,599,391,990,599,391,0.6050505050505051,37.90537789037235,43.03831604567155,1.7109793850997328,C,21.023372287145243,21.56777493606138
J22 Gigantic 2,1,"Colossal Dreadmaw",{4}{G}{G},929,596,333,929,596,333,0.6415500538213132,73.06713974571853,78.19647532369761,1.7097785259930245,B,21.236577181208055,22.01801801801802
J22 Gigantic 2,1,"Engulfing Slagwurm",{5}{G}{G},832,592,240,832,592,240,0.7115384615384616,80.46146357704295,85.70792673945459,1.7488210541372153,A,22.19087837837838,23.1
J22 Gigantic 2,1,"Enlarge",{3}{G}{G},880,589,291,880,589,291,0.6693181818181818,50.18245136779844,55.36491511444531,1.7274879155489566,C,20.36332767402377,21.103092783505154
J22 Gigantic 2,1,"Thrashing Brontodon",{1}{G}{G},982,581,401,982,581,401,0.5916496945010183,42.345702556211606,47.393335257229374,1.6825442336725882,C,21.507745266781413,21.306733167082296
J22 Gigantic 2,1,"Mammoth Spider",{4}{G},959,575,384,959,575,384,0.5995828988529719,55.36004581934132,60.649158681457465,1.7630376207053797,C,21.88,22.34375
J22 Gigantic 2,1,"Runadi, Behemoth Caller",{2}{G},952,568,384,952,568,384,0.5966386554621849,37.29654122726647,42.49421116028769,1.7325566443404086,D,20.8943661971831,21.8984375
J22 Gigantic 2,1,"Overgrowth",{2}{G},1003,566,437,1003,566,437,0.5643070787637089,25.88001986659743,31.082668827274013,1.7342163202255272,D,21.09540636042403,21.187643020594965
J22 Gigantic 2,1,"Ondu Giant",{3}{G},984,555,429,984,555,429,0.5640243902439024,28.582707468329097,33.797581480763725,1.7382913374782094,D,21.947747747747748,21.72960372960373
J22 Gigantic 2,1,"Gift of the Gargantuan",{2}{G},839,460,379,839,460,379,0.5482717520858165,19.94270479266695,25.29581167491009,1.7843689607477138,D,22.469565217391306,21.303430079155675
J22 Gigantic 2,1,"Prey Upon",{G},23,14,9,23,14,9,0.6086956521739131,9.267753958270749,20.555058706610566,3.762434916113272,E,20.071428571428573,25.444444444444443
J22 Go to School 1,1,"Bury in Books",{4}{U},1159,588,571,1159,588,571,0.5073339085418465,36.62650740189334,41.836009688598544,1.7365007622350668,D,23.547619047619047,24.87215411558669
J22 Go to School 1,1,"Biblioplex Kraken",{4}{U},1124,570,554,1124,570,554,0.5071174377224199,48.85761888102102,54.0361786045203,1.7261865744997607,C,23.317543859649124,24.451263537906136
J22 Go to School 1,1,"Merfolk Pupil",{1}{U},1162,538,624,1162,538,624,0.4629948364888124,24.695232178313415,29.93987946735388,1.748215763013488,D,22.979553903345725,23.8125
J22 Go to School 1,1,"Tolarian Sentinel",{3}{U},1178,534,644,1178,534,644,0.4533106960950764,42.62980283655266,47.927899918199216,1.7660323605488502,C,23.837078651685392,24.071428571428573
J22 Go to School 1,1,"Kasmina, Enigmatic Mentor",{3}{U},1054,516,538,1054,516,538,0.48956356736242884,50.63648834788084,55.90854362805371,1.7573517600576214,C,23.546511627906977,25.360594795539033
J22 Go to School 1,1,"Overwhelmed Apprentice",{U},1098,514,584,1098,514,584,0.4681238615664845,43.57951296650156,48.86081294567994,1.760433326392793,C,22.51556420233463,23.595890410958905
J22 Go to School 1,1,"Elite Instructor",{2}{U},1100,506,594,1100,506,594,0.46,33.433716817043596,38.63871651482067,1.7349998992590245,D,23.015810276679844,23.68013468013468
J22 Go to School 1,1,"Barrin, Tolarian Archmage",{1}{U}{U},1022,505,517,1022,505,517,0.49412915851272016,40.75874748504366,45.91912782488944,1.7201267799485935,C,23.526732673267325,25.083172147001935
J22 Go to School 1,1,"Academy Journeymage",{4}{U},1007,485,522,1007,485,522,0.4816285998013903,42.5541124217513,47.80988299865113,1.7519235256332786,C,23.74639175257732,25.49808429118774
J22 Go to School 1,1,"Tragic Lesson",{2}{U},1091,471,620,1091,471,620,0.4317140238313474,5.7894673045256235,11.161896014761727,1.790809570078701,E,24.545647558386413,23.51290322580645
J22 Go to School 1,1,"Dismiss",{2}{U}{U},686,342,344,686,342,344,0.49854227405247814,41.92123126536823,47.20157608593627,1.7601149401893461,C,25.39766081871345,27.200581395348838
J22 Go to School 1,1,"Wizard Mentor",{2}{U},1,0,1,1,0,1,0.0,35.30737964703865,56.29533163381834,6.995983995593231,D,NaN,26.0
J22 Go to School 2,1,"Bury in Books",{4}{U},1156,569,587,1156,569,587,0.4922145328719723,37.13835553145733,42.370138047159244,1.7439275052339722,D,22.33567662565905,24.078364565587734
J22 Go to School 2,1,"Kasmina, Enigmatic Mentor",{3}{U},1097,544,553,1097,544,553,0.495897903372835,52.545435675790955,57.743653237109925,1.7327391871063242,C,22.386029411764707,24.77034358047016
J22 Go to School 2,1,"Merfolk Pupil",{1}{U},1207,528,679,1207,528,679,0.4374482187241094,23.209116314777976,28.497591039875097,1.7628249083657068,D,22.301136363636363,23.27098674521355
J22 Go to School 2,1,"Teferi's Protege",{2}{U},1195,521,674,1195,521,674,0.43598326359832634,39.47167766496424,44.86061759266749,1.7963133092344163,C,22.414587332053742,23.04747774480712
J22 Go to School 2,1,"Biblioplex Kraken",{4}{U},1083,520,563,1083,520,563,0.4801477377654663,42.67952644365853,47.821239255919316,1.7139042707535939,C,22.20576923076923,23.614564831261102
J22 Go to School 2,1,"Academy Journeymage",{4}{U},1018,508,510,1018,508,510,0.49901768172888017,39.282268930149606,44.49986771281833,1.7391995942229084,C,22.641732283464567,24.666666666666668
J22 Go to School 2,1,"Elite Instructor",{2}{U},1090,471,619,1090,471,619,0.43211009174311926,26.29110394963471,31.572590128550583,1.7604953929719576,D,22.309978768577494,23.219709208400648
J22 Go to School 2,1,"Overwhelmed Apprentice",{U},1050,470,580,1050,470,580,0.44761904761904764,32.62347761200616,37.77747556219854,1.7179993167307914,D,22.27446808510638,22.948275862068964
J22 Go to School 2,1,"Campus Guide",{2},1040,467,573,1040,467,573,0.44903846153846155,36.03512289922194,41.204447017150045,1.7231080393093678,D,21.511777301927197,23.647469458987782
J22 Go to School 2,1,"Dismiss",{2}{U}{U},702,362,340,702,362,340,0.5156695156695157,52.500943735759506,57.76937998146425,1.7561454152349134,C,23.908839779005525,26.641176470588235
J22 Go to School 2,1,"Rhystic Study",{2}{U},824,348,476,824,348,476,0.4223300970873786,13.784106083909442,19.020594424371808,1.7454961134874554,E,23.04597701149425,23.68487394957983
J22 Go to School 2,1,"Multiple Choice",{X}{U},677,319,358,677,319,358,0.4711964549483013,21.643678821309727,26.77752992567523,1.7112837014551672,D,21.711598746081506,21.85195530726257
J22 Goblins 1,1,"Flame Lash",{3}{R},1098,576,522,1098,576,522,0.5245901639344263,46.45295803644908,51.552370805119345,1.6998042562234215,C,19.960069444444443,20.21647509578544
J22 Goblins 1,1,"Krenko, Mob Boss",{2}{R}{R},973,571,402,973,571,402,0.5868448098663926,59.88137388710147,64.98116042531308,1.6999288460705362,B,19.95971978984238,19.539800995024876
J22 Goblins 1,1,"Dragon Fodder",{1}{R},1029,565,464,1029,565,464,0.5490767735665695,37.15396483886853,42.354956406725464,1.7336638559523094,D,19.575221238938052,20.148706896551722
J22 Goblins 1,1,"Subterranean Scout",{1}{R},1086,555,531,1086,555,531,0.511049723756906,35.86537074301993,40.8820238981604,1.6722177183801552,D,19.347747747747746,19.726930320150657
J22 Goblins 1,1,"Weaselback Redcap",{R},1021,537,484,1021,537,484,0.5259549461312438,46.73031014112217,51.838943573678606,1.7028778108521467,C,19.09683426443203,19.99586776859504
J22 Goblins 1,1,"Goblin Researcher",{3}{R},960,506,454,960,506,454,0.5270833333333333,33.75852896008952,39.01142434095013,1.7509651269535358,D,20.132411067193676,20.6784140969163
J22 Goblins 1,1,"Hordeling Outburst",{1}{R}{R},838,499,339,838,499,339,0.5954653937947494,49.843412172442505,55.134882225572476,1.7638233510433237,C,20.064128256513026,20.94395280235988
J22 Goblins 1,1,"Burn Bright",{2}{R},744,478,266,744,478,266,0.6424731182795699,45.46882101687586,50.63288202611491,1.721353669746352,C,19.317991631799163,20.69924812030075
J22 Goblins 1,1,"Battle Squadron",{3}{R}{R},741,462,279,741,462,279,0.6234817813765182,57.2532308604871,62.693306556832304,1.813358565448402,B,19.83982683982684,20.551971326164875
J22 Goblins 1,1,"Rummaging Goblin",{2}{R},959,451,508,959,451,508,0.470281543274244,23.475003196656928,28.771739774299363,1.765578859214145,D,20.596452328159646,20.023622047244096
J22 Goblins 1,1,"Volley Veteran",{3}{R},705,446,259,705,446,259,0.6326241134751773,57.48032257297699,62.698836116096736,1.7395045143732488,B,20.706278026905828,21.94980694980695
J22 Goblins 1,1,"Goblin Grenade",{R},754,419,335,754,419,335,0.5557029177718833,32.32042942948741,37.61176077806779,1.7637771161934586,D,19.78997613365155,20.81492537313433
J22 Goblins 2,1,"Goblin Trailblazer",{1}{R},1110,502,608,1110,502,608,0.45225225225225224,40.37390189818066,45.577956522509055,1.734684874776132,C,18.53386454183267,20.51644736842105
J22 Goblins 2,1,"Goblin Warchief",{1}{R}{R},1089,499,590,1089,499,590,0.45821854912764004,40.12118770785314,45.49174566605929,1.7901859860687162,C,18.34068136272545,20.552542372881355
J22 Goblins 2,1,"Flame Lash",{3}{R},1104,499,605,1104,499,605,0.4519927536231884,44.80402247105614,50.23113301003515,1.8090368463263358,C,19.004008016032063,20.950413223140497
J22 Goblins 2,1,"Dragon Fodder",{1}{R},985,457,528,985,457,528,0.4639593908629442,40.90013342288243,46.24338970054267,1.7810854258867468,C,18.888402625820568,21.443181818181817
J22 Goblins 2,1,"Goblin Researcher",{3}{R},991,433,558,991,433,558,0.43693239152371344,38.16661581179342,43.53731678653993,1.7902336582488372,C,19.321016166281755,21.38351254480287
J22 Goblins 2,1,"Frenzied Goblin",{R},998,430,568,998,430,568,0.4308617234468938,32.54144853087176,37.841233603572306,1.7665950242335147,D,18.730232558139534,20.87323943661972
J22 Goblins 2,1,"Burn Bright",{2}{R},713,399,314,713,399,314,0.5596072931276297,53.390409722161166,58.48981135333871,1.6998005437258474,C,18.88972431077694,21.656050955414013
J22 Goblins 2,1,"Volley Veteran",{3}{R},695,383,312,695,383,312,0.5510791366906475,63.00404962018828,68.20435324184038,1.7334345405506997,B,19.704960835509137,23.003205128205128
J22 Goblins 2,1,"Goblin Rally",{3}{R}{R},768,371,397,768,371,397,0.4830729166666667,51.847140320285504,57.036845237563455,1.72990163909265,C,20.274932614555254,22.28715365239295
J22 Goblins 2,1,"Rummaging Goblin",{2}{R},958,368,590,958,368,590,0.38413361169102295,26.68092785330382,31.95989351510535,1.7596552206005094,D,19.535326086956523,20.961016949152544
J22 Goblins 2,1,"Goblin Grenade",{R},686,345,341,686,345,341,0.5029154518950437,36.43689453252006,41.815688561587066,1.7929313430223355,D,19.547826086956523,22.005865102639298
J22 Goblins 2,1,"Ib Halfheart, Goblin Tactician",{3}{R},2,1,1,2,1,1,0.5,14.181073088169178,36.35791514675604,7.392280686195622,E,18.0,27.0
J22 Goblins 3,1,"Fanatical Firebrand",{R},1238,595,643,1238,595,643,0.4806138933764136,33.88512302755863,39.19867192018682,1.7711829642093961,D,19.529411764705884,19.914463452566096
J22 Goblins 3,1,"Goblin Trailblazer",{1}{R},1240,547,693,1240,547,693,0.4411290322580645,35.449228704249805,40.65550005911536,1.7354237849551863,D,19.508226691042047,20.062049062049063
J22 Goblins 3,1,"Goblin Researcher",{3}{R},1094,481,613,1094,481,613,0.4396709323583181,38.54375908380865,43.86480915131177,1.773683355834373,C,20.155925155925157,20.539967373572594
J22 Goblins 3,1,"Rummaging Goblin",{2}{R},1055,450,605,1055,450,605,0.4265402843601896,30.060134725916978,35.32900339710144,1.7562895570614867,D,20.448888888888888,20.135537190082644
J22 Goblins 3,1,"Arms Dealer",{2}{R},1042,447,595,1042,447,595,0.4289827255278311,39.34950464337376,44.62378802203413,1.7580944595534533,C,20.78076062639821,20.252100840336134
J22 Goblins 3,1,"Dragon Fodder",{1}{R},951,445,506,951,445,506,0.4679284963196635,41.665238472886905,46.7426629090515,1.6924748120548638,C,19.719101123595507,20.859683794466402
J22 Goblins 3,1,"Instruments of War",{4},1095,417,678,1095,417,678,0.38082191780821917,32.6595672826094,37.82799590179134,1.722809539727312,D,20.48201438848921,19.221238938053098
J22 Goblins 3,1,"Burn Bright",{2}{R},690,401,289,690,401,289,0.5811594202898551,45.15385491299305,50.32756619282486,1.724570426610605,C,19.39152119700748,20.71280276816609
J22 Goblins 3,1,"Volley Veteran",{3}{R},687,386,301,687,386,301,0.5618631732168851,57.642065257995256,62.85083009578428,1.7362549459296752,B,20.696891191709845,22.514950166112957
J22 Goblins 3,1,"Destructive Tampering",{2}{R},932,375,557,932,375,557,0.40236051502145925,33.34160509906848,38.49858940889087,1.7189947699407964,D,20.578666666666667,19.6032315978456
J22 Goblins 3,1,"Muxus, Goblin Grandee",{4}{R}{R},718,372,346,718,372,346,0.5181058495821727,38.06542327870116,43.364765502922296,1.7664474080737125,C,20.822580645161292,21.748554913294797
J22 Goblins 3,1,"Goblin Grenade",{R},541,253,288,541,253,288,0.4676524953789279,40.29807976133753,45.53098596658863,1.7443020684170327,C,19.976284584980238,21.038194444444443
J22 Goblins 4,1,"Goblin Rabblemaster",{2}{R},1147,695,452,1147,695,452,0.6059285091543156,62.36730523505783,67.22978852435253,1.6208277630982335,B,16.558273381294963,20.345132743362832
J22 Goblins 4,1,"Torch Courier",{R},1057,533,524,1057,533,524,0.5042573320719016,29.64472491671528,34.820336458028585,1.725203847104435,D,17.735459662288932,20.356870229007633
J22 Goblins 4,1,"Outnumber",{R},1049,532,517,1049,532,517,0.5071496663489037,43.60684637952919,48.82337965635041,1.7388444256070745,C,18.19360902255639,20.593810444874276
J22 Goblins 4,1,"Dragon Fodder",{1}{R},940,474,466,940,474,466,0.5042553191489362,40.891978091778604,46.06537416211969,1.7244653567803605,C,18.343881856540083,20.817596566523605
J22 Goblins 4,1,"Burn Bright",{2}{R},770,472,298,770,472,298,0.612987012987013,50.64639891023144,55.72300832552722,1.692203138431927,C,17.847457627118644,21.459731543624162
J22 Goblins 4,1,"Goblin Researcher",{3}{R},991,457,534,991,457,534,0.4611503531786075,37.644068832432204,42.901693399122806,1.7525415222302003,C,18.897155361050327,20.310861423220974
J22 Goblins 4,1,"Goblin Grenade",{R},829,453,376,829,453,376,0.5464414957780458,40.51301417393926,45.72349021101002,1.7368253456902525,C,18.649006622516556,20.970744680851062
J22 Goblins 4,1,"Rummaging Goblin",{2}{R},938,395,543,938,395,543,0.4211087420042644,20.083058987561685,25.245513197794985,1.7208180700777658,D,19.045569620253165,20.14364640883978
J22 Goblins 4,1,"Hordeling Outburst",{1}{R}{R},772,393,379,772,393,379,0.5090673575129534,49.709823868781854,54.795668426961925,1.6952815193933564,C,19.071246819338423,21.076517150395777
J22 Goblins 4,1,"Volley Veteran",{3}{R},650,379,271,650,379,271,0.583076923076923,57.25616383831729,62.31520660162348,1.686347587768729,B,19.70712401055409,22.214022140221402
J22 Goblins 4,1,"Goblin Rally",{3}{R}{R},763,374,389,763,374,389,0.49017038007863695,49.89079475991056,54.9407215973749,1.6833089458214479,C,20.12566844919786,21.457583547557842
J22 Goblins 4,1,"Ardoz, Cobbler of War",{1}{R},1,1,0,1,1,0,1.0,50.132644457456294,75.13630083995088,8.334552127498196,C,18.0,NaN
J22 Gross 1,1,"Leechridden Swamp",no cost,1180,631,549,1180,631,549,0.5347457627118644,22.26930968898607,27.732241882930204,1.820977397981378,D,20.578446909667196,20.123861566484518
J22 Gross 1,1,"Grotesque Mutation",{1}{B},976,608,368,976,608,368,0.6229508196721312,44.05946836289974,49.42966035537157,1.7900639974906083,C,20.86842105263158,22.0625
J22 Gross 1,1,"Devouring Swarm",{1}{B}{B},1053,606,447,1053,606,447,0.5754985754985755,48.8673430181505,54.112244344693984,1.7483004421811608,C,21.019801980198018,21.008948545861298
J22 Gross 1,1,"Durable Coilbug",{1}{B},1063,599,464,1063,599,464,0.5634995296331138,49.36554164027265,54.70495249732831,1.779803619018552,C,20.97829716193656,20.995689655172413
J22 Gross 1,1,"Skullslither Worm",{3}{B},997,597,400,997,597,400,0.5987963891675026,43.68469133683251,48.99198627519321,1.7690983127869022,C,21.063651591289783,21.605
J22 Gross 1,1,"Blight Keeper",{B},1041,582,459,1041,582,459,0.5590778097982709,39.74812512355991,45.15314779962547,1.8016742253551872,C,20.6426116838488,20.799564270152505
J22 Gross 1,1,"Strangling Spores",{3}{B},1030,573,457,1030,573,457,0.5563106796116505,48.22752576044301,53.50405445985583,1.7588428998042749,C,21.581151832460733,21.059080962800877
J22 Gross 1,1,"Eaten Alive",{B},1064,567,497,1064,567,497,0.5328947368421053,31.276600902044464,36.767198756867344,1.8301992849409605,D,21.87830687830688,21.156941649899398
J22 Gross 1,1,"Yargle, Glutton of Urborg",{4}{B},943,555,388,943,555,388,0.5885471898197243,54.159200419585346,59.527762579306895,1.789520719907184,C,21.35135135135135,21.177835051546392
J22 Gross 1,1,"Black Cat",{1}{B},987,540,447,987,540,447,0.547112462006079,28.832804236775942,34.15033469450585,1.7725101525766365,D,21.13888888888889,21.123042505592842
J22 Gross 1,1,"Plaguecrafter",{2}{B},908,468,440,908,468,440,0.5154185022026432,30.277326541954707,35.52697669815657,1.7498833854006204,D,21.747863247863247,21.213636363636365
J22 Gross 1,1,"Infernal Idol",{3},931,465,466,931,465,466,0.49946294307196565,13.45664179736074,18.81300573677658,1.7854546464719472,E,21.397849462365592,21.06223175965665
J22 Gross 1,1,"Massacre Wurm",{3}{B}{B}{B},552,462,90,552,462,90,0.8369565217391305,112.48334113136332,118.05988948209085,1.8588494502425137,S,20.006493506493506,22.522222222222222
J22 Gross 2,1,"Blighted Fen",no cost,1240,595,645,1240,595,645,0.4798387096774194,45.24720173236986,50.36104010154243,1.70461278972419,C,21.2,21.266666666666666
J22 Gross 2,1,"Durable Coilbug",{1}{B},1100,524,576,1100,524,576,0.4763636363636364,43.67797436809633,48.93388613165575,1.7519705878531386,C,21.188931297709924,21.84548611111111
J22 Gross 2,1,"Grotesque Mutation",{1}{B},988,520,468,988,520,468,0.5263157894736842,40.00520974104044,45.189950022286624,1.7282467604153948,C,21.20576923076923,22.9017094017094
J22 Gross 2,1,"Blight Keeper",{B},1057,510,547,1057,510,547,0.4824976348155156,37.353105371587176,42.43752386237675,1.6948061635965253,D,20.56078431372549,22.30347349177331
J22 Gross 2,1,"Deathbloom Thallid",{2}{B},973,497,476,973,497,476,0.5107913669064749,48.27446537686062,53.567494724821834,1.7643431159870726,C,20.96780684104628,22.75420168067227
J22 Gross 2,1,"Skullslither Worm",{3}{B},1002,497,505,1002,497,505,0.49600798403193613,38.712479314977706,43.95282111072335,1.74678059858188,C,21.688128772635814,22.778217821782178
J22 Gross 2,1,"Eaten Alive",{B},1075,493,582,1075,493,582,0.4586046511627907,31.990906409747105,37.18012983264978,1.7297411409675587,D,22.01217038539554,22.010309278350515
J22 Gross 2,1,"Phyrexian Debaser",{3}{B},1072,492,580,1072,492,580,0.458955223880597,45.70491918064869,50.92701776345873,1.7406995276033481,C,21.13617886178862,21.71896551724138
J22 Gross 2,1,"Fungal Infection",{B},913,466,447,913,466,447,0.5104052573932092,46.607198630542385,51.845636996906826,1.7461461221214816,C,21.506437768240342,23.152125279642057
J22 Gross 2,1,"Plaguecrafter",{2}{B},990,447,543,990,447,543,0.45151515151515154,44.177543085879904,49.47867776862678,1.76704489424896,C,22.40715883668904,22.460405156537753
J22 Gross 2,1,"Devouring Swarm",{1}{B}{B},1007,446,561,1007,446,561,0.4428997020854022,37.10118391090785,42.34326518451434,1.747360424535497,D,21.26457399103139,22.388591800356505
J22 Gross 3,1,"Grotesque Mutation",{1}{B},1027,611,416,1027,611,416,0.5949367088607594,47.0469992868703,52.16573452876449,1.7062450806313942,C,22.06546644844517,23.014423076923077
J22 Gross 3,1,"Death Wind",{X}{B},1124,582,542,1124,582,542,0.5177935943060499,38.70911711197115,44.037103181701404,1.7759953565767517,C,22.1786941580756,22.145756457564577
J22 Gross 3,1,"Skullslither Worm",{3}{B},978,578,400,978,578,400,0.591002044989775,43.16297666864375,48.355562995412,1.7308621089227503,C,22.418685121107266,22.39
J22 Gross 3,1,"Durable Coilbug",{1}{B},1070,556,514,1070,556,514,0.5196261682242991,45.03387550082005,50.1729917385444,1.7130387459081144,C,22.294964028776977,22.443579766536963
J22 Gross 3,1,"Eaten Alive",{B},1103,551,552,1103,551,552,0.499546690843155,31.414007282663214,36.67416661827036,1.7533864452023835,D,22.970961887477316,22.333333333333332
J22 Gross 3,1,"Kraul Swarm",{4}{B},1021,544,477,1021,544,477,0.5328109696376102,56.62271009692623,61.74003299195193,1.7057742983419006,B,21.998161764705884,22.22012578616352
J22 Gross 3,1,"Blight Keeper",{B},993,531,462,993,531,462,0.5347432024169184,33.370888422040075,38.55361350822098,1.7275750287269673,D,21.425612052730695,21.924242424242426
J22 Gross 3,1,"Dune Beetle",{1}{B},987,517,470,987,517,470,0.5238095238095238,43.78103322807898,49.01203087901411,1.7436658836450432,C,22.400386847195357,22.65531914893617
J22 Gross 3,1,"Devouring Swarm",{1}{B}{B},1021,514,507,1021,514,507,0.5034280117531832,33.427857715140476,38.69012806731472,1.7540901173914145,D,22.439688715953306,21.80276134122288
J22 Gross 3,1,"Plaguecrafter",{2}{B},971,505,466,971,505,466,0.5200823892893924,38.79202398672819,43.942426526423304,1.7168008465650393,C,22.83762376237624,22.452789699570815
J22 Gross 3,1,"Infernal Idol",{3},927,484,443,927,484,443,0.5221143473570659,26.768463815925173,31.95615861022009,1.729231598098306,D,22.462809917355372,22.16704288939052
J22 Gross 3,1,"Deathbringer Regent",{5}{B}{B},480,334,146,480,334,146,0.6958333333333333,96.14543979628384,101.23475248182129,1.696437561845815,S,23.964071856287426,25.45205479452055
J22 Gross 4,1,"Durable Coilbug",{1}{B},1228,674,554,1228,674,554,0.5488599348534202,35.142449631967246,40.40680174564501,1.7547840378925887,D,22.16765578635015,21.84837545126354
J22 Gross 4,1,"Ophiomancer",{2}{B},1038,669,369,1038,669,369,0.6445086705202312,65.82063724635572,71.18034010693309,1.786567620192455,B,22.19133034379671,23.33062330623306
J22 Gross 4,1,"Skullslither Worm",{3}{B},1118,650,468,1118,650,468,0.5813953488372093,35.82018640010313,41.12051929753221,1.7667776324763604,D,22.596923076923076,22.213675213675213
J22 Gross 4,1,"Grotesque Mutation",{1}{B},1058,648,410,1058,648,410,0.6124763705103969,40.695970784480494,45.9925658501145,1.7655316885446688,C,22.80246913580247,23.151219512195123
J22 Gross 4,1,"Blight Keeper",{B},1126,641,485,1126,641,485,0.5692717584369449,34.773762775392115,40.01172451723108,1.7459872472796558,D,22.009360374414978,21.861855670103093
J22 Gross 4,1,"Devouring Swarm",{1}{B}{B},1155,640,515,1155,640,515,0.5541125541125541,40.255090666887654,45.45984343009864,1.7349175877369947,C,22.4734375,22.04854368932039
J22 Gross 4,1,"Eaten Alive",{B},1183,633,550,1183,633,550,0.5350803043110736,28.994323583625555,34.26932204728722,1.7583328212205547,D,22.981042654028435,22.334545454545456
J22 Gross 4,1,"Vermin Gorger",{1}{B},1118,618,500,1118,618,500,0.552772808586762,43.82077467805891,49.12523179415509,1.768152372032061,C,22.34304207119741,22.456
J22 Gross 4,1,"Plaguecrafter",{2}{B},1079,573,506,1079,573,506,0.531047265987025,34.63859987837605,39.81909687468213,1.7268323321020271,D,23.396160558464224,22.59881422924901
J22 Gross 4,1,"Witch's Cauldron",{B},1022,515,507,1022,515,507,0.5039138943248532,8.627513976312791,14.005211351442776,1.7925657917099949,E,23.141747572815532,21.29585798816568
J22 Gross 4,1,"Swarm of Bloodflies",{4}{B},740,428,312,740,428,312,0.5783783783783784,57.39737105693689,62.615287085920954,1.7393053429946892,B,24.11214953271028,23.57051282051282
J22 Gross 4,1,"Ossuary Rats",{5}{B},691,366,325,691,366,325,0.5296671490593343,48.75243004026906,53.9478868486123,1.731818936114413,C,26.07103825136612,24.37846153846154
J22 Holy 1,1,"Emancipation Angel",{1}{W}{W},1121,599,522,1121,599,522,0.5343443354148082,56.39808851720136,61.546789973862055,1.7162338188868975,B,20.469115191986646,20.25862068965517
J22 Holy 1,1,"Light of Hope",{W},1165,584,581,1165,584,581,0.5012875536480687,24.177699712508762,29.403371233320346,1.7418905069371944,D,20.823630136986303,20.39931153184165
J22 Holy 1,1,"Chains of Custody",{2}{W},1071,581,490,1071,581,490,0.5424836601307189,40.201854495087346,45.35970502536942,1.7192835100940262,C,20.96041308089501,20.791836734693877
J22 Holy 1,1,"Pilgrim of the Ages",{2}{W},1036,574,462,1036,574,462,0.5540540540540541,34.904333212485696,40.225101500839145,1.7735894294511483,D,20.857142857142858,20.551948051948052
J22 Holy 1,1,"Angelic Page",{1}{W},1043,560,483,1043,560,483,0.5369127516778524,45.793439346966586,50.872549387650906,1.6930366802281058,C,20.626785714285713,19.749482401656316
J22 Holy 1,1,"Angelic Cub",{1}{W},1026,536,490,1026,536,490,0.5224171539961013,44.07017233785224,49.178305423657534,1.7027110286017646,C,20.67723880597015,20.46734693877551
J22 Holy 1,1,"Goldnight Commander",{3}{W},1016,536,480,1016,536,480,0.5275590551181102,42.88501839533755,48.151315327963765,1.7554323108754042,C,20.28358208955224,20.329166666666666
J22 Holy 1,1,"Anointer of Valor",{5}{W},842,521,321,842,521,321,0.6187648456057007,73.47067022109078,78.5929755667618,1.707435115223672,B,21.51439539347409,20.953271028037385
J22 Holy 1,1,"Miraculous Recovery",{4}{W},817,437,380,817,437,380,0.5348837209302325,43.48661523050575,48.62097745684579,1.7114540754466803,C,21.91075514874142,20.96842105263158
J22 Holy 1,1,"Blessed Sanctuary",{3}{W}{W},672,403,269,672,403,269,0.5997023809523809,51.10874770676073,56.28168898428853,1.7243137591759319,C,22.29776674937965,21.390334572490705
J22 Holy 1,1,"Divine Arrow",{1}{W},781,387,394,781,387,394,0.49551856594110116,44.384125034490516,49.67386997244084,1.7632483126501086,C,21.674418604651162,21.33502538071066
J22 Holy 1,1,"Pillardrop Rescuer",{4}{W},613,298,315,613,298,315,0.48613376835236544,43.82063138376271,49.04326665499233,1.740878423743206,C,22.546979865771814,21.942857142857143
J22 Holy 2,1,"Lyra Dawnbringer",{3}{W}{W},1060,913,147,1060,913,147,0.8613207547169811,105.53813063133376,111.4184397740031,1.9601030475564507,S,19.696604600219057,23.01360544217687
J22 Holy 2,1,"Light of Hope",{W},1143,734,409,1143,734,409,0.642169728783902,31.11836318156991,36.33159769682949,1.7377448384198602,D,20.219346049046322,20.684596577017114
J22 Holy 2,1,"Emancipation Angel",{1}{W}{W},1074,727,347,1074,727,347,0.6769087523277467,53.27412806948705,58.552063847488995,1.759311926000649,C,20.02200825309491,20.703170028818445
J22 Holy 2,1,"Stalwart Valkyrie",{3}{W},1059,703,356,1059,703,356,0.663833805476865,48.98988396709518,54.20135580960045,1.7371572808350897,C,20.05263157894737,20.646067415730336
J22 Holy 2,1,"Chains of Custody",{2}{W},1033,690,343,1033,690,343,0.6679574056147144,40.93668934865913,46.41337170785364,1.825560786398172,C,20.19855072463768,21.661807580174926
J22 Holy 2,1,"Angelic Cub",{1}{W},1017,669,348,1017,669,348,0.6578171091445427,38.817826230287864,44.11817754553637,1.7667837717495012,C,20.376681614349774,21.183908045977013
J22 Holy 2,1,"Anointer of Valor",{5}{W},879,649,230,879,649,230,0.7383390216154722,75.08822717995326,80.3068104679199,1.7395277626555452,A,20.440677966101696,22.026086956521738
J22 Holy 2,1,"Dawning Angel",{4}{W},887,648,239,887,648,239,0.7305524239007892,62.09224329345218,67.62205913163177,1.8432719460598643,B,20.109567901234566,22.610878661087867
J22 Holy 2,1,"Starnheim Aspirant",{2}{W},966,597,369,966,597,369,0.6180124223602484,39.149060650303625,44.44629815440805,1.7657458347014736,C,20.110552763819097,21.056910569105693
J22 Holy 2,1,"Pilgrim of the Ages",{2}{W},888,567,321,888,567,321,0.6385135135135135,38.02134377855843,43.369988709141154,1.7828816435275732,C,20.862433862433864,21.429906542056074
J22 Holy 2,1,"Divine Arrow",{1}{W},705,431,274,705,431,274,0.6113475177304964,40.239791662029404,45.456011675369545,1.7387400044467145,C,21.067285382830626,21.383211678832115
J22 Holy 2,1,"Defy Death",{3}{W}{W},634,374,260,634,374,260,0.5899053627760252,45.4745114664711,50.73809825836781,1.7545289306322378,C,22.25133689839572,21.807692307692307
J22 Holy 3,1,"Light of Hope",{W},1173,738,435,1173,738,435,0.629156010230179,41.937794056687096,47.14893460111065,1.737046848141187,C,21.558265582655828,21.066666666666666
J22 Holy 3,1,"Chains of Custody",{2}{W},1078,706,372,1078,706,372,0.6549165120593692,40.88165234879231,46.00755333307104,1.7086336614262438,C,21.55099150141643,21.661290322580644
J22 Holy 3,1,"Valkyrie Harbinger",{4}{W}{W},899,703,196,899,703,196,0.7819799777530589,92.0358372093333,97.19830172772211,1.720821506129607,A,21.266002844950215,21.724489795918366
J22 Holy 3,1,"Serene Steward",{1}{W},1060,661,399,1060,661,399,0.6235849056603774,40.135199488940486,45.31031287438241,1.725037795147309,C,21.222390317700455,20.99749373433584
J22 Holy 3,1,"Emancipation Angel",{1}{W}{W},996,638,358,996,638,358,0.6405622489959839,53.499514010586516,58.570706698033185,1.690397562482222,C,21.24137931034483,20.793296089385475
J22 Holy 3,1,"Inspiring Cleric",{2}{W},999,634,365,999,634,365,0.6346346346346347,46.44370734647887,51.65523136089262,1.737174671471251,C,21.826498422712934,21.986301369863014
J22 Holy 3,1,"Pilgrim of the Ages",{2}{W},1005,611,394,1005,611,394,0.6079601990049751,35.90053224946234,41.03440980230936,1.7112925176156744,D,21.667757774140753,21.29187817258883
J22 Holy 3,1,"Planar Atlas",{2},1005,584,421,1005,584,421,0.5810945273631841,27.297529535700903,32.25593761787328,1.652802694057458,D,21.022260273972602,21.18527315914489
J22 Holy 3,1,"Dawning Angel",{4}{W},883,568,315,883,568,315,0.6432616081540203,58.04488288668876,63.20152548691795,1.7188808667430644,B,21.934859154929576,21.97142857142857
J22 Holy 3,1,"Anointer of Valor",{5}{W},829,542,287,829,542,287,0.6537997587454765,70.70178622355557,75.62055077006313,1.639588182169189,B,21.83210332103321,21.9198606271777
J22 Holy 3,1,"Dawn of Hope",{1}{W},850,508,342,850,508,342,0.5976470588235294,25.11033423271878,30.258198274110384,1.7159546804638681,D,22.444881889763778,21.055555555555557
J22 Holy 3,1,"Divine Arrow",{1}{W},764,446,318,764,446,318,0.5837696335078534,41.759089208453574,46.94475759645439,1.7285561293336047,C,22.50896860986547,21.927672955974842
J22 Holy 4,1,"Faith's Fetters",{3}{W},1123,731,392,1123,731,392,0.6509349955476402,55.30868587756355,60.60409257778653,1.7651355667409958,C,22.450068399452803,23.676020408163264
J22 Holy 4,1,"Light of Hope",{W},1194,722,472,1194,722,472,0.6046901172529313,33.387759089347256,38.59987241162355,1.7373711074254317,D,22.25484764542936,22.514830508474578
J22 Holy 4,1,"Righteous Valkyrie",{2}{W},1109,719,390,1109,719,390,0.648331830477908,61.69390455003547,66.75887646116793,1.6883239703774873,B,21.411682892906814,23.23846153846154
J22 Holy 4,1,"Chains of Custody",{2}{W},1102,692,410,1102,692,410,0.6279491833030852,40.13018926638793,45.38989192507831,1.7532342195634598,C,22.228323699421967,22.973170731707317
J22 Holy 4,1,"Emancipation Angel",{1}{W}{W},1086,675,411,1086,675,411,0.6215469613259669,58.31285047152296,63.40907959611075,1.6987430415292644,B,22.235555555555557,22.48661800486618
J22 Holy 4,1,"Daybreak Chaplain",{1}{W},1067,661,406,1067,661,406,0.619493908153702,43.77227691259372,49.02249370961172,1.7500722656726684,C,22.553706505295008,23.65024630541872
J22 Holy 4,1,"Inspiring Cleric",{2}{W},995,644,351,995,644,351,0.6472361809045226,51.514758499672084,56.79845786145442,1.7612331205941134,C,22.222049689440993,24.00854700854701
J22 Holy 4,1,"Attended Healer",{3}{W},945,569,376,945,569,376,0.6021164021164022,49.867143692022296,54.96598283433978,1.6996130474391635,C,22.79261862917399,23.3031914893617
J22 Holy 4,1,"Pilgrim of the Ages",{2}{W},938,557,381,938,557,381,0.593816631130064,35.62379035143631,40.753237442398785,1.7098156969874914,D,23.310592459605026,23.144356955380577
J22 Holy 4,1,"Anointer of Valor",{5}{W},843,548,295,843,548,295,0.6500593119810202,71.42028570714984,76.38313153503552,1.6542819426285584,B,22.724452554744527,24.047457627118643
J22 Holy 4,1,"Divine Arrow",{1}{W},819,451,368,819,451,368,0.5506715506715507,37.473659808074736,42.64749108582164,1.7246104259156347,D,23.02882483370288,23.557065217391305
J22 Holy 4,1,"Pillardrop Rescuer",{4}{W},668,353,315,668,353,315,0.5284431137724551,41.68865519809664,46.75708234046068,1.689475714121345,C,24.705382436260624,23.704761904761906
J22 Insects 1,1,"Nessian Hornbeetle",{1}{G},1080,527,553,1080,527,553,0.487962962962963,42.17318387423387,47.2738036149715,1.7002065802458757,C,20.12144212523719,21.759493670886076
J22 Insects 1,1,"Giant Ladybug",{2}{G},1152,519,633,1152,519,633,0.4505208333333333,47.49483848246034,52.57803733583971,1.6943996177931242,C,20.578034682080926,21.688783570300156
J22 Insects 1,1,"Swarm Shambler",{G},992,466,526,992,466,526,0.46975806451612906,45.965020740532,51.01552812174678,1.6835024604049276,C,20.315450643776824,21.395437262357415
J22 Insects 1,1,"Caustic Caterpillar",{G},1030,462,568,1030,462,568,0.44854368932038835,34.64486007172746,39.742424752305176,1.69918822685924,D,20.78787878787879,21.024647887323944
J22 Insects 1,1,"Ironshell Beetle",{1}{G},1004,451,553,1004,451,553,0.449203187250996,33.29668000764748,38.50449223720683,1.735937409853118,D,20.456762749445677,21.658227848101266
J22 Insects 1,1,"Iridescent Hornbeetle",{4}{G},968,447,521,968,447,521,0.4617768595041322,49.75499372204777,54.91191553109793,1.718973936350055,C,21.469798657718123,21.81957773512476
J22 Insects 1,1,"Relentless Pursuit",{2}{G},982,434,548,982,434,548,0.4419551934826884,16.62531984186475,21.80933024801602,1.7280034687170907,E,21.01152073732719,21.364963503649633
J22 Insects 1,1,"Hunter's Edge",{3}{G},801,433,368,801,433,368,0.5405742821473158,57.36580152476387,62.49366241434501,1.7092869631937146,B,20.44110854503464,22.07608695652174
J22 Insects 1,1,"Duskshell Crawler",{1}{G},939,432,507,939,432,507,0.46006389776357826,36.883247436899595,41.9862811479234,1.7010112370079349,D,21.162037037037038,22.153846153846153
J22 Insects 1,1,"Crawling Sensation",{2}{G},932,373,559,932,373,559,0.4002145922746781,27.953282072550444,33.01515514380353,1.6872910237510297,D,20.76407506702413,21.48479427549195
J22 Insects 1,1,"Moldgraf Millipede",{4}{G},562,273,289,562,273,289,0.48576512455516013,52.4424447270049,57.42645565056299,1.6613369745193658,C,23.468864468864467,24.11764705882353
J22 Insects 1,1,"Nantuko Cultivator",{3}{G},2,0,2,2,0,2,0.0,1.568096623224477,21.50130948183325,6.644404286202924,E,NaN,26.0
J22 Insects 2,1,"Giant Ladybug",{2}{G},1297,565,732,1297,565,732,0.4356206630686199,42.56970775803904,47.633637190657794,1.6879764775395856,C,21.141592920353983,22.51366120218579
J22 Insects 2,1,"Zask, Skittering Swarmlord",{3}{G}{G},1045,532,513,1045,532,513,0.509090909090909,61.18165723862826,66.31325090165834,1.710531221010025,B,21.80827067669173,22.939571150097464
J22 Insects 2,1,"Circuit Mender",{3},1109,497,612,1109,497,612,0.44815148782687103,38.732356202890415,43.820285878033175,1.6959765583809208,C,21.748490945674043,22.642156862745097
J22 Insects 2,1,"Caustic Caterpillar",{G},1099,487,612,1099,487,612,0.44313011828935395,39.42074727787522,44.59497917619654,1.7247439661071047,C,21.42299794661191,22.137254901960784
J22 Insects 2,1,"Kraul Foragers",{4}{G},1024,463,561,1024,463,561,0.4521484375,55.11109035444295,60.26700235770225,1.7186373344197687,C,22.421166306695465,23.557932263814617
J22 Insects 2,1,"Ironshell Beetle",{1}{G},1037,450,587,1037,450,587,0.4339440694310511,37.396699126918385,42.52324923684826,1.7088500366432915,D,21.773333333333333,23.12265758091993
J22 Insects 2,1,"Hunter's Edge",{3}{G},832,445,387,832,445,387,0.5348557692307693,63.10667065439983,68.10598021759174,1.666436521063969,B,21.0,22.901808785529717
J22 Insects 2,1,"Relentless Pursuit",{2}{G},957,396,561,957,396,561,0.41379310344827586,6.229272291574618,11.431248281554254,1.7339919966598787,E,22.045454545454547,22.074866310160427
J22 Insects 2,1,"Crawling Sensation",{2}{G},898,362,536,898,362,536,0.40311804008908686,25.9370045087735,30.909836552800492,1.6576106813423301,D,21.10220994475138,22.44402985074627
J22 Insects 2,1,"Moldgraf Millipede",{4}{G},594,262,332,594,262,332,0.44107744107744107,44.66847972749212,49.669908122772924,1.6671427984269356,C,24.416030534351144,25.403614457831324
J22 Insects 2,1,"Kraul Harpooner",{1}{G},1,1,0,1,1,0,1.0,50.13291178774881,75.13638830346507,8.33449217190542,C,27.0,NaN
J22 Insects 3,1,"Deadbridge Goliath",{2}{G}{G},1134,632,502,1134,632,502,0.5573192239858906,58.854979205722884,63.86069631859591,1.6685723709576776,B,20.41613924050633,23.0199203187251
J22 Insects 3,1,"Giant Ladybug",{2}{G},1148,579,569,1148,579,569,0.5043554006968641,41.681610787361045,46.86309192675135,1.727160379796768,C,20.55440414507772,22.63093145869947
J22 Insects 3,1,"Nessian Hornbeetle",{1}{G},1052,564,488,1052,564,488,0.5361216730038023,42.80252697328411,47.95760139350433,1.718358140073408,C,19.99468085106383,22.682377049180328
J22 Insects 3,1,"Drudge Beetle",{1}{G},1068,541,527,1068,541,527,0.5065543071161048,38.66792427710209,43.81637591529707,1.7161505460649962,C,20.512014787430683,22.248576850094878
J22 Insects 3,1,"Iridescent Hornbeetle",{4}{G},995,513,482,995,513,482,0.5155778894472361,53.35040073325526,58.36528367511338,1.67162764728604,C,21.516569200779728,22.823651452282157
J22 Insects 3,1,"Phantom Nantuko",{2}{G},932,508,424,932,508,424,0.5450643776824035,63.44278503180683,68.65167829598799,1.7362977547270555,B,21.11023622047244,23.264150943396228
J22 Insects 3,1,"Caustic Caterpillar",{G},1010,487,523,1010,487,523,0.48217821782178216,25.7330115049327,30.86421076290779,1.7103997526583625,D,20.359342915811087,22.279158699808796
J22 Insects 3,1,"Ironshell Beetle",{1}{G},982,476,506,982,476,506,0.4847250509164969,33.11892548551374,38.29045858649614,1.723844366994133,D,20.668067226890756,22.25296442687747
J22 Insects 3,1,"Hunter's Edge",{3}{G},797,464,333,797,464,333,0.5821831869510665,49.141349114879176,54.20523966318115,1.6879635161006599,C,20.1875,22.75075075075075
J22 Insects 3,1,"Relentless Pursuit",{2}{G},880,417,463,880,417,463,0.4738636363636364,7.981353705357244,13.212024100337064,1.7435567983266067,E,21.232613908872903,22.736501079913605
J22 Insects 3,1,"Crawling Sensation",{2}{G},873,390,483,873,390,483,0.44673539518900346,30.144557327864497,35.304213641648495,1.7198854379279989,D,21.133333333333333,22.801242236024844
J22 Insects 3,1,"Nantuko Cultivator",{3}{G},2,2,0,2,2,0,1.0,57.05916618427176,80.56088380257322,7.833905872767152,B,22.0,NaN
J22 Insects 4,1,"Kraul Warrior",{1}{G},1118,513,605,1118,513,605,0.4588550983899821,49.97714653014235,55.1403958664031,1.7210831120869172,C,20.29824561403509,21.34876033057851
J22 Insects 4,1,"Zask, Skittering Swarmlord",{3}{G}{G},990,506,484,990,506,484,0.5111111111111111,61.591041198030226,66.68462587007656,1.6978615573487785,B,20.91699604743083,21.805785123966942
J22 Insects 4,1,"Giant Ladybug",{2}{G},1141,501,640,1141,501,640,0.43908851884312006,40.92074575175176,46.041175779709576,1.7068100093192717,C,20.415169660678643,21.74375
J22 Insects 4,1,"Caustic Caterpillar",{G},1073,484,589,1073,484,589,0.451071761416589,33.01754622955954,38.25666300101432,1.7463722571515923,D,20.477272727272727,21.269949066213922
J22 Insects 4,1,"Quarry Beetle",{4}{G},982,444,538,982,444,538,0.45213849287169044,50.15511737201741,55.302730879089026,1.7158711690238726,C,21.4481981981982,22.226765799256505
J22 Insects 4,1,"Rampaging Growth",{3}{G},1057,429,628,1057,429,628,0.40586565752128667,29.56399428508793,34.76170048139027,1.732568732100781,D,20.233100233100235,20.02547770700637
J22 Insects 4,1,"Ironshell Beetle",{1}{G},963,399,564,963,399,564,0.4143302180685358,23.92843820529499,29.17271520189684,1.7480923322006159,D,20.919799498746865,21.95744680851064
J22 Insects 4,1,"Hunter's Edge",{3}{G},715,385,330,715,385,330,0.5384615384615384,56.090143555410194,61.26598377016417,1.7252800715846575,C,20.23896103896104,22.633333333333333
J22 Insects 4,1,"Crawling Sensation",{2}{G},875,382,493,875,382,493,0.43657142857142855,40.534905751281805,45.687751217222655,1.7176151553136165,C,20.76439790575916,21.515212981744423
J22 Insects 4,1,"Relentless Pursuit",{2}{G},922,371,551,922,371,551,0.40238611713665945,9.960031931627109,15.25001791027476,1.7633286595492172,E,21.304582210242586,20.98185117967332
J22 Insects 4,1,"Nantuko Cultivator",{3}{G},1,0,1,1,0,1,0.0,30.030504462368484,51.25140382472126,7.073633120784258,D,NaN,18.0
J22 Inventive 1,1,"Whirler Rogue",{2}{U}{U},1037,755,282,1037,755,282,0.7280617164898746,72.01642893063499,77.54503244897592,1.8428678394469786,B,19.75364238410596,20.904255319148938
J22 Inventive 1,1,"Seat of the Synod",no cost,1173,742,431,1173,742,431,0.6325660699062233,19.48951116900173,25.02258695182714,1.8443585942751368,D,19.654986522911052,20.51276102088167
J22 Inventive 1,1,"Aviation Pioneer",{2}{U},1077,713,364,1077,713,364,0.6620241411327762,43.110989134816855,48.63405886789609,1.8410232443597447,C,19.779803646563813,21.063186813186814
J22 Inventive 1,1,"Skilled Animator",{2}{U},929,701,228,929,701,228,0.7545748116254036,73.53862240448538,79.06156961039343,1.8409824019693521,B,19.39514978601997,20.030701754385966
J22 Inventive 1,1,"Aether Spellbomb",{1},1131,684,447,1131,684,447,0.6047745358090185,21.888929249224457,27.538322970689592,1.883131240488378,D,19.95175438596491,20.798657718120804
J22 Inventive 1,1,"Gearsmith Prodigy",{U},1069,680,389,1069,680,389,0.6361085126286249,34.83805647849936,40.212446123640056,1.7914632150468977,D,19.9,20.71979434447301
J22 Inventive 1,1,"Merfolk Pupil",{1}{U},1082,649,433,1082,649,433,0.5998151571164511,28.79384901731235,34.216938394862005,1.8076964591832185,D,20.10939907550077,20.725173210161664
J22 Inventive 1,1,"Planar Atlas",{2},1013,626,387,1013,626,387,0.6179664363277394,30.46374690561223,36.0444194472023,1.8602241805300237,D,20.075079872204473,20.72093023255814
J22 Inventive 1,1,"Gearsmith Guardian",{5},911,592,319,911,592,319,0.6498353457738749,51.09136521516144,56.58993867858182,1.832857821140126,C,20.37837837837838,21.20062695924765
J22 Inventive 1,1,"Artificer's Epiphany",{2}{U},927,577,350,927,577,350,0.622437971952535,14.91145057362927,20.48573036265914,1.8580932630099563,E,20.642980935875215,20.81142857142857
J22 Inventive 1,1,"Gearseeker Serpent",{5}{U}{U},814,546,268,814,546,268,0.6707616707616708,54.80106945367327,60.39561051267063,1.8648470196657856,C,20.36263736263736,21.492537313432837
J22 Inventive 1,1,"Tezzeret, Artifice Master",{3}{U}{U},764,496,268,764,496,268,0.6492146596858639,25.16868689885635,30.749640204886987,1.8603177686768793,D,21.671370967741936,21.436567164179106
J22 Inventive 1,1,"Launch Mishap",{2}{U},631,426,205,631,426,205,0.6751188589540412,65.03504206695726,70.56330969879193,1.8427558772782227,B,20.969483568075116,23.258536585365853
J22 Inventive 2,1,"Heart-Piercer Bow",{2},1344,731,613,1344,731,613,0.5438988095238095,24.430644868869088,29.57615692766825,1.7151706862663878,D,20.870041039671683,20.125611745513865
J22 Inventive 2,1,"Seat of the Synod",no cost,1143,726,417,1143,726,417,0.6351706036745407,21.487343448350018,26.599685041161546,1.7041138642705103,D,19.961432506887054,20.86570743405276
J22 Inventive 2,1,"Vial of Dragonfire",{2},1290,721,569,1290,721,569,0.5589147286821705,36.55694351031167,41.70881712742719,1.7172912057051746,D,20.94729542302358,20.75395430579965
J22 Inventive 2,1,"Hangarback Walker",{X}{X},1142,692,450,1142,692,450,0.6059544658493871,48.99796741259066,54.07997985368468,1.6940041470313383,C,20.09248554913295,20.364444444444445
J22 Inventive 2,1,"Juggernaut",{4},1066,659,407,1066,659,407,0.6181988742964353,56.15544205366144,61.20855338110866,1.6843704424824073,C,20.333839150227618,20.707616707616708
J22 Inventive 2,1,"Whirler Rogue",{2}{U}{U},926,628,298,926,628,298,0.6781857451403888,62.63894991382604,67.73021942215135,1.6970898361084361,B,19.979299363057326,21.43959731543624
J22 Inventive 2,1,"Gearsmith Prodigy",{U},1050,623,427,1050,623,427,0.5933333333333334,36.50922761046348,41.58241796432919,1.6910634512885674,D,19.78972712680578,20.885245901639344
J22 Inventive 2,1,"Aeronaut Tinkerer",{2}{U},992,590,402,992,590,402,0.594758064516129,40.86337221474126,45.9504245471995,1.6956841108194134,C,20.816949152542374,21.253731343283583
J22 Inventive 2,1,"Renowned Weaponsmith",{1}{U},1060,583,477,1060,583,477,0.55,30.02613749834814,35.19630385957849,1.723388787076784,D,20.79073756432247,20.756813417190777
J22 Inventive 2,1,"Gearseeker Serpent",{5}{U}{U},876,567,309,876,567,309,0.6472602739726028,54.97627753542504,60.10245521945352,1.7087258946761594,C,20.64726631393298,22.210355987055017
J22 Inventive 2,1,"Aviation Pioneer",{2}{U},915,547,368,915,547,368,0.5978142076502733,50.6206797263257,55.6953107647769,1.6915436794837333,C,20.56672760511883,21.967391304347824
J22 Inventive 2,1,"Artificer's Epiphany",{2}{U},871,490,381,871,490,381,0.5625717566016073,10.94471095106162,16.043682695778624,1.6996572482390013,E,21.306122448979593,21.330708661417322
J22 Inventive 2,1,"Launch Mishap",{2}{U},486,334,152,486,334,152,0.6872427983539094,69.51876102142523,74.82900724080744,1.7700820731274045,B,21.832335329341316,23.401315789473685
J22 Inventive 3,1,"Seat of the Synod",no cost,1182,775,407,1182,775,407,0.6556683587140439,27.42391176971503,32.585593320643824,1.7205605169762648,D,19.89548387096774,19.818181818181817
J22 Inventive 3,1,"Whirler Rogue",{2}{U}{U},1081,761,320,1081,761,320,0.7039777983348752,67.02668683202972,72.16798857304342,1.713767247004565,B,19.839684625492772,20.5375
J22 Inventive 3,1,"Aether Spellbomb",{1},1202,756,446,1202,756,446,0.6289517470881864,28.180533894185693,33.51207757612514,1.7771812273131484,D,20.517195767195766,19.83408071748879
J22 Inventive 3,1,"Steel Overseer",{2},1144,736,408,1144,736,408,0.6433566433566433,48.18970946110001,53.38486936957161,1.731719969490533,C,19.839673913043477,19.301470588235293
J22 Inventive 3,1,"Aviation Pioneer",{2}{U},1049,685,364,1049,685,364,0.6530028598665396,50.53923937965631,55.66957181132828,1.7101108105573235,C,20.496350364963504,20.483516483516482
J22 Inventive 3,1,"Pilgrim's Eye",{3},1059,677,382,1059,677,382,0.6392823418319169,29.527021884136637,34.61479823043501,1.6959254487661224,D,20.382570162481535,20.138743455497384
J22 Inventive 3,1,"Gearsmith Prodigy",{U},1094,663,431,1094,663,431,0.6060329067641682,32.35454065493769,37.59049363200359,1.745317659021966,D,19.607843137254903,20.190255220417633
J22 Inventive 3,1,"Gearseeker Serpent",{5}{U}{U},959,657,302,959,657,302,0.6850886339937435,53.55957469300182,58.69300138244594,1.711142229814708,C,20.531202435312025,20.75496688741722
J22 Inventive 3,1,"Artificer's Epiphany",{2}{U},932,567,365,932,567,365,0.6083690987124464,12.618171219624903,17.701348824737696,1.6943925350375977,E,21.026455026455025,20.12876712328767
J22 Inventive 3,1,"Clockwork Hydra",{5},873,558,315,873,558,315,0.6391752577319587,47.516340312038146,52.74549645312736,1.7430520470297377,C,21.032258064516128,21.257142857142856
J22 Inventive 3,1,"Whirlermaker",{3},979,553,426,979,553,426,0.5648621041879469,31.28720472607244,36.48899177314418,1.7339290156905798,D,21.37613019891501,20.225352112676056
J22 Inventive 3,1,"Thopter Spy Network",{2}{U}{U},834,549,285,834,549,285,0.658273381294964,41.70881527441463,46.816580552132365,1.7025884259059114,C,21.395264116575593,20.049122807017543
J22 Inventive 3,1,"Launch Mishap",{2}{U},555,410,145,555,410,145,0.7387387387387387,75.21671444938316,80.6235314560649,1.8022723355605774,A,21.146341463414632,23.24137931034483
J22 Inventive 4,1,"Cogwork Assembler",{3},1464,729,735,1464,729,735,0.4979508196721312,50.55722619204988,55.66349160182136,1.7020884699238268,C,20.93278463648834,21.014965986394557
J22 Inventive 4,1,"Seat of the Synod",no cost,1191,662,529,1191,662,529,0.5558354324097398,34.233682009416,39.53186945466928,1.7660624817510915,D,20.20392749244713,20.975425330812854
J22 Inventive 4,1,"Dutiful Replicator",{3},1130,609,521,1130,609,521,0.5389380530973451,35.858292345319896,41.145856490818844,1.7625213818329828,D,21.01806239737274,21.449136276391556
J22 Inventive 4,1,"Mishra's Factory",no cost,1183,573,610,1183,573,610,0.48436179205409974,26.787009624196138,31.849709928119303,1.687566767974388,D,21.090750436300173,20.508196721311474
J22 Inventive 4,1,"Gearsmith Prodigy",{U},1038,571,467,1038,571,467,0.5500963391136802,35.791945462963106,40.954488108974175,1.720847548670356,D,20.13835376532399,21.079229122055676
J22 Inventive 4,1,"Aether Spellbomb",{1},1081,568,513,1081,568,513,0.5254394079555966,34.30046573538164,39.547250364082295,1.7489282095668837,D,21.010563380281692,20.978557504873294
J22 Inventive 4,1,"Whirler Rogue",{2}{U}{U},827,526,301,827,526,301,0.6360338573155986,63.53625799743549,68.5989180553781,1.6875533526475388,B,20.437262357414447,22.19269102990033
J22 Inventive 4,1,"Assembly-Worker",{3},996,503,493,996,503,493,0.5050200803212851,32.834616854343196,37.875265033411765,1.680216059689522,D,21.07554671968191,20.955375253549697
J22 Inventive 4,1,"Aviation Pioneer",{2}{U},907,490,417,907,490,417,0.5402425578831312,41.04915627294446,46.23460275905643,1.7284821620373236,C,21.193877551020407,21.839328537170264
J22 Inventive 4,1,"Self-Assembler",{5},919,482,437,919,482,437,0.5244831338411317,40.43287617063618,45.53377782351392,1.7003005509592475,C,21.3402489626556,21.606407322654462
J22 Inventive 4,1,"Gearseeker Serpent",{5}{U}{U},823,481,342,823,481,342,0.5844471445929527,51.04833076531786,56.108577234407605,1.6867488230299172,C,21.467775467775468,22.10233918128655
J22 Inventive 4,1,"Solemn Simulacrum",{4},881,475,406,881,475,406,0.5391600454029511,33.34400100571171,38.5548458612584,1.7369482851822293,D,21.02315789473684,21.559113300492612
J22 Inventive 4,1,"Artificer's Epiphany",{2}{U},727,383,344,727,383,344,0.5268225584594223,9.92964038833574,15.020811212994614,1.6970569415529582,E,22.284595300261095,21.58139534883721
J22 Inventive 4,1,"Launch Mishap",{2}{U},457,292,165,457,292,165,0.6389496717724289,59.98392542031855,65.20778483641504,1.7412864720321648,B,21.931506849315067,24.52121212121212
J22 Knights,1,"Kwende, Pride of Femeref",{3}{W},1087,707,380,1087,707,380,0.6504139834406624,55.890476874229975,60.83507414168379,1.6481990891512708,C,20.12022630834512,20.344736842105263
J22 Knights,1,"Danitha Capashen, Paragon",{2}{W},1069,690,379,1069,690,379,0.6454630495790459,54.962934944885276,60.09894939656852,1.7120048172277473,C,20.555072463768116,20.970976253298154
J22 Knights,1,"Chains of Custody",{2}{W},1027,642,385,1027,642,385,0.6251217137293087,35.634219990662174,40.646132313246724,1.6706374408615163,D,20.898753894080997,20.5974025974026
J22 Knights,1,"The Circle of Loyalty",{4}{W}{W},930,621,309,930,621,309,0.667741935483871,54.666511705215676,59.651282878082334,1.6615903909555534,C,20.455716586151368,19.54368932038835
J22 Knights,1,"Skyhunter Prowler",{2}{W},959,589,370,959,589,370,0.6141814389989573,51.67364590892754,56.66012164894003,1.662158580004162,C,21.088285229202036,20.535135135135135
J22 Knights,1,"Balan, Wandering Knight",{2}{W}{W},958,587,371,958,587,371,0.6127348643006263,49.41959677925956,54.4586272155069,1.6796768120824472,C,21.095400340715504,20.161725067385444
J22 Knights,1,"Syr Alin, the Lion's Claw",{3}{W}{W},898,581,317,898,581,317,0.6469933184855234,60.51747801617452,65.48857228116799,1.6570314216644881,B,20.666092943201377,21.01261829652997
J22 Knights,1,"Order of the Golden Cricket",{1}{W},1021,580,441,1021,580,441,0.5680705190989226,38.55303856825654,43.46658928826487,1.6378502400027772,C,20.708620689655174,20.217687074829932
J22 Knights,1,"Hero's Blade",{2},994,574,420,994,574,420,0.5774647887323944,40.45100987416755,45.40404430185394,1.6510114758954635,C,20.85191637630662,19.054761904761904
J22 Knights,1,"Benalish Honor Guard",{1}{W},973,560,413,973,560,413,0.5755395683453237,34.685726746665026,39.72006885936653,1.6781140375671684,D,20.455357142857142,20.079903147699756
J22 Knights,1,"Shining Armor",{1}{W},1032,548,484,1032,548,484,0.5310077519379846,24.125354467875155,29.116534902976955,1.6637268117005994,D,21.8978102189781,19.570247933884296
J22 Knights,1,"Jousting Lance",{2},1015,537,478,1015,537,478,0.529064039408867,35.75439297800483,40.74178215662198,1.6624630595390508,D,20.480446927374302,18.89958158995816
J22 Landfall 1,1,"Evolving Wilds",no cost,1112,564,548,1112,564,548,0.5071942446043165,17.079418866717404,22.187664219784676,1.7027484510224242,E,20.402482269503547,20.173357664233578
J22 Landfall 1,1,"Snapping Gnarlid",{1}{G},1065,539,526,1065,539,526,0.5061032863849765,45.45926216663093,50.492590701971466,1.677776178446846,C,20.443413729128014,20.23764258555133
J22 Landfall 1,1,"Rampaging Baloths",{4}{G}{G},898,538,360,898,538,360,0.5991091314031181,76.79983180458322,81.80511168894637,1.668426628121051,A,21.16914498141264,21.08888888888889
J22 Landfall 1,1,"Master's Rebuke",{1}{G},1050,537,513,1050,537,513,0.5114285714285715,46.97956925050662,52.047748449385935,1.6893930662931038,C,21.445065176908752,20.941520467836256
J22 Landfall 1,1,"Rampaging Growth",{3}{G},1118,531,587,1118,531,587,0.4749552772808587,33.748020148612596,38.876060120568,1.7093466573184686,D,20.930320150659135,19.233390119250426
J22 Landfall 1,1,"Canopy Baloth",{3}{G},1001,524,477,1001,524,477,0.5234765234765235,45.887036543070195,50.972360818872986,1.6951080919342638,C,21.108778625954198,20.50104821802935
J22 Landfall 1,1,"Adventuring Gear",{1},1124,512,612,1124,512,612,0.4555160142348754,34.10533178806009,39.19575899276689,1.6968090682356,D,20.92578125,19.248366013071895
J22 Landfall 1,1,"Courser of Kruphix",{1}{G}{G},845,474,371,845,474,371,0.5609467455621302,39.75992407841778,44.92978026662742,1.723285396069878,C,21.945147679324894,21.628032345013477
J22 Landfall 1,1,"Primeval Herald",{3}{G},912,464,448,912,464,448,0.5087719298245614,41.258583827911494,46.26875504266525,1.6700570715845853,C,20.967672413793103,20.910714285714285
J22 Landfall 1,1,"Oashra Cultivator",{G},1056,451,605,1056,451,605,0.4270833333333333,24.366354272589472,29.532525019944714,1.7220569157850802,D,21.824833702882483,20.04793388429752
J22 Landfall 1,1,"Turntimber Basilisk",{1}{G}{G},888,423,465,888,423,465,0.47635135135135137,38.111976653155736,43.32880302757936,1.7389421248078745,C,22.037825059101653,21.260215053763442
J22 Landfall 1,1,"Khalni Heart Expedition",{1}{G},913,406,507,913,406,507,0.44468784227820374,20.2386948681664,25.371051023864382,1.71078538523266,D,21.49014778325123,20.19921104536489
J22 Landfall 1,1,"Zendikar's Roil",{3}{G}{G},838,401,437,838,401,437,0.4785202863961814,44.27782552629195,49.26695195549519,1.6630421430677462,C,22.471321695760597,20.594965675057207
J22 Landfall 2,1,"Rampaging Growth",{3}{G},1128,499,629,1128,499,629,0.4423758865248227,28.88975210761605,33.99536249045519,1.7018701276130472,D,20.33066132264529,18.731319554848966
J22 Landfall 2,1,"Snapping Gnarlid",{1}{G},976,467,509,976,467,509,0.47848360655737704,40.144268595347576,45.33510064932355,1.7302773513253238,C,20.280513918629552,19.964636542239685
J22 Landfall 2,1,"Groundswell",{G},871,459,412,871,459,412,0.5269804822043628,40.71252984159894,45.79032358728183,1.6925979152276294,C,20.41176470588235,20.225728155339805
J22 Landfall 2,1,"Canopy Baloth",{3}{G},920,446,474,920,446,474,0.48478260869565215,53.65828228054836,58.64486013064821,1.6621926166999483,C,20.53811659192825,20.050632911392405
J22 Landfall 2,1,"Evolving Wilds",no cost,1000,444,556,1000,444,556,0.444,16.478811402445302,21.640204252660126,1.7204642834049406,E,20.216216216216218,19.10251798561151
J22 Landfall 2,1,"Avenger of Zendikar",{5}{G}{G},663,427,236,663,427,236,0.6440422322775264,81.41585356603105,86.32465836097435,1.6362682649811022,A,21.337236533957846,21.58050847457627
J22 Landfall 2,1,"Primeval Herald",{3}{G},865,411,454,865,411,454,0.4751445086705202,39.22600063023823,44.38591112294603,1.7199701642359324,C,20.951338199513383,20.629955947136565
J22 Landfall 2,1,"Turntimber Basilisk",{1}{G}{G},878,404,474,878,404,474,0.4601366742596811,36.25360653198994,41.56839637068625,1.7715966128987717,D,21.504950495049506,20.468354430379748
J22 Landfall 2,1,"Baloth Woodcrasher",{4}{G}{G},778,391,387,778,391,387,0.5025706940874036,54.18232792368471,59.21341032036602,1.677027465560439,C,21.28388746803069,20.44702842377261
J22 Landfall 2,1,"Oashra Cultivator",{G},936,364,572,936,364,572,0.3888888888888889,24.886355792713363,30.074246942713685,1.7292970500001072,D,21.087912087912088,19.115384615384617
J22 Landfall 2,1,"Fertilid",{2}{G},813,342,471,813,342,471,0.42066420664206644,25.970692425621653,31.093851327468954,1.7077196339491005,D,21.82456140350877,19.802547770700638
J22 Landfall 2,1,"Khalni Heart Expedition",{1}{G},853,336,517,853,336,517,0.3939038686987104,23.976198184431254,29.289962235785175,1.7712546837846401,D,21.303571428571427,19.359767891682786
J22 Landfall 2,1,"Broken Bond",{1}{G},656,275,381,656,275,381,0.4192073170731707,37.641908196504154,42.792535019458036,1.7168756076512932,C,22.0,20.511811023622048
J22 Law 1,1,"Archon of Justice",{3}{W}{W},1021,611,410,1021,611,410,0.5984329089128305,76.25207904976062,81.31950310473415,1.689141351657844,A,22.412438625204583,23.021951219512196
J22 Law 1,1,"Gideon's Lawkeeper",{W},1063,555,508,1063,555,508,0.522107243650047,48.25861655126344,53.32106438035453,1.68748260969703,C,22.945945945945947,22.261811023622048
J22 Law 1,1,"Nightguard Patrol",{2}{W},1110,551,559,1110,551,559,0.4963963963963964,39.94012365336077,45.0017119401262,1.6871960955884746,C,22.7513611615245,22.43649373881932
J22 Law 1,1,"Arrest",{2}{W},1053,550,503,1053,550,503,0.5223171889838556,46.31346441136286,51.43503983249461,1.7071918070439165,C,23.183636363636364,22.292246520874752
J22 Law 1,1,"Midnight Guard",{2}{W},1065,544,521,1065,544,521,0.5107981220657277,41.6324187024217,46.81950790338881,1.7290297336557026,C,22.78125,22.72936660268714
J22 Law 1,1,"Skyhunter Patrol",{2}{W}{W},1031,543,488,1031,543,488,0.5266731328806984,48.660151309196415,53.740833261686845,1.6935606508301435,C,22.83609576427256,22.491803278688526
J22 Law 1,1,"Valorous Stance",{1}{W},1050,534,516,1050,534,516,0.5085714285714286,50.44614631935246,55.508069371576404,1.6873076840746497,C,23.144194756554306,22.686046511627907
J22 Law 1,1,"Ninth Bridge Patrol",{1}{W},1040,493,547,1040,493,547,0.4740384615384615,36.66649062580897,41.79160919432488,1.70837285617197,D,22.766734279918865,21.903107861060327
J22 Law 1,1,"Magnanimous Magistrate",{5}{W},756,405,351,756,405,351,0.5357142857142857,57.942494188820405,63.045663775165,1.7010565287815322,B,24.335802469135803,23.698005698005698
J22 Law 1,1,"Divine Verdict",{3}{W},628,283,345,628,283,345,0.45063694267515925,49.356396558168846,54.569101382427895,1.7375682747530161,C,25.420494699646643,24.533333333333335
J22 Law 2,1,"Law-Rune Enforcer",{W},1081,540,541,1081,540,541,0.49953746530989823,41.53969177765597,46.71927998500916,1.7265294024510642,C,21.646296296296295,21.32532347504621
J22 Law 2,1,"Unquestioned Authority",{2}{W},1032,539,493,1032,539,493,0.5222868217054264,33.90975955518588,39.06241792443012,1.717552789748081,D,21.42300556586271,20.446247464503042
J22 Law 2,1,"Skyhunter Patrol",{2}{W}{W},1038,513,525,1038,513,525,0.49421965317919075,45.84509944945168,50.99561408254436,1.7168382110308933,C,22.033138401559455,21.226666666666667
J22 Law 2,1,"Phalanx Tactics",{1}{W},880,502,378,880,502,378,0.5704545454545454,49.54558810773127,54.76488926128135,1.7397670511833583,C,21.48605577689243,21.817460317460316
J22 Law 2,1,"Arrest",{2}{W},1062,496,566,1062,496,566,0.4670433145009416,37.85493479991168,43.0879738599409,1.744346353343074,C,21.407258064516128,21.18374558303887
J22 Law 2,1,"Midnight Guard",{2}{W},1003,487,516,1003,487,516,0.48554336989032904,42.45618298396142,47.68114329600474,1.7416534373477734,C,22.11498973305955,21.62984496124031
J22 Law 2,1,"Nightguard Patrol",{2}{W},1047,485,562,1047,485,562,0.46322827125119387,37.974926598825725,43.19666392788555,1.7405791096866097,C,22.096907216494845,21.01423487544484
J22 Law 2,1,"Decree of Justice",{X}{X}{2}{W}{W},824,472,352,824,472,352,0.5728155339805825,68.61680582536647,73.634118982258,1.6724377189638426,B,22.48093220338983,21.81534090909091
J22 Law 2,1,"Ninth Bridge Patrol",{1}{W},1012,465,547,1012,465,547,0.45948616600790515,26.537755769067743,31.805187304983427,1.7558105119718952,D,21.96989247311828,20.989031078610605
J22 Law 2,1,"Radiant's Judgment",{2}{W},822,419,403,822,419,403,0.5097323600973236,60.506571244819625,65.65553249284872,1.716320416009698,B,22.92124105011933,21.990074441687344
J22 Law 2,1,"Magnanimous Magistrate",{5}{W},729,361,368,729,361,368,0.49519890260631,50.17519324790646,55.336386682705644,1.7203978115997263,C,23.74792243767313,22.92663043478261
J22 Law 3,1,"Unquestioned Authority",{2}{W},1035,481,554,1035,481,554,0.4647342995169082,34.74110239209935,39.68330532567545,1.6474009778586987,D,22.284823284823286,20.792418772563177
J22 Law 3,1,"Nightguard Patrol",{2}{W},1107,479,628,1107,479,628,0.4327009936766034,47.26735962698673,52.3193192569816,1.6839865433316217,C,22.37787056367432,21.644904458598727
J22 Law 3,1,"Skyhunter Patrol",{2}{W}{W},1067,447,620,1067,447,620,0.4189315838800375,44.75172101659439,49.81019680541371,1.6861585962731065,C,22.221476510067113,21.864516129032257
J22 Law 3,1,"Arrest",{2}{W},1070,447,623,1070,447,623,0.4177570093457944,43.49868821978296,48.6678383384006,1.7230500395392114,C,22.612975391498882,21.69983948635634
J22 Law 3,1,"Gideon's Lawkeeper",{W},1034,443,591,1034,443,591,0.4284332688588008,41.93843858320233,47.07881194332673,1.7134577867081338,C,22.869074492099323,22.297800338409477
J22 Law 3,1,"Angelic Edict",{4}{W},960,432,528,960,432,528,0.45,53.75626672211479,58.85484574753779,1.6995263418076674,C,23.354166666666668,22.863636363636363
J22 Law 3,1,"Midnight Guard",{2}{W},1071,423,648,1071,423,648,0.3949579831932773,34.39813333575518,39.58344420100617,1.7284369550836605,D,22.699763593380613,22.089506172839506
J22 Law 3,1,"Ninth Bridge Patrol",{1}{W},1036,416,620,1036,416,620,0.4015444015444015,35.20833048938465,40.28019708240242,1.6906221976725893,D,22.341346153846153,21.704838709677418
J22 Law 3,1,"Magnanimous Magistrate",{5}{W},765,321,444,765,321,444,0.4196078431372549,49.3504113019689,54.329443817307656,1.659677505112919,C,24.445482866043612,22.86036036036036
J22 Law 3,1,"Kami of Ancient Law",{1}{W},1,0,1,1,0,1,0.0,43.159565431591695,64.02595595674023,6.955463508382846,C,NaN,26.0
J22 Law 4,1,"Michiko Konda, Truth Seeker",{3}{W},1029,518,511,1029,518,511,0.5034013605442177,57.50036508946259,62.64018904265389,1.7132746510637662,B,23.44980694980695,24.68688845401174
J22 Law 4,1,"Arrest",{2}{W},1113,517,596,1113,517,596,0.46451033243486073,42.935880116885315,48.16788378670692,1.7440012232738695,C,23.102514506769825,23.379194630872483
J22 Law 4,1,"Isamaru, Hound of Konda",{W},1089,512,577,1089,512,577,0.4701561065197429,38.199154244936594,43.58697944622584,1.7959417337630812,C,22.27734375,23.778162911611783
J22 Law 4,1,"Nightguard Patrol",{2}{W},1148,488,660,1148,488,660,0.4250871080139373,40.43988455793338,45.69177784562922,1.7506310958986107,C,23.01844262295082,23.272727272727273
J22 Law 4,1,"Skyhunter Patrol",{2}{W}{W},1050,485,565,1050,485,565,0.46190476190476193,46.00555672389682,51.20451784386976,1.7329870399909806,C,23.195876288659793,23.716814159292035
J22 Law 4,1,"Midnight Guard",{2}{W},1075,464,611,1075,464,611,0.4316279069767442,35.361687681316766,40.659105254373166,1.7658058576854678,D,24.060344827586206,23.404255319148938
J22 Law 4,1,"Ninth Bridge Patrol",{1}{W},1033,455,578,1033,455,578,0.4404646660212972,33.25646431184964,38.5239665288651,1.7558340723384882,D,23.32087912087912,23.629757785467127
J22 Law 4,1,"Murder Investigation",{1}{W},1066,444,622,1066,444,622,0.4165103189493433,23.58489403791445,28.748728358954402,1.7212781070133176,D,23.82207207207207,23.229903536977492
J22 Law 4,1,"Edifice of Authority",{3},910,387,523,910,387,523,0.42527472527472526,42.07022504834749,47.33910823610235,1.7562943959182866,C,25.42894056847545,25.078393881453156
J22 Law 4,1,"Bring to Trial",{2}{W},754,362,392,754,362,392,0.48010610079575594,57.92775888397162,63.15675943830086,1.7430001847764145,B,24.646408839779006,25.104591836734695
J22 Law 4,1,"Magnanimous Magistrate",{5}{W},803,357,446,803,357,446,0.44458281444582815,43.58963682337898,48.773490032324574,1.7279510696485312,C,25.327731092436974,25.071748878923767
J22 Law 4,1,"Kami of Ancient Law",{1}{W},1,1,0,1,1,0,1.0,50.407524945954336,75.23965939457786,8.277378149541173,C,16.0,NaN
J22 Merfolk 1,1,"Merrow Reejerey",{2}{U},1233,778,455,1233,778,455,0.6309813463098135,48.315196675704655,53.572555202197485,1.7524528421642762,C,17.674807197943444,19.87912087912088
J22 Merfolk 1,1,"Watertrap Weaver",{2}{U},1152,715,437,1152,715,437,0.6206597222222222,49.46808733754056,54.60344647793201,1.711786380130484,C,18.198601398601397,20.263157894736842
J22 Merfolk 1,1,"Crashing Tide",{2}{U},1129,708,421,1129,708,421,0.6271036315323295,19.7809526807398,24.897478802809715,1.7055087073566386,D,18.543785310734464,20.01900237529691
J22 Merfolk 1,1,"Shaper Apprentice",{1}{U},1052,676,376,1052,676,376,0.6425855513307985,45.011919753782706,50.2014475282346,1.7298425914839652,C,17.73076923076923,19.856382978723403
J22 Merfolk 1,1,"Triton Shorestalker",{U},1057,676,381,1057,676,381,0.6395458845789972,43.10583980499933,48.19067389538735,1.6949446967960067,C,17.321005917159763,19.183727034120736
J22 Merfolk 1,1,"One With the Wind",{1}{U},1022,653,369,1022,653,369,0.6389432485322897,46.16419326441746,51.213606092841154,1.6831376094745634,C,17.50842266462481,19.766937669376695
J22 Merfolk 1,1,"Storm Sculptor",{3}{U},1057,646,411,1057,646,411,0.6111636707663197,54.68991861427892,59.74437869525014,1.684820026990405,C,18.57894736842105,19.63990267639903
J22 Merfolk 1,1,"River Sneak",{1}{U},1001,631,370,1001,631,370,0.6303696303696303,38.8658099287581,43.93238959466956,1.6888598886371549,C,17.811410459587954,19.435135135135134
J22 Merfolk 1,1,"Sage of the Falls",{4}{U},951,570,381,951,570,381,0.5993690851735016,41.23372574876428,46.44004982164496,1.7354413576268937,C,19.440350877192984,20.68503937007874
J22 Merfolk 1,1,"Seafloor Oracle",{2}{U}{U},889,548,341,889,548,341,0.6164229471316085,33.55358231994447,38.87459915559586,1.773672278550464,D,18.735401459854014,20.36950146627566
J22 Merfolk 1,1,"Soul Read",{3}{U},747,391,356,747,391,356,0.5234270414993306,8.215544919372483,13.201045169713131,1.6618334167802162,E,19.833759590792837,20.46067415730337
J22 Merfolk 1,1,"Aquatic Incursion",{3}{U},573,304,269,573,304,269,0.5305410122164049,38.68381601045397,43.76803276838895,1.6947389193116604,C,19.62828947368421,20.765799256505577
J22 Merfolk 2,1,"Merrow Reejerey",{2}{U},1198,849,349,1198,849,349,0.7086811352253757,50.46687149480149,55.774531690362366,1.7692200651869596,C,17.800942285041224,20.020057306590257
J22 Merfolk 2,1,"One With the Wind",{1}{U},1095,804,291,1095,804,291,0.7342465753424657,50.97130879413362,56.190418575598855,1.739703260488411,C,17.77860696517413,19.632302405498283
J22 Merfolk 2,1,"Crashing Tide",{2}{U},1141,779,362,1141,779,362,0.6827344434706398,26.808880144240987,32.13858903766666,1.776569631141892,D,19.01540436456996,20.555248618784532
J22 Merfolk 2,1,"Svyelun of Sea and Sky",{1}{U}{U},1045,764,281,1045,764,281,0.7311004784688995,42.894507562201284,48.22345903283903,1.77631715687925,C,18.676701570680628,20.868327402135233
J22 Merfolk 2,1,"Watertrap Weaver",{2}{U},1110,745,365,1110,745,365,0.6711711711711712,43.92670549873199,49.07008569689181,1.7144600660532718,C,18.903355704697987,20.654794520547945
J22 Merfolk 2,1,"Merfolk Pupil",{1}{U},1120,737,383,1120,737,383,0.6580357142857143,32.26930965642845,37.47112976183914,1.733940035136896,D,18.861601085481684,20.114882506527415
J22 Merfolk 2,1,"Triton Shorestalker",{U},1054,733,321,1054,733,321,0.6954459203036053,47.90438875579825,53.23028030679539,1.7752971836657145,C,17.85675306957708,20.426791277258566
J22 Merfolk 2,1,"Synchronized Eviction",{4}{U},1023,710,313,1023,710,313,0.6940371456500489,29.600620948915797,34.939622036089006,1.779667029057736,D,18.823943661971832,21.23961661341853
J22 Merfolk 2,1,"River Sneak",{1}{U},1012,686,326,1012,686,326,0.6778656126482213,41.80996971615767,46.98014345497501,1.7233912462724454,C,18.026239067055393,19.947852760736197
J22 Merfolk 2,1,"Windrider Patrol",{3}{U}{U},939,654,285,939,654,285,0.6964856230031949,55.384647089744306,60.62794074073846,1.747764550331385,C,18.922018348623855,21.164912280701753
J22 Merfolk 2,1,"Saltwater Stalwart",{3}{U},937,619,318,937,619,318,0.6606189967982924,31.605624935065407,36.941658951893714,1.7786780056094358,D,19.260096930533116,21.58805031446541
J22 Merfolk 2,1,"Soul Read",{3}{U},754,454,300,754,454,300,0.6021220159151194,8.773198596107925,14.062192314488737,1.7629979061269372,E,20.707048458149778,21.206666666666667
J22 Merfolk 3,1,"Merrow Reejerey",{2}{U},1137,712,425,1137,712,425,0.6262093227792436,52.35607679368027,57.47270593537732,1.7055430472323492,C,18.05056179775281,19.87764705882353
J22 Merfolk 3,1,"One With the Wind",{1}{U},1038,656,382,1038,656,382,0.6319845857418112,50.44616412433883,55.475245410824144,1.676360428828438,C,17.73170731707317,19.706806282722514
J22 Merfolk 3,1,"Watertrap Weaver",{2}{U},1066,620,446,1066,620,446,0.5816135084427767,48.711625790090935,53.883496856268316,1.7239570220591276,C,18.6,20.251121076233183
J22 Merfolk 3,1,"Synchronized Eviction",{4}{U},1028,620,408,1028,620,408,0.603112840466926,27.97636641117762,33.05769278146773,1.6937754567633705,D,18.79193548387097,20.813725490196077
J22 Merfolk 3,1,"Triton Shorestalker",{U},1018,606,412,1018,606,412,0.5952848722986247,39.24705678459075,44.28402834716102,1.678990520856758,C,17.71947194719472,19.71359223300971
J22 Merfolk 3,1,"Crashing Tide",{2}{U},1007,593,414,1007,593,414,0.5888778550148958,28.273021801345163,33.354829442046444,1.6939358802337603,D,18.833052276559865,20.51207729468599
J22 Merfolk 3,1,"Harbinger of the Tides",{U}{U},992,592,400,992,592,400,0.5967741935483871,42.066867769524094,47.07341778507379,1.6688500051832307,C,18.631756756756758,20.665
J22 Merfolk 3,1,"Windrider Patrol",{3}{U}{U},897,560,337,897,560,337,0.6243032329988851,55.54620673000512,60.69411286222017,1.7159687107383519,C,19.15535714285714,20.474777448071215
J22 Merfolk 3,1,"Wake Thrasher",{2}{U},899,559,340,899,559,340,0.6218020022246941,53.10942600725727,58.13802742774526,1.6762004734959963,C,17.729874776386403,20.514705882352942
J22 Merfolk 3,1,"Fallowsage",{3}{U},857,476,381,857,476,381,0.5554259043173863,35.28380467142699,40.464035962460855,1.7267437636779555,D,19.134453781512605,20.63254593175853
J22 Merfolk 3,1,"Soul Read",{3}{U},721,360,361,721,360,361,0.49930651872399445,11.354125769589347,16.27522929296273,1.6403678411244615,E,19.836111111111112,20.371191135734072
J22 Merfolk 4,1,"Merrow Reejerey",{2}{U},1178,747,431,1178,747,431,0.634125636672326,45.24026325695479,50.40972772107992,1.7231548213750423,C,17.981258366800535,19.79582366589327
J22 Merfolk 4,1,"One With the Wind",{1}{U},1124,727,397,1124,727,397,0.646797153024911,53.288919913703374,58.32408454766314,1.6783882113199216,C,18.01513067400275,19.299748110831235
J22 Merfolk 4,1,"Merfolk Sovereign",{1}{U}{U},1100,718,382,1100,718,382,0.6527272727272727,50.10065108563938,55.13573490422292,1.6783612728611814,C,18.200557103064067,19.591623036649214
J22 Merfolk 4,1,"Crashing Tide",{2}{U},1125,705,420,1125,705,420,0.6266666666666667,24.876906636034857,29.921463610739913,1.6815189915683524,D,18.822695035460992,20.521428571428572
J22 Merfolk 4,1,"Triton Shorestalker",{U},1124,701,423,1124,701,423,0.6236654804270463,35.83495981293169,40.84152575151347,1.6688553128605923,D,17.82453637660485,19.51536643026005
J22 Merfolk 4,1,"Watertrap Weaver",{2}{U},1145,689,456,1145,689,456,0.6017467248908297,42.0548254028843,47.051505286348096,1.6655599611546,C,18.406386066763424,20.092105263157894
J22 Merfolk 4,1,"Saltwater Stalwart",{3}{U},1046,663,383,1046,663,383,0.6338432122370937,42.16229222692347,47.3595459847196,1.732417919265378,C,18.787330316742082,20.302872062663184
J22 Merfolk 4,1,"River Sneak",{1}{U},1067,662,405,1067,662,405,0.6204311152764761,37.72236959865707,42.65657419813887,1.6447348664939345,C,17.81419939577039,19.8320987654321
J22 Merfolk 4,1,"Windrider Patrol",{3}{U}{U},948,641,307,948,641,307,0.6761603375527426,58.06022861712776,63.26629311655905,1.7353548331437623,B,18.973478939157566,20.908794788273617
J22 Merfolk 4,1,"Library Larcenist",{2}{U},1000,576,424,1000,576,424,0.576,22.025857919344357,27.112997899408644,1.695713326688095,D,18.97222222222222,20.349056603773583
J22 Merfolk 4,1,"Soul Read",{3}{U},804,429,375,804,429,375,0.5335820895522388,13.364545091038991,18.51538757852727,1.7169474958294266,E,20.093240093240095,20.026666666666667
J22 Merfolk 4,1,"Aquatic Incursion",{3}{U},674,392,282,674,392,282,0.5816023738872403,45.7884058536007,50.85668305231993,1.6894257329064097,C,19.95408163265306,20.71276595744681
J22 Morbid 1,1,"Mortuary Mire",no cost,1256,670,586,1256,670,586,0.5334394904458599,29.713190603073894,34.95789062748429,1.7482333414701317,D,21.46716417910448,20.967576791808874
J22 Morbid 1,1,"Bone Picker",{3}{B},1098,621,477,1098,621,477,0.5655737704918032,56.130516846974025,61.402594810447006,1.7573593211576608,C,21.04830917874396,21.38993710691824
J22 Morbid 1,1,"Reave Soul",{1}{B},1138,603,535,1138,603,535,0.5298769771528998,44.79856560677217,50.12453591301735,1.775323435415058,C,21.349917081260365,21.487850467289718
J22 Morbid 1,1,"Durable Coilbug",{1}{B},1140,586,554,1140,586,554,0.5140350877192983,39.81119209328068,45.09299990757425,1.7606026047645236,C,21.37713310580205,21.306859205776174
J22 Morbid 1,1,"Tragic Slip",{B},1106,582,524,1106,582,524,0.5262206148282098,38.36058275450546,43.77418362541105,1.8045336236351974,C,21.936426116838486,21.708015267175572
J22 Morbid 1,1,"Suspicious Shambler",{3}{B},1045,556,489,1045,556,489,0.5320574162679426,46.20774788985707,51.48956593701874,1.7606060157205572,C,21.93884892086331,21.85276073619632
J22 Morbid 1,1,"Reaper from the Abyss",{3}{B}{B}{B},797,553,244,797,553,244,0.6938519447929736,87.91177813010272,93.04271688271467,1.7103129175373195,A,22.023508137432188,22.954918032786885
J22 Morbid 1,1,"Disciple of Perdition",{1}{B},1026,531,495,1026,531,495,0.5175438596491229,35.113248100410075,40.50733869605649,1.7980301985488063,D,22.05838041431262,21.993939393939392
J22 Morbid 1,1,"Liliana's Steward",{B},1045,519,526,1045,519,526,0.4966507177033493,33.52014725041076,38.729340072131535,1.7363976072402592,D,21.238921001926784,21.64448669201521
J22 Morbid 1,1,"Morkrut Banshee",{3}{B}{B},956,505,451,956,505,451,0.5282426778242678,45.75874644712762,50.92084190420698,1.7206984856931211,C,22.19009900990099,21.997782705099777
J22 Morbid 1,1,"Wakedancer",{2}{B},1009,485,524,1009,485,524,0.48067393458870167,33.40696653553405,38.63802797849291,1.743687147652951,D,21.956701030927835,21.748091603053435
J22 Morbid 1,1,"Village Rites",{B},929,474,455,929,474,455,0.5102260495156081,12.509764826586167,17.831759882596867,1.7739983520035667,E,22.286919831223628,21.29010989010989
J22 Morbid 2,1,"Mortuary Mire",no cost,1231,651,580,1231,651,580,0.528838342810723,29.503442459287655,34.6667654961509,1.721107678954415,D,21.546850998463903,20.760344827586206
J22 Morbid 2,1,"Tragic Slip",{B},1173,638,535,1173,638,535,0.5439045183290707,41.11259423204746,46.334053096554655,1.740486288169063,C,21.80564263322884,21.4803738317757
J22 Morbid 2,1,"Bone Picker",{3}{B},1137,632,505,1137,632,505,0.55584872471416,51.39940519839075,56.5603730976203,1.7203226330765158,C,21.123417721518987,21.49108910891089
J22 Morbid 2,1,"Reave Soul",{1}{B},1109,611,498,1109,611,498,0.5509467989179441,44.776032082222855,50.01177422395756,1.7452473805782351,C,21.600654664484452,21.40963855421687
J22 Morbid 2,1,"Skirsdag High Priest",{1}{B},1084,597,487,1084,597,487,0.5507380073800738,41.90160799285172,47.064162903062105,1.720851636736793,C,21.728643216080403,20.89322381930185
J22 Morbid 2,1,"Reassembling Skeleton",{1}{B},1104,565,539,1104,565,539,0.5117753623188406,30.73815193837002,35.928708327226374,1.730185462952118,D,21.815929203539824,21.115027829313544
J22 Morbid 2,1,"Priest of the Blood Rite",{3}{B}{B},847,549,298,847,549,298,0.6481700118063755,68.59891688193653,73.70759821789531,1.702893778652928,B,21.12568306010929,23.08053691275168
J22 Morbid 2,1,"Suspicious Shambler",{3}{B},1043,548,495,1043,548,495,0.5254074784276127,41.44541679065955,46.72716311640471,1.7605821085817202,C,21.766423357664234,21.444444444444443
J22 Morbid 2,1,"Liliana's Steward",{B},1044,547,497,1044,547,497,0.5239463601532567,34.24097458372809,39.41283366492909,1.7239530270670007,D,21.484460694698356,21.150905432595575
J22 Morbid 2,1,"Village Rites",{B},1040,531,509,1040,531,509,0.510576923076923,4.398015735988185,9.648649032344428,1.7502110987854145,E,22.178907721280602,20.903732809430256
J22 Morbid 2,1,"Wakedancer",{2}{B},1034,517,517,1034,517,517,0.5,33.638338664837896,38.820292190058254,1.7273178417401196,D,21.61121856866538,21.433268858800773
J22 Morbid 2,1,"Morkrut Banshee",{3}{B}{B},919,486,433,919,486,433,0.528835690968444,46.71591378993499,51.87708999259414,1.7203920675530509,C,22.39917695473251,21.658198614318707
J22 Morbid 2,1,"Vampiric Rites",{B},1003,471,532,1003,471,532,0.4695912263210369,10.852326429514662,16.174075923157773,1.7739164978810371,E,22.484076433121018,20.582706766917294
J22 Multi-Headed 1,1,"Hydra's Growth",{2}{G},1018,533,485,1018,533,485,0.5235756385068763,50.522018576408584,55.55562480943544,1.6778687443422862,C,19.371482176360225,19.795876288659795
J22 Multi-Headed 1,1,"Scale the Heights",{2}{G},1018,510,508,1018,510,508,0.5009823182711198,30.47163558251101,35.59218595144283,1.706850122977273,D,20.288235294117648,20.12007874015748
J22 Multi-Headed 1,1,"Ilysian Caryatid",{1}{G},1130,509,621,1130,509,621,0.4504424778761062,25.236775805187058,30.27592090066552,1.6797150318261536,D,20.31041257367387,19.914653784219002
J22 Multi-Headed 1,1,"Domesticated Hydra",{2}{G}{G},1049,496,553,1049,496,553,0.47283126787416585,47.47068812839166,52.33207263896305,1.6204615035237981,C,21.118951612903224,20.164556962025316
J22 Multi-Headed 1,1,"Benevolent Hydra",{X}{G}{G},909,475,434,909,475,434,0.5225522552255225,57.62933846997396,62.56888852359646,1.6465166845408352,B,20.926315789473684,20.525345622119815
J22 Multi-Headed 1,1,"Servant of the Scale",{G},1006,472,534,1006,472,534,0.4691848906560636,32.398145005906,37.39663921554487,1.6661647365462902,D,19.911016949152543,20.01123595505618
J22 Multi-Headed 1,1,"Feral Hydra",{X}{G},947,471,476,947,471,476,0.49736008447729674,51.59786812107596,56.73220973389173,1.7114472042719227,C,20.819532908704883,19.892857142857142
J22 Multi-Headed 1,1,"Adventurous Impulse",{G},986,454,532,986,454,532,0.460446247464503,16.846996915525573,21.890570135293785,1.6811910732560702,E,20.5,20.048872180451127
J22 Multi-Headed 1,1,"Hunter's Edge",{3}{G},788,444,344,788,444,344,0.5634517766497462,52.13712209008475,57.09294048566184,1.6519394651923631,C,20.22072072072072,20.802325581395348
J22 Multi-Headed 1,1,"Clockwork Hydra",{5},752,369,383,752,369,383,0.49069148936170215,50.53777954371659,55.59618282721581,1.6861344278330743,C,21.718157181571815,21.349869451697128
J22 Multi-Headed 1,1,"Fertilid",{2}{G},908,351,557,908,351,557,0.3865638766519824,26.36374378685931,31.488350922508364,1.7082023785496845,D,22.0,19.813285457809695
J22 Multi-Headed 2,1,"Hydra's Growth",{2}{G},1026,587,439,1026,587,439,0.5721247563352827,44.9681360419258,49.890305749104044,1.6407232357260808,C,18.061328790459967,18.931662870159453
J22 Multi-Headed 2,1,"Ilysian Caryatid",{1}{G},987,527,460,987,527,460,0.5339412360688957,31.738509506298698,36.85259319515441,1.7046945629519044,D,18.808349146110057,19.434782608695652
J22 Multi-Headed 2,1,"Servant of the Scale",{G},931,517,414,931,517,414,0.5553168635875403,40.26505830386346,45.156334946339754,1.630425547492097,C,18.22630560928433,19.47584541062802
J22 Multi-Headed 2,1,"Ordeal of Nylea",{1}{G},929,514,415,929,514,415,0.5532831001076426,39.74354875791112,44.74894944121223,1.6684668944337044,C,18.575875486381324,18.86024096385542
J22 Multi-Headed 2,1,"Primordial Hydra",{X}{G}{G},730,501,229,730,501,229,0.6863013698630137,75.9734795879335,80.84161016405652,1.6227101920410087,A,18.181636726546905,19.497816593886462
J22 Multi-Headed 2,1,"Domesticated Hydra",{2}{G}{G},900,493,407,900,493,407,0.5477777777777778,47.92889489175884,52.91126942088652,1.660791509709227,C,19.5131845841785,19.584766584766584
J22 Multi-Headed 2,1,"Kujar Seedsculptor",{1}{G},913,474,439,913,474,439,0.5191675794085433,35.08551870147936,40.15322627230731,1.6892358569426498,D,19.29535864978903,19.8997722095672
J22 Multi-Headed 2,1,"Hunter's Edge",{3}{G},728,471,257,728,471,257,0.646978021978022,60.08976633873611,65.20639269423776,1.7055421185005508,B,18.861995753715497,20.357976653696497
J22 Multi-Headed 2,1,"Pridemalkin",{2}{G},851,468,383,851,468,383,0.5499412455934195,45.67772315154043,50.64063718990771,1.6543046794557599,C,18.726495726495727,19.618798955613578
J22 Multi-Headed 2,1,"Benevolent Hydra",{X}{G}{G},828,452,376,828,452,376,0.5458937198067633,50.954440130750925,55.9368951946087,1.660818354619258,C,19.391592920353983,19.51063829787234
J22 Multi-Headed 2,1,"Clockwork Hydra",{5},650,344,306,650,344,306,0.5292307692307693,45.765622800994855,50.7596142088586,1.6646638026212484,C,20.747093023255815,20.643790849673202
J22 Multi-Headed 2,1,"Titanic Brawl",{1}{G},19,13,6,19,13,6,0.6842105263157895,44.46744979817431,55.88585698923378,3.8061357303531578,C,20.46153846153846,22.0
J22 Primates,1,"Ram Through",{1}{G},1028,575,453,1028,575,453,0.5593385214007782,49.51875142855801,54.618013837969855,1.6997541364706132,C,21.2,21.264900662251655
J22 Primates,1,"Silverback Shaman",{3}{G}{G},952,520,432,952,520,432,0.5462184873949579,53.97828561620243,58.9574626374303,1.6597256737426227,C,22.005769230769232,21.520833333333332
J22 Primates,1,"Kibo, Uktabi Prince",{2}{G},999,516,483,999,516,483,0.5165165165165165,49.22202138614747,54.187868230159914,1.6552822813374828,C,21.375968992248062,20.732919254658384
J22 Primates,1,"Towering Gibbon",{3}{G},913,498,415,913,498,415,0.5454545454545454,55.73653174657684,60.862406145014205,1.7086247994791233,C,22.048192771084338,22.228915662650603
J22 Primates,1,"Treetop Village",no cost,1147,468,679,1147,468,679,0.4080209241499564,27.142517079179747,32.23376828155111,1.697083734123787,D,21.44017094017094,19.27982326951399
J22 Primates,1,"Hooting Mandrills",{5}{G},904,460,444,904,460,444,0.5088495575221239,46.17184650067998,51.13466789512731,1.654273798149109,C,22.119565217391305,21.3018018018018
J22 Primates,1,"Declare Dominance",{3}{G}{G},714,457,257,714,457,257,0.6400560224089635,51.44785328015999,56.4714021423158,1.67451628738527,C,21.687089715536104,21.848249027237355
J22 Primates,1,"Wily Bandar",{G},974,451,523,974,451,523,0.46303901437371664,32.88401024351283,37.91358057940214,1.6765234452964344,D,21.982261640798225,20.7151051625239
J22 Primates,1,"Simian Brawler",{3}{G},959,450,509,959,450,509,0.4692387904066736,39.41568271790418,44.46032835793875,1.681548546678188,C,22.544444444444444,21.045186640471513
J22 Primates,1,"Cultivate",{2}{G},813,393,420,813,393,420,0.4833948339483395,18.07213083310846,23.25261623551312,1.72682846746822,E,22.129770992366414,21.573809523809523
J22 Primates,1,"Monkey Cage",{5},705,355,350,705,355,350,0.5035460992907801,48.68302516862937,53.59306201526888,1.6366789488798361,C,22.109859154929577,21.982857142857142
J22 Primates,1,"Uktabi Orangutan",{2}{G},535,239,296,535,239,296,0.44672897196261685,36.46740219527185,41.607788508409755,1.7134621043793006,D,23.368200836820083,22.320945945945947
J22 Raid 1,1,"Kari Zev, Skyship Raider",{1}{R},1002,565,437,1002,565,437,0.563872255489022,50.996084621480485,56.11761955419707,1.7071783109055276,C,17.476106194690267,20.322654462242564
J22 Raid 1,1,"Goblin Oriflamme",{1}{R},1024,536,488,1024,536,488,0.5234375,39.9259787278858,44.99383244175317,1.6892845712891242,C,18.113805970149254,19.114754098360656
J22 Raid 1,1,"Lavastep Raider",{R},971,516,455,971,516,455,0.5314109165808445,43.61893404595477,48.59784542702177,1.6596371270223338,C,18.218992248062015,20.23956043956044
J22 Raid 1,1,"Rigging Runner",{R},980,515,465,980,515,465,0.5255102040816326,36.93636548538192,41.85738083917066,1.640338451262913,D,18.4252427184466,20.50537634408602
J22 Raid 1,1,"Swaggering Corsair",{2}{R},975,499,476,975,499,476,0.5117948717948718,38.510555418872,43.49792152061687,1.6624553672482902,C,18.442885771543086,20.69747899159664
J22 Raid 1,1,"War-Name Aspirant",{1}{R},930,475,455,930,475,455,0.510752688172043,38.55309886138433,43.71643960757652,1.7211135820640648,C,18.48421052631579,20.56923076923077
J22 Raid 1,1,"Keldon Raider",{2}{R}{R},880,452,428,880,452,428,0.5136363636363637,44.68548131516163,49.61091826660395,1.6418123171474408,C,19.515486725663717,20.99532710280374
J22 Raid 1,1,"Plundering Predator",{4}{R},874,447,427,874,447,427,0.511441647597254,48.61279738860197,53.61862766777315,1.6686100930570584,C,19.57046979865772,20.868852459016395
J22 Raid 1,1,"Daring Piracy",{2}{R},852,399,453,852,399,453,0.46830985915492956,31.135944889829297,36.043577854703784,1.6358776549581617,D,19.035087719298247,19.67549668874172
J22 Raid 1,1,"Raze the Effigy",{R},545,387,158,545,387,158,0.710091743119266,59.92068998820619,65.15978597835186,1.7463653300485569,B,18.165374677002585,20.056962025316455
J22 Raid 1,1,"Storm Fleet Pyromancer",{4}{R},722,370,352,722,370,352,0.5124653739612188,47.2199708024385,52.162153399430665,1.6473941989973877,C,19.84864864864865,21.542613636363637
J22 Raid 1,1,"Firecannon Blast",{1}{R}{R},808,336,472,808,336,472,0.4158415841584158,36.006936412988466,41.01124302925391,1.6681022054218164,D,20.386904761904763,20.5614406779661
J22 Raid 2,1,"Glint-Horn Buccaneer",{1}{R}{R},1083,544,539,1083,544,539,0.5023084025854109,47.09794941855868,52.149350593322765,1.6838003915880289,C,20.700367647058822,21.666048237476808
J22 Raid 2,1,"Lightning Axe",{R},1130,542,588,1130,542,588,0.479646017699115,51.58703100073531,56.67232627934315,1.695098426202616,C,20.929889298892988,21.700680272108844
J22 Raid 2,1,"Plundering Predator",{4}{R},915,478,437,915,478,437,0.5224043715846994,59.03000237394268,64.0510117914168,1.6736698058247066,B,21.418410041841003,22.551487414187644
J22 Raid 2,1,"War-Name Aspirant",{1}{R},983,464,519,983,464,519,0.47202441505595116,38.82773127328571,44.0458974580302,1.7393887282481646,C,19.661637931034484,21.612716763005782
J22 Raid 2,1,"Keldon Raider",{2}{R}{R},953,458,495,953,458,495,0.4805876180482686,43.99234983741933,49.03138891989987,1.679679694160179,C,21.270742358078603,22.082828282828284
J22 Raid 2,1,"Rigging Runner",{R},967,451,516,967,451,516,0.46639089968976216,33.43520989143147,38.64319641176389,1.7359955067774722,D,20.035476718403547,21.484496124031008
J22 Raid 2,1,"Swaggering Corsair",{2}{R},988,444,544,988,444,544,0.4493927125506073,39.638144663450404,44.76250486165601,1.708120066068536,C,20.57207207207207,21.862132352941178
J22 Raid 2,1,"Immersturm Raider",{1}{R},943,441,502,943,441,502,0.4676564156945917,37.20999001755825,42.35210863656856,1.714039539670104,D,20.029478458049887,21.784860557768923
J22 Raid 2,1,"Storm Fleet Pyromancer",{4}{R},800,378,422,800,378,422,0.4725,42.51464640028424,47.47855705409425,1.6546368846033368,C,21.891534391534393,22.24170616113744
J22 Raid 2,1,"Daring Piracy",{2}{R},891,376,515,891,376,515,0.4219977553310887,36.99132789935972,42.04006414668353,1.6829120824412684,D,21.48404255319149,21.151456310679613
J22 Raid 2,1,"Firecannon Blast",{1}{R}{R},924,366,558,924,366,558,0.3961038961038961,37.94347103880639,42.92460049448209,1.660376485225233,C,22.1775956284153,22.008960573476703
J22 Raid 2,1,"Bag of Holding",{1},1,1,0,1,1,0,1.0,50.24048127411848,75.17853460489238,8.312684443591298,C,21.0,NaN
J22 Raid 3,1,"Axgard Cavalry",{1}{R},1128,596,532,1128,596,532,0.5283687943262412,46.58559749537802,51.78749893655277,1.7339671470582507,C,19.946308724832214,20.827067669172934
J22 Raid 3,1,"Plundering Predator",{4}{R},1024,553,471,1024,553,471,0.5400390625,53.29080202109166,58.3226450091579,1.6772809960220825,C,20.40867992766727,20.94904458598726
J22 Raid 3,1,"Keldon Raider",{2}{R}{R},1029,533,496,1029,533,496,0.5179786200194364,49.258679862890666,54.460923321478504,1.734081152862612,C,20.22889305816135,20.947580645161292
J22 Raid 3,1,"Rigging Runner",{R},992,510,482,992,510,482,0.5141129032258065,41.03811183710626,46.26757510194955,1.7431544216144288,C,19.63529411764706,20.15560165975104
J22 Raid 3,1,"Fervent Strike",{R},948,503,445,948,503,445,0.5305907172995781,35.851626202992904,41.110918150188446,1.7530973157318486,D,19.946322067594433,20.768539325842696
J22 Raid 3,1,"Mardu Heart-Piercer",{3}{R},951,463,488,951,463,488,0.4868559411146162,49.45944902106924,54.597361747996,1.7126375756422518,C,20.900647948164146,21.209016393442624
J22 Raid 3,1,"War-Name Aspirant",{1}{R},969,461,508,969,461,508,0.4757481940144479,34.400226406691544,39.49824720822279,1.6993402671770828,D,19.904555314533624,20.596456692913385
J22 Raid 3,1,"Swaggering Corsair",{2}{R},988,449,539,988,449,539,0.45445344129554655,35.46625647374324,40.425108584979625,1.6529507037454596,D,20.27839643652561,20.65491651205937
J22 Raid 3,1,"Daring Piracy",{2}{R},846,407,439,846,407,439,0.48108747044917255,32.22496131237692,37.30546836403594,1.6935023505530065,D,20.72972972972973,20.029612756264235
J22 Raid 3,1,"Storm Fleet Pyromancer",{4}{R},821,401,420,821,401,420,0.4884287454323995,50.382537024499534,55.3801352517641,1.6658660757548562,C,20.82294264339152,21.402380952380952
J22 Raid 3,1,"Firecannon Blast",{1}{R}{R},852,361,491,852,361,491,0.42370892018779344,38.00554942677967,43.14162168584973,1.7120240863566851,C,22.099722991689752,21.29938900203666
J22 Raid 3,1,"Brazen Cannonade",{3}{R},790,348,442,790,348,442,0.44050632911392407,16.840440360540352,22.08482589526551,1.7481285115750522,E,21.82471264367816,20.671945701357465
J22 Raid 4,1,"Ordeal of Purphoros",{1}{R},1038,566,472,1038,566,472,0.5452793834296724,40.66871385249503,45.61674543559408,1.6493438610330164,C,18.51766784452297,19.733050847457626
J22 Raid 4,1,"Rigging Runner",{R},975,541,434,975,541,434,0.5548717948717948,37.47944134114494,42.31407522275289,1.61154462720265,D,18.722735674676525,19.806451612903224
J22 Raid 4,1,"Keldon Raider",{2}{R}{R},973,527,446,973,527,446,0.5416238437821171,45.33934943119425,50.266838908043,1.642496492282917,C,19.78178368121442,20.39237668161435
J22 Raid 4,1,"Brazen Wolves",{2}{R},915,522,393,915,522,393,0.5704918032786885,51.444119113223266,56.28902556741776,1.614968818064831,C,18.768199233716476,20.14503816793893
J22 Raid 4,1,"War-Name Aspirant",{1}{R},974,517,457,974,517,457,0.5308008213552361,40.40691535908107,45.26876023481474,1.6206149585778902,C,19.20502901353965,20.339168490153174
J22 Raid 4,1,"Borderland Marauder",{1}{R},945,510,435,945,510,435,0.5396825396825397,45.34857428177866,50.319010257680176,1.6568119919671722,C,18.968627450980392,20.275862068965516
J22 Raid 4,1,"Swaggering Corsair",{2}{R},970,499,471,970,499,471,0.5144329896907216,37.420051633853106,42.47412076793006,1.6846897113589838,D,19.681362725450903,20.091295116772823
J22 Raid 4,1,"Plundering Predator",{4}{R},871,466,405,871,466,405,0.5350172215843858,53.28359219547577,58.167243531401084,1.6278837786417715,C,20.218884120171673,20.854320987654322
J22 Raid 4,1,"Daring Piracy",{2}{R},828,423,405,828,423,405,0.5108695652173914,40.001877259666905,44.89172368258943,1.6299488076408422,C,20.278959810874703,20.150617283950616
J22 Raid 4,1,"Storm Fleet Pyromancer",{4}{R},770,385,385,770,385,385,0.5,36.56602872324145,41.4725905851063,1.635520620621618,D,20.714285714285715,21.08051948051948
J22 Raid 4,1,"Firecannon Blast",{1}{R}{R},822,376,446,822,376,446,0.45742092457420924,37.6438539128823,42.561314341506275,1.639153476207991,C,21.074468085106382,20.437219730941703
J22 Raid 4,1,"Brazen Cannonade",{3}{R},754,350,404,754,350,404,0.46419098143236076,15.808325787530894,20.75205676233506,1.6479103249347213,E,20.794285714285714,20.06188118811881
J22 Rats,1,"Sinuous Vermin",{1}{B},1120,680,440,1120,680,440,0.6071428571428571,42.23328221235702,47.24819790854474,1.671638565395907,C,20.519117647058824,21.04090909090909
J22 Rats,1,"Ashcoat of the Shadow Swarm",{3}{B},1026,670,356,1026,670,356,0.6530214424951267,61.29253096170965,66.44982103929041,1.7190966925269204,B,20.461194029850745,21.06741573033708
J22 Rats,1,"Typhoid Rats",{B},1092,651,441,1092,651,441,0.5961538461538461,35.76132016062663,40.972834801031546,1.7371715468016389,D,20.874039938556066,21.428571428571427
J22 Rats,1,"Ulcerate",{B},1050,614,436,1050,614,436,0.5847619047619048,37.08142603069917,42.20785773310395,1.7088105674682608,D,20.905537459283387,20.254587155963304
J22 Rats,1,"Burglar Rat",{1}{B},991,572,419,991,572,419,0.5771947527749748,18.03774565166654,23.176222275142656,1.7128255411587052,E,21.181818181818183,21.293556085918855
J22 Rats,1,"Chittering Rats",{1}{B}{B},922,572,350,922,572,350,0.6203904555314533,36.60905845431981,41.787817759068886,1.7262531015830276,D,21.082167832167833,21.62857142857143
J22 Rats,1,"Crypt Rats",{2}{B},949,563,386,949,563,386,0.5932560590094836,39.80174557926953,44.839521300988864,1.679258573906445,C,21.062166962699823,21.28238341968912
J22 Rats,1,"Nezumi Bone-Reader",{1}{B},1041,552,489,1041,552,489,0.5302593659942363,23.990111649383625,29.140052119170882,1.716646823262419,D,21.615942028985508,20.87321063394683
J22 Rats,1,"Eviscerate",{3}{B},968,548,420,968,548,420,0.5661157024793388,49.772430401174184,54.77860243265715,1.668724010494322,C,21.87956204379562,21.39761904761905
J22 Rats,1,"Ogre Slumlord",{3}{B}{B},857,544,313,857,544,313,0.6347724620770129,61.406582679929954,66.40804279301017,1.667153371026738,B,21.700367647058822,21.79552715654952
J22 Rats,1,"Infiltration Lens",{1},1058,530,528,1058,530,528,0.500945179584121,8.608137663534539,13.735260725745313,1.7090410207369244,E,21.843396226415095,20.348484848484848
J22 Rats,1,"Ossuary Rats",{5}{B},550,329,221,550,329,221,0.5981818181818181,50.660268328651426,55.67427823638846,1.6713366359123456,C,24.267477203647417,24.081447963800905
J22 Scrying 1,1,"Perilous Voyage",{1}{U},1315,583,732,1315,583,732,0.4433460076045627,26.370307360199202,31.492621263258577,1.707437967686458,D,22.891938250428815,22.146174863387976
J22 Scrying 1,1,"Octoprophet",{3}{U},1191,559,632,1191,559,632,0.4693534844668346,37.729158473363945,43.003934335318505,1.7582586206515203,C,23.359570661896242,22.189873417721518
J22 Scrying 1,1,"Biblioplex Kraken",{4}{U},1137,552,585,1137,552,585,0.48548812664907653,47.16214344660785,52.20567482256863,1.6811771253202616,C,23.61231884057971,22.63760683760684
J22 Scrying 1,1,"Faerie Seer",{U},1099,522,577,1099,522,577,0.4749772520473157,33.883359882510256,38.93308799007498,1.6832427025215746,D,22.27777777777778,21.78682842287695
J22 Scrying 1,1,"Kenessos, Priest of Thassa",{1}{U},1188,518,670,1188,518,670,0.43602693602693604,28.315079106316354,33.454164638047466,1.7130285105770369,D,22.857142857142858,21.813432835820894
J22 Scrying 1,1,"Moonfolk Puzzlemaker",{2}{U},1117,517,600,1117,517,600,0.4628469113697404,39.2326430748652,44.36349360464101,1.710283509925268,C,23.290135396518377,22.165
J22 Scrying 1,1,"Preordain",{U},1154,503,651,1154,503,651,0.4358752166377816,17.983777092154092,23.30632347548541,1.7741821277771064,E,23.318091451292247,21.537634408602152
J22 Scrying 1,1,"Cryptic Serpent",{5}{U}{U},992,490,502,992,490,502,0.4939516129032258,46.664566885388275,51.78478106064052,1.7067380584174137,C,24.083673469387755,23.290836653386453
J22 Scrying 1,1,"Sage's Row Savant",{1}{U},1079,472,607,1079,472,607,0.43744207599629287,37.762669708537196,42.79456395916195,1.6772980835415834,C,22.521186440677965,22.090609555189456
J22 Scrying 1,1,"Interpret the Signs",{5}{U},902,431,471,902,431,471,0.4778270509977827,14.299532427083522,19.57382007904401,1.7580958839868288,E,24.350348027842227,22.333333333333332
J22 Scrying 1,1,"Raiders' Karve",{3},1042,423,619,1042,423,619,0.4059500959692898,32.341101494903995,37.4808950773755,1.7132645274905003,D,24.12293144208038,21.785137318255252
J22 Scrying 1,1,"No Escape",{2}{U},677,339,338,677,339,338,0.5007385524372231,60.273658978234316,65.61497500429967,1.7804386753551165,B,24.398230088495577,23.837278106508876
J22 Scrying 2,1,"Biblioplex Kraken",{4}{U},1153,554,599,1153,554,599,0.48048568950563747,46.06790823147131,51.37011299212275,1.7674015868838127,C,23.068592057761734,23.76794657762938
J22 Scrying 2,1,"Preordain",{U},1205,553,652,1205,553,652,0.4589211618257261,17.911053671489405,23.273335481786358,1.7874272700989835,E,22.59132007233273,22.682515337423315
J22 Scrying 2,1,"Anchor to the Aether",{2}{U},1169,547,622,1169,547,622,0.4679213002566296,25.995691411557274,31.28555704215615,1.7632885435329582,D,22.468007312614258,23.766881028938908
J22 Scrying 2,1,"Explorer's Scope",{1},1249,524,725,1249,524,725,0.41953562850280224,14.812869687051549,20.123302561320063,1.770144291422838,E,22.423664122137403,22.32551724137931
J22 Scrying 2,1,"Faerie Seer",{U},1115,517,598,1115,517,598,0.46367713004484307,35.65545273737117,40.97788320470422,1.7741434891110166,D,21.8568665377176,22.47324414715719
J22 Scrying 2,1,"Octoprophet",{3}{U},1131,516,615,1131,516,615,0.4562334217506631,39.257909590801376,44.601072700863895,1.7810543700208394,C,22.930232558139537,23.541463414634148
J22 Scrying 2,1,"Cryptic Serpent",{5}{U}{U},1014,503,511,1014,503,511,0.4960552268244576,55.320201931967915,60.612581872900876,1.7641266469776535,C,23.842942345924452,24.800391389432484
J22 Scrying 2,1,"Kenessos, Priest of Thassa",{1}{U},1162,500,662,1162,500,662,0.43029259896729777,30.141619507070097,35.38904778887098,1.7491427606002956,D,22.884,23.075528700906343
J22 Scrying 2,1,"Moonfolk Puzzlemaker",{2}{U},1081,489,592,1081,489,592,0.45235892691951896,38.1985968576682,43.621558041913815,1.807653728081872,C,22.631901840490798,23.81081081081081
J22 Scrying 2,1,"Augury Owl",{1}{U},1079,474,605,1079,474,605,0.4392956441149212,39.14540966023405,44.433255562444764,1.7626153007369052,C,22.51054852320675,22.66280991735537
J22 Scrying 2,1,"Condescend",{X}{U},789,385,404,789,385,404,0.4879594423320659,48.28887974377133,53.516683652035205,1.7426013027546237,C,22.21818181818182,23.952970297029704
J22 Shapeshifters,1,"Mistwalker",{2}{U},1153,637,516,1153,637,516,0.5524718126626192,48.953969369869014,54.01519302575362,1.687074551961535,C,21.86342229199372,22.011627906976745
J22 Shapeshifters,1,"Heirloom Blade",{3},1143,627,516,1143,627,516,0.5485564304461942,40.17360760335704,45.19688404198602,1.6744254795429927,C,20.917065390749602,20.399224806201552
J22 Shapeshifters,1,"Crashing Tide",{2}{U},1059,584,475,1059,584,475,0.5514636449480642,38.2179921727559,43.33263660520321,1.7048814774824375,C,22.03253424657534,22.233684210526317
J22 Shapeshifters,1,"Universal Automaton",{1},1116,582,534,1116,582,534,0.521505376344086,33.44249171766312,38.55328822135807,1.7035988345649866,D,21.915807560137456,21.692883895131086
J22 Shapeshifters,1,"Littjara Kinseekers",{3}{U},1098,578,520,1098,578,520,0.5264116575591985,45.598081843946716,50.693354770668236,1.698424308907174,C,22.508650519031143,21.925
J22 Shapeshifters,1,"Bloodline Pretender",{3},1082,565,517,1082,565,517,0.522181146025878,47.18974255152685,52.283499324290695,1.6979189242546155,C,22.072566371681415,21.870406189555126
J22 Shapeshifters,1,"Mirror Image",{2}{U},823,439,384,823,439,384,0.5334143377885784,44.70801775276513,49.81538342448323,1.7024552239060344,C,22.892938496583145,22.932291666666668
J22 Shapeshifters,1,"Gigantoplasm",{3}{U},835,430,405,835,430,405,0.5149700598802395,75.62630560855138,80.38059599290614,1.5847634614515869,A,23.25813953488372,22.44938271604938
J22 Shapeshifters,1,"Pirated Copy",{4}{U},739,402,337,739,402,337,0.543978349120433,43.33210810136672,48.380161250021374,1.6826843828848832,C,23.31592039800995,23.204747774480712
J22 Shapeshifters,1,"Lookout's Dispersal",{2}{U},632,331,301,632,331,301,0.5237341772151899,49.2026750396077,54.33155921779275,1.7096280593950177,C,21.83383685800604,22.524916943521596
J22 Shapeshifters,1,"Chilling Trap",{U},745,237,508,745,237,508,0.3181208053691275,13.991737400519721,19.082225344170336,1.6968293145502051,E,23.962025316455698,21.580708661417322
J22 Shapeshifters,1,"Amoeboid Changeling",{1}{U},1,1,0,1,1,0,1.0,53.04879099497394,77.01775704300017,7.989655349342078,C,34.0,NaN
J22 Snow,1,"Chillerpillar",{3}{U},1172,537,635,1172,537,635,0.45819112627986347,48.558844148845665,53.58893061342971,1.676695488194682,C,21.97951582867784,21.00472440944882
J22 Snow,1,"Isu the Abominable",{3}{U}{U},1055,519,536,1055,519,536,0.4919431279620853,47.54275150233963,52.62690032872243,1.6947162754609328,C,22.62042389210019,21.682835820895523
J22 Snow,1,"Pilfering Hawk",{1}{U},1083,473,610,1083,473,610,0.43674976915974145,36.064827068660534,41.10820987594697,1.6811276024288124,D,22.503171247357294,20.945901639344264
J22 Snow,1,"Shimmerdrift Vale",no cost,1097,469,628,1097,469,628,0.4275296262534184,17.815723141465742,22.90079488846551,1.695023915666589,E,22.228144989339018,20.598726114649683
J22 Snow,1,"Coldsteel Heart",{2},1044,461,583,1044,461,583,0.44157088122605365,22.449433635656046,27.547310520544535,1.6992922949628293,D,22.379609544468547,21.140651801029158
J22 Snow,1,"Avalanche Caller",{1}{U},1138,448,690,1138,448,690,0.3936731107205624,52.0383809675926,56.98498815329304,1.648869061900145,C,22.959821428571427,20.428985507246377
J22 Snow,1,"Frostpeak Yeti",{3}{U},1051,438,613,1051,438,613,0.4167459562321599,38.986596672038516,44.07676166584707,1.6967216646028525,C,23.470319634703195,21.36867862969005
J22 Snow,1,"Phyrexian Ironfoot",{3},1025,433,592,1025,433,592,0.4224390243902439,47.755322428580385,52.802365760160114,1.6823477771932442,C,23.42956120092379,21.41722972972973
J22 Snow,1,"Icebind Pillar",{2}{U},973,420,553,973,420,553,0.4316546762589928,37.892299209333125,43.031936487700406,1.7132124261224275,C,24.104761904761904,21.443037974683545
J22 Snow,1,"Berg Strider",{4}{U},895,401,494,895,401,494,0.4480446927374302,50.44195395031207,55.59155798733669,1.7165346790082068,C,23.947630922693268,22.32591093117409
J22 Snow,1,"Marit Lage's Slumber",{1}{U},962,397,565,962,397,565,0.4126819126819127,21.8408403083809,27.041799446328238,1.7336530459824455,D,23.700251889168765,20.846017699115045
J22 Snow,1,"Crippling Chill",{2}{U},790,356,434,790,356,434,0.4506329113924051,32.830786033826975,37.864263180137016,1.67782571543668,D,24.04494382022472,22.668202764976957
J22 Speedy,1,"Warcry Phoenix",{3}{R},1025,484,541,1025,484,541,0.4721951219512195,50.158011227439104,55.3595569572998,1.7338485766202316,C,18.080578512396695,18.632162661737524
J22 Speedy,1,"Bolt Hound",{2}{R},1011,459,552,1011,459,552,0.4540059347181009,42.100650489182705,47.41382731791036,1.771058942909218,C,17.56644880174292,19.217391304347824
J22 Speedy,1,"Nest Robber",{1}{R},1010,454,556,1010,454,556,0.4495049504950495,35.019318501811746,40.284313273750186,1.7549982573128127,D,17.79955947136564,19.199640287769785
J22 Speedy,1,"Fanatical Firebrand",{R},968,434,534,968,434,534,0.44834710743801653,34.23065155196446,39.54366777342162,1.7710054071523849,D,17.75115207373272,19.423220973782772
J22 Speedy,1,"Kiki-Jiki, Mirror Breaker",{2}{R}{R}{R},830,390,440,830,390,440,0.46987951807228917,51.696368448622366,56.67877842066388,1.660803324013838,C,18.856410256410257,19.168181818181818
J22 Speedy,1,"Irreverent Revelers",{2}{R},868,367,501,868,367,501,0.4228110599078341,39.273235329653446,44.512734899439614,1.7464998565953893,C,18.719346049046322,19.872255489021956
J22 Speedy,1,"Rush of Adrenaline",{R},738,363,375,738,363,375,0.491869918699187,40.879033203774824,46.08736538713774,1.7361107277876378,C,18.564738292011018,20.208
J22 Speedy,1,"Markov Warlord",{5}{R},571,363,208,571,363,208,0.6357267950963222,72.9470267138295,77.99518025535151,1.6827178471740056,B,18.520661157024794,20.283653846153847
J22 Speedy,1,"Mudbutton Torchrunner",{2}{R},817,313,504,817,313,504,0.38310893512851896,42.94444221655999,48.0932162714591,1.7162580182997034,C,19.47923322683706,19.771825396825395
J22 Speedy,1,"Swift Kick",{3}{R},724,303,421,724,303,421,0.4185082872928177,40.10358871382342,45.18327474204537,1.6932286760739832,C,19.465346534653467,20.225653206650833
J22 Speedy,1,"Fiery Conclusion",{1}{R},669,263,406,669,263,406,0.3931240657698057,28.92555843798025,34.11900858982598,1.7311500506152437,D,19.55133079847909,20.52463054187192
J22 Speedy,1,"Ardoz, Cobbler of War",{1}{R},1,1,0,1,1,0,1.0,79.23837741865118,99.39828941469162,6.719970665346813,A,18.0,NaN
J22 Spicy,1,"Loxodon Warhammer",{3},911,471,440,911,471,440,0.5170142700329309,64.4375442914886,69.27697744023916,1.6131443829168517,B,19.43099787685775,19.097727272727273
J22 Spicy,1,"Impending Doom",{2}{R},886,468,418,886,468,418,0.5282167042889391,42.055034700544304,46.929844447854805,1.6249365824368334,C,17.978632478632477,17.935406698564595
J22 Spicy,1,"Auntie Blyte, Bad Influence",{2}{R},896,455,441,896,455,441,0.5078125,63.82244214540062,68.50503413095288,1.5608639951840866,B,18.56703296703297,18.927437641723355
J22 Spicy,1,"Smoldering Efreet",{1}{R},923,436,487,923,436,487,0.4723726977248104,40.50940546158353,45.40193195860987,1.6308421656754464,C,18.38532110091743,18.973305954825463
J22 Spicy,1,"Fireslinger",{1}{R},854,425,429,854,425,429,0.49765807962529274,47.64547812740118,52.61393291962652,1.6561515974084473,C,18.614117647058823,19.452214452214452
J22 Spicy,1,"Sarkhan's Rage",{4}{R},740,391,349,740,391,349,0.5283783783783784,53.97582439043246,58.89451955000766,1.6395650531917334,C,18.485933503836318,19.584527220630374
J22 Spicy,1,"Ravenous Giant",{2}{R}{R},773,383,390,773,383,390,0.49547218628719275,48.6300866291663,53.57853418907195,1.6494825199685517,C,18.733681462140993,19.44871794871795
J22 Spicy,1,"Spear Spewer",{R},891,376,515,891,376,515,0.4219977553310887,32.40561394925105,37.480317404459086,1.691567818402679,D,18.42287234042553,18.980582524271846
J22 Spicy,1,"Aftershock",{2}{R}{R},678,325,353,678,325,353,0.47935103244837757,44.72577335692695,49.52272859825237,1.5989850804418078,C,19.16923076923077,19.402266288951843
J22 Spicy,1,"Goblin Psychopath",{3}{R},871,320,551,871,320,551,0.36739380022962115,31.28509167335096,36.07075831205428,1.5952222129011078,D,18.55,18.308529945553538
J22 Spicy,1,"Goblin Artillery",{1}{R}{R},711,318,393,711,318,393,0.4472573839662447,47.488702373391035,52.34068761683295,1.6173284144806377,C,19.028301886792452,19.1882951653944
J22 Spirits 1,1,"Chains of Custody",{2}{W},1121,640,481,1121,640,481,0.5709188224799286,38.89002478582219,44.10746710043017,1.7391474382026606,C,21.7390625,22.854469854469855
J22 Spirits 1,1,"Blessed Defiance",{W},1080,636,444,1080,636,444,0.5888888888888889,37.79117365392007,42.95414850971882,1.720991618599584,C,21.540880503144653,23.79054054054054
J22 Spirits 1,1,"Angel of Flight Alabaster",{4}{W},1005,617,388,1005,617,388,0.6139303482587065,63.20601425874656,68.29852554660827,1.6975037626205707,B,21.427876823338735,22.984536082474225
J22 Spirits 1,1,"Selfless Spirit",{1}{W},1023,607,416,1023,607,416,0.5933528836754643,50.43533362685617,55.514118525252066,1.6929282994652985,C,20.630971993410213,23.04326923076923
J22 Spirits 1,1,"Apothecary Geist",{3}{W},1018,586,432,1018,586,432,0.5756385068762279,50.221547395075945,55.37972845997371,1.719393688299256,C,21.940273037542664,23.46990740740741
J22 Spirits 1,1,"Doomed Traveler",{W},1043,572,471,1043,572,471,0.548418024928092,35.37991505328894,40.52749553112315,1.7158601592780696,D,21.164335664335663,22.910828025477706
J22 Spirits 1,1,"Gallows Warden",{4}{W},967,559,408,967,559,408,0.578076525336091,53.05717772749349,58.101181853472134,1.681334708659549,C,22.36314847942755,23.66176470588235
J22 Spirits 1,1,"Pilgrim of the Ages",{2}{W},993,539,454,993,539,454,0.5427995971802618,32.44018644718578,37.56337502952951,1.7077295274479105,D,22.21892393320965,23.515418502202643
J22 Spirits 1,1,"Mausoleum Guard",{3}{W},964,530,434,964,530,434,0.549792531120332,40.29939355268815,45.436373904618435,1.7123267839767609,C,22.07358490566038,23.29032258064516
J22 Spirits 1,1,"Eidolon of Rhetoric",{2}{W},974,516,458,974,516,458,0.5297741273100616,38.21395972948885,43.25559680944942,1.6805456933201912,C,22.978682170542637,23.888646288209607
J22 Spirits 1,1,"Not Forgotten",{1}{W},863,447,416,863,447,416,0.5179606025492468,41.20009469913424,46.3557968803193,1.7185673937283543,C,21.975391498881432,24.03846153846154
J22 Spirits 1,1,"Divine Verdict",{3}{W},604,327,277,604,327,277,0.5413907284768212,44.3312980504341,49.420238299010364,1.6963134161920874,C,23.92966360856269,25.75812274368231
J22 Spirits 2,1,"Martyr's Soul",{2}{W},1176,625,551,1176,625,551,0.5314625850340136,42.59786694846741,47.63494892762315,1.6790273263852462,C,22.7088,22.491833030852995
J22 Spirits 2,1,"Blessed Defiance",{W},1056,611,445,1056,611,445,0.5785984848484849,40.81721792752327,45.94551033931373,1.7094308039301538,C,23.175122749590834,23.982022471910113
J22 Spirits 2,1,"Chains of Custody",{2}{W},1104,577,527,1104,577,527,0.5226449275362319,38.36540972371818,43.47858867413307,1.7043929834716296,C,23.103986135181977,23.111954459203037
J22 Spirits 2,1,"Doomed Traveler",{W},1048,576,472,1048,576,472,0.549618320610687,39.27280678508502,44.319916433590215,1.6823698828350653,C,22.625,23.097457627118644
J22 Spirits 2,1,"Gallows Warden",{4}{W},985,550,435,985,550,435,0.5583756345177665,54.92225774194906,60.01819664782432,1.6986463019584188,C,23.46,24.07126436781609
J22 Spirits 2,1,"Mausoleum Guard",{3}{W},1020,546,474,1020,546,474,0.5352941176470588,46.61532649418541,51.80404900146608,1.729574169093557,C,23.164835164835164,23.20253164556962
J22 Spirits 2,1,"Devouring Light",{1}{W}{W},999,543,456,999,543,456,0.5435435435435435,49.245170964854694,54.45639017500099,1.7370730700487649,C,23.696132596685082,24.25877192982456
J22 Spirits 2,1,"Pilgrim of the Ages",{2}{W},1019,509,510,1019,509,510,0.49950932286555444,39.12681539521904,44.30518934463812,1.7261246498063605,C,23.760314341846758,23.570588235294117
J22 Spirits 2,1,"Eidolon of Rhetoric",{2}{W},992,488,504,992,488,504,0.49193548387096775,36.45574198978518,41.53898621765499,1.6944147426232683,D,24.547131147540984,23.44047619047619
J22 Spirits 2,1,"Triplicate Spirits",{4}{W}{W},820,486,334,820,486,334,0.5926829268292683,61.69396858185608,66.58817240709348,1.6314012750791338,B,23.666666666666668,24.233532934131738
J22 Spirits 2,1,"Hour of Reckoning",{4}{W}{W}{W},581,305,276,581,305,276,0.5249569707401033,65.07674691367428,70.1430100048392,1.6887543637216373,B,26.80983606557377,26.53985507246377
J22 Teamwork 1,1,"Sandstone Bridge",no cost,1149,539,610,1149,539,610,0.4691035683202785,28.0532316404412,33.05895964401134,1.6685760011900455,D,20.69016697588126,20.654098360655738
J22 Teamwork 1,1,"Moment of Triumph",{W},904,512,392,904,512,392,0.5663716814159292,49.24135067648737,54.345910969627674,1.7015200977134342,C,20.685546875,21.693877551020407
J22 Teamwork 1,1,"Taranika, Akroan Veteran",{1}{W}{W},1006,506,500,1006,506,500,0.5029821073558648,52.92499646554133,58.05256857307463,1.7091907025111008,C,20.59683794466403,21.512
J22 Teamwork 1,1,"Combat Professor",{3}{W},942,480,462,942,480,462,0.5095541401273885,55.002956046507045,60.01911295600879,1.672052303167249,C,20.908333333333335,21.549783549783548
J22 Teamwork 1,1,"Valorous Stance",{1}{W},972,477,495,972,477,495,0.49074074074074076,44.85438179743102,49.89546191457158,1.680360039046853,C,21.067085953878408,21.838383838383837
J22 Teamwork 1,1,"Agrus Kos, Eternal Soldier",{3}{W},1034,467,567,1034,467,567,0.45164410058027077,41.95471600486883,47.04852293629877,1.6979356438099802,C,21.301927194860813,21.414462081128747
J22 Teamwork 1,1,"Infantry Veteran",{W},1018,464,554,1018,464,554,0.45579567779960706,31.069118213955473,36.137352251847425,1.6894113459639837,D,20.370689655172413,20.67148014440433
J22 Teamwork 1,1,"Angelic Cub",{1}{W},1013,453,560,1013,453,560,0.4471865745310958,28.70372879477915,33.75793962351264,1.6847369429111638,D,20.598233995584987,21.021428571428572
J22 Teamwork 1,1,"Cage of Hands",{2}{W},1016,452,564,1016,452,564,0.4448818897637795,35.56873031602134,40.6988718591527,1.710047181043789,D,21.422566371681416,21.22695035460993
J22 Teamwork 1,1,"Angelic Protector",{3}{W},916,444,472,916,444,472,0.4847161572052402,45.0867147415785,50.129868053080955,1.6810511038341527,C,20.923423423423422,21.733050847457626
J22 Teamwork 1,1,"Task Force",{2}{W},923,396,527,923,396,527,0.42903575297941493,35.847826966808185,40.928555818075935,1.6935762837559165,D,21.45959595959596,21.343453510436433
J22 Teamwork 1,1,"Dragon Blood",{3},871,370,501,871,370,501,0.42479908151549944,39.01963698902705,43.91769883796036,1.6326872829777705,C,21.589189189189188,20.447105788423155
J22 Teamwork 1,1,"Cavalry Drillmaster",{1}{W},32,22,10,32,22,10,0.6875,28.012757878159846,37.78991734465522,3.2590531554984588,D,22.59090909090909,22.7
J22 Teamwork 2,1,"Combat Professor",{3}{W},1076,534,542,1076,534,542,0.4962825278810409,61.43662678915058,66.33972009870506,1.6343644365181595,B,21.196629213483146,21.498154981549817
J22 Teamwork 2,1,"Sandstone Bridge",no cost,1204,530,674,1204,530,674,0.44019933554817275,29.41262511406179,34.4884375939343,1.6919374932908366,D,21.058490566037737,20.73145400593472
J22 Teamwork 2,1,"Light of Hope",{W},1157,509,648,1157,509,648,0.4399308556611927,35.60424746326605,40.54930513049682,1.6483525557435892,D,21.25540275049116,21.006172839506174
J22 Teamwork 2,1,"Agrus Kos, Eternal Soldier",{3}{W},1068,479,589,1068,479,589,0.448501872659176,47.459422721447766,52.484747069433325,1.6751081159951866,C,21.615866388308977,21.59762308998302
J22 Teamwork 2,1,"Valorous Stance",{1}{W},1042,477,565,1042,477,565,0.45777351247600767,48.478419593680954,53.382240769371045,1.634607058563363,C,21.89517819706499,22.146902654867258
J22 Teamwork 2,1,"Tempered Veteran",{1}{W},1069,471,598,1069,471,598,0.44059869036482696,45.190967521746245,50.16688218941175,1.6586382225551681,C,22.059447983014863,21.137123745819398
J22 Teamwork 2,1,"Infantry Veteran",{W},1079,458,621,1079,458,621,0.42446709916589437,29.480513570258285,34.372950344377,1.6308122580395727,D,21.399563318777293,20.92753623188406
J22 Teamwork 2,1,"Angelic Protector",{3}{W},1001,452,549,1001,452,549,0.4515484515484515,44.896678542602636,49.91206187495433,1.6717944441172325,C,21.311946902654867,21.68488160291439
J22 Teamwork 2,1,"Angelic Cub",{1}{W},1069,438,631,1069,438,631,0.4097287184284378,34.545562930702864,39.522587558063144,1.6590082091200935,D,21.40639269406393,21.358161648177497
J22 Teamwork 2,1,"Task Force",{2}{W},1019,397,622,1019,397,622,0.38959764474975467,30.40674821004528,35.45750060208044,1.6835841306783863,D,22.634760705289672,22.0
J22 Teamwork 2,1,"Iron Bully",{3},954,367,587,954,367,587,0.38469601677148846,32.232094073284735,37.23278650115985,1.6668974759583715,D,21.47138964577657,22.05962521294719
J22 Teamwork 2,1,"Cavalry Drillmaster",{1}{W},40,18,22,40,18,22,0.45,28.825925912524553,37.90633378712399,3.0268026248664794,D,24.944444444444443,24.363636363636363
J22 Think Again 1,1,"Steelgaze Griffin",{4}{U},1257,613,644,1257,613,644,0.48766905330151156,51.914821530574756,57.23850515891494,1.7745612094467293,C,21.90701468189233,21.411490683229815
J22 Think Again 1,1,"Drag Under",{2}{U},1168,573,595,1168,573,595,0.4905821917808219,29.98310561918751,35.37882003939978,1.7985714734040896,D,21.842931937172775,21.626890756302522
J22 Think Again 1,1,"Tome Anima",{3}{U},1195,554,641,1195,554,641,0.4635983263598326,46.71031577211549,52.08774116472253,1.792475130869012,C,22.296028880866427,21.336973478939157
J22 Think Again 1,1,"Spectral Sailor",{U},1130,548,582,1130,548,582,0.4849557522123894,34.28205139202346,39.60959610932957,1.7758482391020372,D,21.10036496350365,20.65463917525773
J22 Think Again 1,1,"Mystic Skyfish",{2}{U},1134,535,599,1134,535,599,0.47178130511463845,40.08791662949809,45.35771383687937,1.7565990691270934,C,21.960747663551402,21.65108514190317
J22 Think Again 1,1,"Serum Visions",{U},1170,533,637,1170,533,637,0.45555555555555555,15.49013572568035,20.8785077235051,1.7961239992749165,E,22.168855534709195,20.740973312401884
J22 Think Again 1,1,"Teferi's Protege",{2}{U},1180,522,658,1180,522,658,0.4423728813559322,36.73824091236371,42.148607262035355,1.80345544989055,D,22.346743295019156,21.24924012158055
J22 Think Again 1,1,"Merfolk Pupil",{1}{U},1154,522,632,1154,522,632,0.45233968804159447,23.476236686625402,28.902614903840117,1.808792739071572,D,22.055555555555557,21.343354430379748
J22 Think Again 1,1,"Memorial to Genius",no cost,1242,514,728,1242,514,728,0.4138486312399356,22.852464444896626,28.298687477536014,1.8154076775464631,D,21.939688715953306,20.035714285714285
J22 Think Again 1,1,"Faerie Vandal",{1}{U},1007,501,506,1007,501,506,0.49751737835153925,46.59478696184713,51.8636039144954,1.7562723175494241,C,21.512974051896208,21.768774703557312
J22 Think Again 1,1,"Soul Read",{3}{U},1029,457,572,1029,457,572,0.44412050534499514,17.332704919842733,22.63732945217459,1.7682081774439518,E,22.772428884026258,21.70979020979021
J22 Think Again 1,1,"Jace, Arcane Strategist",{4}{U}{U},688,338,350,688,338,350,0.49127906976744184,29.372962783797384,34.92570036001486,1.8509125254058252,D,23.855029585798817,23.22
J22 Think Again 2,1,"Steelgaze Griffin",{4}{U},1181,581,600,1181,581,600,0.49195596951735815,45.925843769753506,51.075495607327454,1.7165506125246501,C,21.34595524956971,21.573333333333334
J22 Think Again 2,1,"Alandra, Sky Dreamer",{2}{U}{U},1063,534,529,1063,534,529,0.5023518344308561,53.42326976966495,58.5932181954738,1.723316141936284,C,22.310861423220974,22.045368620037806
J22 Think Again 2,1,"Teferi's Protege",{2}{U},1130,520,610,1130,520,610,0.46017699115044247,42.9502349315341,48.1320736726079,1.7272795803579342,C,21.671153846153846,21.347540983606557
J22 Think Again 2,1,"Spectral Sailor",{U},1074,506,568,1074,506,568,0.47113594040968343,32.31137790852576,37.497470864023825,1.728697651832688,D,20.934782608695652,21.322183098591548
J22 Think Again 2,1,"Mystic Skyfish",{2}{U},1102,504,598,1102,504,598,0.4573502722323049,42.99361309473415,48.27807280235177,1.761486569205873,C,21.603174603174605,21.598662207357858
J22 Think Again 2,1,"Merfolk Pupil",{1}{U},1131,501,630,1131,501,630,0.44297082228116713,26.22891782504717,31.47889192091339,1.749991365288741,D,21.656686626746506,21.515873015873016
J22 Think Again 2,1,"Tome Anima",{3}{U},1126,492,634,1126,492,634,0.4369449378330373,35.50584187331329,40.67781687055587,1.7239916657475285,D,21.983739837398375,21.585173501577287
J22 Think Again 2,1,"Faerie Vandal",{1}{U},1014,492,522,1014,492,522,0.48520710059171596,43.0720009242683,48.17345783105249,1.700485635594729,C,21.073170731707318,21.24712643678161
J22 Think Again 2,1,"Opt",{U},1133,487,646,1133,487,646,0.4298323036187114,15.089660284910217,20.199597361930763,1.703312359006849,E,21.62012320328542,21.151702786377708
J22 Think Again 2,1,"Soul Read",{3}{U},1007,464,543,1007,464,543,0.46077457795431975,16.84357170060568,22.20722130051565,1.7878831999699893,E,22.338362068965516,21.70902394106814
J22 Think Again 2,1,"Hedron Archive",{4},860,353,507,860,353,507,0.4104651162790698,20.877464262964384,26.09046722057857,1.737667652538062,D,22.611898016997166,21.613412228796843
J22 Think Again 3,1,"Teferi's Protege",{2}{U},1183,561,622,1183,561,622,0.474218089602705,39.592707299231535,44.7009340536661,1.7027422514781905,C,21.946524064171122,21.2475884244373
J22 Think Again 3,1,"Alandra, Sky Dreamer",{2}{U}{U},1089,558,531,1089,558,531,0.512396694214876,52.99041433040419,57.99635455876965,1.6686467427884857,C,22.35663082437276,22.129943502824858
J22 Think Again 3,1,"Steelgaze Griffin",{4}{U},1065,555,510,1065,555,510,0.5211267605633803,53.668549413272565,58.70800530920438,1.6798186319772712,C,22.363963963963965,22.090196078431372
J22 Think Again 3,1,"Spectral Sailor",{U},1103,538,565,1103,538,565,0.4877606527651859,34.50417380348108,39.694013425848695,1.7299465407892052,D,21.524163568773233,21.26017699115044
J22 Think Again 3,1,"Tome Anima",{3}{U},1086,512,574,1086,512,574,0.4714548802946593,41.96924800765983,47.0641537978391,1.6983019300597575,C,22.642578125,21.66724738675958
J22 Think Again 3,1,"Merfolk Pupil",{1}{U},1105,506,599,1105,506,599,0.4579185520361991,29.798405954086974,34.90618683897577,1.7025936282962657,D,21.85375494071146,21.41569282136895
J22 Think Again 3,1,"Faerie Vandal",{1}{U},983,485,498,983,485,498,0.4933875890132248,40.360836552200425,45.46333849277835,1.7008339801926404,C,21.542268041237115,21.7429718875502
J22 Think Again 3,1,"Mystic Skyfish",{2}{U},1093,482,611,1093,482,611,0.4409881061299177,27.237620854835605,32.42447192369637,1.7289503562869228,D,22.38589211618257,21.777414075286416
J22 Think Again 3,1,"Desert of the Mindful",no cost,1059,471,588,1059,471,588,0.4447592067988669,22.994481684571863,28.126333347848842,1.7106172210923265,D,21.83864118895966,20.931972789115648
J22 Think Again 3,1,"Hieroglyphic Illumination",{3}{U},973,447,526,973,447,526,0.45940390544707094,17.49862762894807,22.69346489026571,1.7316124204392127,E,22.88814317673378,21.59505703422053
J22 Think Again 3,1,"Lay Claim",{5}{U}{U},845,425,420,845,425,420,0.5029585798816568,40.12335923913183,45.296047559489594,1.7242294401192548,C,22.390588235294118,21.85
J22 Think Again 3,1,"Neutralize",{1}{U}{U},717,377,340,717,377,340,0.5258019525801952,59.07686355924082,64.33421757332408,1.7524513380277529,B,23.25994694960212,23.758823529411764
J22 Think Again 4,1,"Leave in the Dust",{3}{U},1109,568,541,1109,568,541,0.5121731289449954,24.39251343884488,29.507471272548806,1.7049859445679756,D,20.933098591549296,20.203327171903883
J22 Think Again 4,1,"Memorial to Genius",no cost,1211,546,665,1211,546,665,0.4508670520231214,25.588272129374168,30.76344331978462,1.7250570634701505,D,21.294871794871796,18.75639097744361
J22 Think Again 4,1,"Steelgaze Griffin",{4}{U},1020,538,482,1020,538,482,0.5274509803921569,49.91239454175229,54.9689093797633,1.6855049460036717,C,21.269516728624534,20.775933609958507
J22 Think Again 4,1,"Faerie Formation",{4}{U},920,520,400,920,520,400,0.5652173913043478,62.14806844709092,67.16108631258298,1.6710059551640195,B,21.263461538461538,20.8525
J22 Think Again 4,1,"Mantle of Tides",{U},1177,516,661,1177,516,661,0.43840271877655057,38.80447109291132,43.93018775270599,1.708572219931557,C,21.162790697674417,19.307110438729197
J22 Think Again 4,1,"Military Intelligence",{1}{U},1186,504,682,1186,504,682,0.42495784148397975,11.304998296510561,16.57193538565079,1.7556456963800762,E,21.40674603174603,19.156891495601172
J22 Think Again 4,1,"Spectral Sailor",{U},1020,496,524,1020,496,524,0.48627450980392156,34.78425903425807,39.918939078922584,1.7115600148881713,D,20.782258064516128,20.028625954198475
J22 Think Again 4,1,"Merfolk Pupil",{1}{U},1044,483,561,1044,483,561,0.46264367816091956,23.896647786775514,29.143014847379327,1.748789020201271,D,21.525879917184266,20.1729055258467
J22 Think Again 4,1,"Tome Anima",{3}{U},976,471,505,976,471,505,0.48258196721311475,37.32882856276811,42.48220924368856,1.7177935603068177,D,21.91932059447983,20.685148514851484
J22 Think Again 4,1,"Teferi's Protege",{2}{U},1038,467,571,1038,467,571,0.44990366088631983,27.732129653771267,32.98246582305619,1.7501120564283066,D,22.20985010706638,20.266199649737302
J22 Think Again 4,1,"Mystic Skyfish",{2}{U},969,460,509,969,460,509,0.47471620227038186,41.71895336744139,46.832912601657526,1.7046530780720464,C,21.821739130434782,20.44007858546169
J22 Think Again 4,1,"Faerie Vandal",{1}{U},840,435,405,840,435,405,0.5178571428571429,41.91771331772541,47.04888630366911,1.7103909953145664,C,21.24137931034483,20.145679012345678
J22 Think Again 4,1,"Soul Read",{3}{U},846,371,475,846,371,475,0.4385342789598109,12.49920280542337,17.71231386113642,1.7377036852376835,E,22.264150943396228,20.8
J22 Treasure 1,1,"Captain Lannery Storm",{2}{R},1109,635,474,1109,635,474,0.5725879170423805,41.82056222752286,47.04103975279279,1.7401591750899768,C,17.938582677165353,20.238396624472575
J22 Treasure 1,1,"Welding Sparks",{2}{R},1056,570,486,1056,570,486,0.5397727272727273,42.03708986279095,47.22350530131006,1.7288051461730367,C,19.37017543859649,20.51440329218107
J22 Treasure 1,1,"Sokenzan Smelter",{1}{R},1014,568,446,1014,568,446,0.5601577909270217,54.41694431190467,59.44848539185814,1.6771803599844906,C,18.276408450704224,20.40134529147982
J22 Treasure 1,1,"Goldvein Pick",{2},1024,535,489,1024,535,489,0.5224609375,30.857268542008217,36.011798056827814,1.7181765049398654,D,18.60747663551402,20.120654396728018
J22 Treasure 1,1,"Sudden Breakthrough",{1}{R},888,518,370,888,518,370,0.5833333333333334,41.78991036267608,47.00180549425434,1.7372983771927528,C,19.077220077220076,20.875675675675677
J22 Treasure 1,1,"Brazen Freebooter",{3}{R},928,504,424,928,504,424,0.5431034482758621,38.48947789744669,43.60986015410368,1.7067940855523298,C,19.71825396825397,20.79009433962264
J22 Treasure 1,1,"Dutiful Replicator",{3},959,501,458,959,501,458,0.5224191866527633,34.32958887684652,39.45388745267935,1.708099525277611,D,19.812375249501,20.65938864628821
J22 Treasure 1,1,"Goldhound",{R},928,491,437,928,491,437,0.5290948275862069,28.295112038525033,33.46891168827616,1.7245998832503746,D,18.617107942973522,20.212814645308924
J22 Treasure 1,1,"Blood Aspirant",{1}{R},958,489,469,958,489,469,0.5104384133611691,31.192073138955468,36.13353012614239,1.647152329062307,D,19.54192229038855,20.257995735607675
J22 Treasure 1,1,"Rapacious Dragon",{4}{R},839,482,357,839,482,357,0.5744934445768772,48.773849015495124,53.86983940882481,1.6986634644432281,C,19.775933609958507,21.2296918767507
J22 Treasure 1,1,"Ripscale Predator",{4}{R}{R},770,447,323,770,447,323,0.5805194805194805,64.60028210202736,69.72999553143717,1.7099044764699367,B,19.789709172259506,21.241486068111456
J22 Treasure 1,1,"Trove of Temptation",{3}{R},824,391,433,824,391,433,0.47451456310679613,26.168504838890925,31.268813942103094,1.700103034404056,D,19.77237851662404,20.198614318706696
J22 Treasure 2,1,"Welding Sparks",{2}{R},1172,599,573,1172,599,573,0.5110921501706485,40.57955434503195,45.72731205582418,1.7159192369307423,C,20.290484140233723,21.445026178010473
J22 Treasure 2,1,"Rapacious Dragon",{4}{R},996,577,419,996,577,419,0.5793172690763052,50.45178790092115,55.45124567802892,1.6664859257025904,C,19.960138648180244,21.897374701670646
J22 Treasure 2,1,"Improvised Weaponry",{2}{R},1040,576,464,1040,576,464,0.5538461538461539,48.26888938241959,53.36922634550505,1.7001123210284876,C,20.12847222222222,21.58189655172414
J22 Treasure 2,1,"Professional Face-Breaker",{2}{R},1006,559,447,1006,559,447,0.5556660039761432,39.55034523011309,44.7064836544332,1.7187128081067031,C,19.71556350626118,21.451901565995527
J22 Treasure 2,1,"Goldvein Pick",{2},1039,557,482,1039,557,482,0.53609239653513,29.040694733291915,34.206771344235946,1.7220255369813433,D,19.070017953321365,21.282157676348547
J22 Treasure 2,1,"Dutiful Replicator",{3},1041,551,490,1041,551,490,0.5292987512007685,39.336114720643124,44.508749563333936,1.7242116142302708,C,19.94010889292196,21.80204081632653
J22 Treasure 2,1,"Reckless Fireweaver",{1}{R},1005,546,459,1005,546,459,0.5432835820895522,39.9184028711789,45.00116477837594,1.6942539690656795,C,19.749084249084248,22.08061002178649
J22 Treasure 2,1,"Goldhound",{R},1006,538,468,1006,538,468,0.5347912524850894,29.00810348282745,34.17222932739189,1.721375281521479,D,19.617100371747213,21.53205128205128
J22 Treasure 2,1,"Brazen Freebooter",{3}{R},985,521,464,985,521,464,0.5289340101522843,34.94037049713495,39.99740500233219,1.6856781683990796,D,20.287907869481767,21.92887931034483
J22 Treasure 2,1,"Blood Aspirant",{1}{R},958,489,469,958,489,469,0.5104384133611691,33.201995823536144,38.323936265064134,1.7073134805093302,D,19.738241308793455,21.582089552238806
J22 Treasure 2,1,"Barrage Ogre",{3}{R}{R},924,474,450,924,474,450,0.512987012987013,52.97389946902737,57.907182424149056,1.6444276517072276,C,20.87552742616034,22.155555555555555
J22 Treasure 2,1,"Pyre-Sledge Arsonist",{2}{R},943,472,471,943,472,471,0.5005302226935313,47.715434875046995,52.77477271306979,1.6864459460075976,C,20.531779661016948,21.426751592356688
J22 Treasure 3,1,"Goldspan Dragon",{3}{R}{R},1004,677,327,1004,677,327,0.6743027888446215,67.18691360593392,72.42531816278816,1.7461348522847462,B,18.125553914327917,20.452599388379205
J22 Treasure 3,1,"Blaze",{X}{R},1100,586,514,1100,586,514,0.5327272727272727,51.05741624080328,56.21690369491159,1.7198291513694377,C,19.353242320819113,20.52140077821012
J22 Treasure 3,1,"Welding Sparks",{2}{R},1041,562,479,1041,562,479,0.5398655139289145,45.4410599515672,50.66570246441475,1.741547504282518,C,20.03202846975089,20.609603340292274
J22 Treasure 3,1,"Dutiful Replicator",{3},1018,553,465,1018,553,465,0.5432220039292731,46.5057005088052,51.73106201144157,1.7417871675454577,C,19.580470162748643,20.40430107526882
J22 Treasure 3,1,"Goldvein Pick",{2},998,517,481,998,517,481,0.5180360721442886,34.57165088053631,39.75042336402503,1.7262574944962394,D,19.51063829787234,19.76923076923077
J22 Treasure 3,1,"Goldhound",{R},965,512,453,965,512,453,0.5305699481865285,27.744013805302348,32.79456977185619,1.6835186555179469,D,18.798828125,19.94701986754967
J22 Treasure 3,1,"Vault Robber",{1}{R},1012,511,501,1012,511,501,0.5049407114624506,36.796509439840875,41.95727093242292,1.7202538308606812,D,19.933463796477493,20.560878243512974
J22 Treasure 3,1,"Brazen Freebooter",{3}{R},907,479,428,907,479,428,0.5281146637265711,41.107523519745016,46.244547560678214,1.7123413469777324,C,19.780793319415448,21.03271028037383
J22 Treasure 3,1,"Rapacious Dragon",{4}{R},846,468,378,846,468,378,0.5531914893617021,51.23399972893642,56.42491638823002,1.7303055530978666,C,20.014957264957264,21.41005291005291
J22 Treasure 3,1,"Blood Aspirant",{1}{R},958,446,512,958,446,512,0.46555323590814196,29.243650287144398,34.44723707135726,1.7345289280709528,D,19.838565022421523,20.4609375
J22 Treasure 3,1,"Big Score",{3}{R},264,120,144,264,120,144,0.45454545454545453,17.186725041513093,22.649791931955768,1.821022296814225,E,21.408333333333335,21.243055555555557
J22 Treasure 4,1,"Gadrak, the Crown-Scourge",{2}{R},1084,574,510,1084,574,510,0.5295202952029521,61.04054957423065,66.33929269138787,1.7662477057190724,B,21.531358885017422,22.476470588235294
J22 Treasure 4,1,"Welding Sparks",{2}{R},1101,533,568,1101,533,568,0.4841053587647593,45.55804747948753,50.760244704728805,1.7340657417470915,C,21.544090056285178,22.089788732394368
J22 Treasure 4,1,"Improvised Weaponry",{2}{R},1043,521,522,1043,521,522,0.49952061361457334,46.02229086267583,51.29604724177027,1.7579187930314784,C,21.226487523992322,22.078544061302683
J22 Treasure 4,1,"Goldvein Pick",{2},1068,518,550,1068,518,550,0.4850187265917603,41.68003598722811,46.95508904482425,1.7583510191987142,C,21.001930501930502,20.954545454545453
J22 Treasure 4,1,"Rapacious Dragon",{4}{R},930,498,432,930,498,432,0.535483870967742,54.27114502007724,59.42870965849839,1.7191882128070497,C,21.335341365461847,22.613425925925927
J22 Treasure 4,1,"Dutiful Replicator",{3},1065,496,569,1065,496,569,0.46572769953051646,36.28443900320305,41.5001616844419,1.7385742270796165,D,21.183467741935484,22.25834797891037
J22 Treasure 4,1,"Brazen Freebooter",{3}{R},1037,495,542,1037,495,542,0.4773384763741562,40.85403025787813,46.076383043751584,1.740784261957818,C,21.264646464646464,22.18819188191882
J22 Treasure 4,1,"Goldhound",{R},1058,475,583,1058,475,583,0.44896030245746693,27.337914607088123,32.53016351649252,1.7307496364681327,D,20.789473684210527,21.48542024013722
J22 Treasure 4,1,"Blood Aspirant",{1}{R},1023,451,572,1023,451,572,0.44086021505376344,31.635745405047594,36.90636296894606,1.7568725212994902,D,21.059866962305986,21.71853146853147
J22 Treasure 4,1,"Gleaming Barrier",{2},1008,450,558,1008,450,558,0.44642857142857145,31.49089690800262,36.78459021071242,1.7645644342366003,D,21.764444444444443,22.154121863799283
J22 Treasure 4,1,"Trove of Temptation",{3}{R},907,377,530,907,377,530,0.41565600882028664,32.37362109151474,37.60259661595157,1.7429918414789418,D,21.864721485411142,21.99622641509434
J22 Unlucky Thirteen,1,"Blight Keeper",{B},1026,502,524,1026,502,524,0.48927875243664715,45.260126701796025,50.261909904249706,1.667261067484559,C,20.866533864541832,21.083969465648856
J22 Unlucky Thirteen,1,"Piranha Marsh",no cost,1075,464,611,1075,464,611,0.4316279069767442,17.676307127895136,22.722368134808757,1.6820203356378736,E,20.913793103448278,20.46481178396072
J22 Unlucky Thirteen,1,"Tree of Perdition",{3}{B},975,452,523,975,452,523,0.4635897435897436,54.32916904081786,59.266518884730424,1.6457832813041877,C,22.04424778761062,21.512428298279158
J22 Unlucky Thirteen,1,"Gnawing Zombie",{1}{B},1035,449,586,1035,449,586,0.43381642512077295,39.41457754468881,44.361552817888786,1.648991757733325,C,21.425389755011135,21.068259385665527
J22 Unlucky Thirteen,1,"Tragic Slip",{B},981,445,536,981,445,536,0.4536187563710499,39.64813509688494,44.70224616437851,1.6847036891645215,C,22.013483146067415,21.26679104477612
J22 Unlucky Thirteen,1,"Skirsdag Supplicant",{2}{B},1015,419,596,1015,419,596,0.412807881773399,34.37874767546445,39.34916690780594,1.6568064107804945,D,21.69928400954654,20.83221476510067
J22 Unlucky Thirteen,1,"Disciple of Perdition",{1}{B},988,418,570,988,418,570,0.4230769230769231,34.555928855537076,39.59321437310984,1.679095172524254,D,21.763157894736842,21.25263157894737
J22 Unlucky Thirteen,1,"Soulcage Fiend",{1}{B}{B},945,416,529,945,416,529,0.4402116402116402,40.08164257667599,45.17382236152517,1.6973932616163934,C,21.15625,20.68431001890359
J22 Unlucky Thirteen,1,"Sling-Gang Lieutenant",{3}{B},870,408,462,870,408,462,0.4689655172413793,44.82143066837211,49.70498924129432,1.627852857640737,C,22.17401960784314,21.906926406926406
J22 Unlucky Thirteen,1,"Exsanguinate",{X}{B}{B},858,405,453,858,405,453,0.47202797202797203,44.22608558828419,49.24025759160494,1.6713906677735821,C,21.977777777777778,22.08167770419426
J22 Unlucky Thirteen,1,"Triskaidekaphobia",{3}{B},885,403,482,885,403,482,0.4553672316384181,47.66392689785637,52.37414589897697,1.570073000373532,C,20.6575682382134,20.1597510373444
J22 Unlucky Thirteen,1,"Dread Rider",{5}{B},729,328,401,729,328,401,0.4499314128943759,49.523053678445905,54.52975054627463,1.6688989559429064,C,23.545731707317074,22.653366583541146
J22 Urza's,2,"Urza's Mine",no cost,1330,697,633,2148,1125,1023,0.5237430167597765,19.413576237200363,24.73178640596005,1.7727367229198958,D,21.86311111111111,20.470185728250243
J22 Urza's,1,"Urza's Factory",no cost,1348,689,659,1348,689,659,0.5111275964391692,24.023976005888542,29.319327049433408,1.765117014514956,D,22.78519593613933,20.522003034901367
J22 Urza's,2,"Urza's Power Plant",no cost,1268,666,602,2048,1075,973,0.52490234375,15.548788829891913,20.86962871828184,1.7736132961299762,E,21.86325581395349,20.484069886947584
J22 Urza's,3,"Urza's Tower",no cost,1188,611,577,2361,1215,1146,0.5146124523506989,13.980461157561258,19.30649249092204,1.775343777786927,E,21.682304526748972,20.29581151832461
J22 Urza's,1,"Walking Ballista",{X}{X},1103,571,532,1103,571,532,0.5176790571169537,35.170272628165904,40.38364970963959,1.7377923604912293,D,22.21015761821366,20.922932330827066
J22 Urza's,1,"Expedition Map",{1},1138,565,573,1138,565,573,0.4964850615114236,14.825112933943553,20.12568464993888,1.766857238665109,E,22.890265486725664,20.7347294938918
J22 Urza's,1,"Golem Artisan",{5},1057,559,498,1057,559,498,0.5288552507095553,43.28833383500253,48.56510787254161,1.7589246791796938,C,22.942754919499105,21.285140562248998
J22 Urza's,1,"Locthwain Gargoyle",{1},1120,557,563,1120,557,563,0.4973214285714286,38.94797381383068,44.10531994404445,1.719115376737925,C,23.321364452423698,21.071047957371224
J22 Urza's,1,"Manakin",{2},1096,542,554,1096,542,554,0.49452554744525545,29.185423106291623,34.59200917125436,1.802195354987579,D,22.784132841328415,21.09927797833935
J22 Urza's,1,"Runed Servitor",{2},1049,537,512,1049,537,512,0.5119161105815062,39.34514636659011,44.821231184250955,1.8253616058869486,C,22.769087523277467,20.62890625
J22 Urza's,1,"Thaumaturge's Familiar",{3},1052,534,518,1052,534,518,0.5076045627376425,36.971884649176715,42.36342194023537,1.7971790970195527,D,22.9812734082397,21.247104247104247
J22 Urza's,1,"Planar Atlas",{2},1060,529,531,1060,529,531,0.4990566037735849,37.32125283210959,42.71394206342576,1.7975630771053903,D,23.47069943289225,21.069679849340865
J22 Urza's,1,"Universal Solvent",{1},1066,505,561,1066,505,561,0.47373358348968103,33.5432423536681,38.893536091439714,1.7834312459238724,D,23.40990099009901,20.69162210338681
J22 Urza's,1,"Alchemist's Vial",{2},1037,501,536,1037,501,536,0.4831243972999036,13.909489438546718,19.182209807927602,1.7575734564602947,E,23.526946107784433,21.31902985074627
J22 Urza's,1,"Karn Liberated",{7},748,498,250,748,498,250,0.6657754010695187,78.43192534284776,83.83151662226334,1.799863759805191,A,24.301204819277107,23.688
J22 Urza's,1,"Meteor Golem",{7},783,481,302,783,481,302,0.6143039591315453,69.09299211699104,74.59765107014726,1.8348863177187402,B,23.7006237006237,23.582781456953644
J22 Vehicles,1,"Lita, Mechanical Engineer",{2}{W},1017,579,438,1017,579,438,0.5693215339233039,51.23230253956602,56.25764920707867,1.6751155558375492,C,19.699481865284973,20.477168949771688
J22 Vehicles,1,"Hotshot Mechanic",{W},982,579,403,982,579,403,0.5896130346232179,48.93989508653408,54.02263657174479,1.694247161736903,C,19.001727115716754,20.34739454094293
J22 Vehicles,1,"Kitsune Ace",{1}{W},1014,527,487,1014,527,487,0.519723865877712,35.58777577703981,40.74964596293651,1.7206233952989003,D,20.026565464895636,20.53388090349076
J22 Vehicles,1,"Aerial Modification",{4}{W},699,524,175,699,524,175,0.7496423462088698,85.68823396659731,90.91527458835299,1.7423468739185572,A,19.234732824427482,20.794285714285714
J22 Vehicles,1,"Caught in the Brights",{2}{W},994,514,480,994,514,480,0.5171026156941649,40.69952951271076,45.7820761777528,1.694182221680679,C,20.124513618677042,20.65625
J22 Vehicles,1,"Sanctum Gargoyle",{3}{W},945,505,440,945,505,440,0.5343915343915344,56.370265289578484,61.436218930083555,1.6886512135016896,B,20.57821782178218,20.2
J22 Vehicles,1,"Giant Ox",{1}{W},988,500,488,988,500,488,0.5060728744939271,32.868437212811806,37.96045238735921,1.6973383915158018,D,20.644,20.91188524590164
J22 Vehicles,1,"Built to Last",{W},854,491,363,854,491,363,0.5749414519906323,28.713996267161992,33.81584691619834,1.7006168830121156,D,19.73727087576375,20.887052341597798
J22 Vehicles,1,"Aethershield Artificer",{3}{W},928,482,446,928,482,446,0.5193965517241379,45.112840993131854,50.17449467506442,1.6872178939775242,C,19.935684647302903,20.65695067264574
J22 Vehicles,1,"Peacewalker Colossus",{3},880,467,413,880,467,413,0.5306818181818181,38.196823518272595,43.26697006747482,1.690048849734075,C,19.927194860813703,19.8135593220339
J22 Vehicles,1,"Imperial Recovery Unit",{2}{W},899,455,444,899,455,444,0.5061179087875417,27.11112960562761,32.121624412998685,1.6701649357903587,D,20.58021978021978,20.0472972972973
J22 Vehicles,1,"Aradara Express",{5},836,442,394,836,442,394,0.5287081339712919,45.07038505936754,50.04180203853964,1.657138993057367,C,19.420814479638008,19.890862944162436
J22 Wolves 1,1,"Fierce Witchstalker",{2}{G}{G},1022,593,429,1022,593,429,0.5802348336594912,62.26079514965092,67.3064739250009,1.6818929251166614,B,20.642495784148398,22.48018648018648
J22 Wolves 1,1,"Wolfkin Bond",{4}{G},940,569,371,940,569,371,0.6053191489361702,52.486142260604126,57.486709502356575,1.6668557472508172,C,20.351493848857643,22.7088948787062
J22 Wolves 1,1,"Spectral Hunt-Caller",{4}{G},986,554,432,986,554,432,0.5618661257606491,51.856208118431844,56.756290272543744,1.6333607180373002,C,21.21480144404332,21.939814814814813
J22 Wolves 1,1,"Wolfwillow Haven",{1}{G},1044,548,496,1044,548,496,0.524904214559387,38.22026826815856,43.29630735481915,1.6920130288868622,C,20.846715328467152,21.02217741935484
J22 Wolves 1,1,"Arlinn, Voice of the Pack",{4}{G}{G},841,526,315,841,526,315,0.6254458977407847,65.84978232562041,70.90455765598372,1.684925110121104,B,21.58555133079848,23.631746031746033
J22 Wolves 1,1,"Packsong Pup",{1}{G},960,513,447,960,513,447,0.534375,40.35705697872149,45.39194446459038,1.6782958286229646,C,21.056530214424953,21.485458612975393
J22 Wolves 1,1,"Mild-Mannered Librarian",{G},994,489,505,994,489,505,0.4919517102615694,25.766243945814196,30.854158890517397,1.6959716482344005,D,20.34151329243354,21.750495049504952
J22 Wolves 1,1,"Wicked Wolf",{2}{G}{G},790,454,336,790,454,336,0.5746835443037974,58.06791947197483,63.14154475091067,1.6912084263119451,B,21.303964757709252,23.12202380952381
J22 Wolves 1,1,"Ferocious Pup",{2}{G},863,431,432,863,431,432,0.49942062572421786,37.09456103145892,42.086400626523286,1.663946531688121,D,21.31090487238979,22.261574074074073
J22 Wolves 1,1,"Bounding Wolf",{2}{G},794,418,376,794,418,376,0.5264483627204031,49.85354352379379,55.00099668404836,1.7158177200848581,C,21.672248803827753,23.085106382978722
J22 Wolves 1,1,"Wolf's Quarry",{4}{G}{G},619,314,305,619,314,305,0.5072697899838449,53.5897390417469,58.75284239241137,1.7210344502214872,C,23.28980891719745,24.298360655737707
J22 Wolves 1,1,"Prey Upon",{G},16,7,9,16,7,9,0.4375,17.87439255339518,31.039060264426553,4.388222570343792,E,22.0,22.555555555555557
J22 Wolves 2,1,"Master of the Wild Hunt",{2}{G}{G},916,541,375,916,541,375,0.5906113537117904,66.17139601054373,71.08434904745394,1.6376510123034038,B,20.1275415896488,21.074666666666666
J22 Wolves 2,1,"Howl of the Hunt",{2}{G},902,508,394,902,508,394,0.5631929046563193,49.589020727018145,54.47996598261886,1.6303150852002382,C,20.236220472440944,20.80710659898477
J22 Wolves 2,1,"Young Wolf",{G},1017,505,512,1017,505,512,0.49655850540806296,34.84129991607841,39.91567456438181,1.6914582161011313,D,20.128712871287128,20.390625
J22 Wolves 2,1,"Spectral Hunt-Caller",{4}{G},893,487,406,893,487,406,0.5453527435610303,62.619745801789264,67.41336195753254,1.5978720519144258,B,20.468172484599588,21.04679802955665
J22 Wolves 2,1,"Mild-Mannered Librarian",{G},1002,474,528,1002,474,528,0.47305389221556887,31.507160374814923,36.574777778857374,1.6892058013474835,D,20.49367088607595,20.232954545454547
J22 Wolves 2,1,"Arlinn, Voice of the Pack",{4}{G}{G},774,474,300,774,474,300,0.6124031007751938,76.58384838527813,81.58923196826106,1.6684611943276444,A,21.29957805907173,22.026666666666667
J22 Wolves 2,1,"Pestilent Wolf",{1}{G},964,473,491,964,473,491,0.49066390041493774,39.66831682806915,44.686357729501495,1.6726803004774466,C,20.19661733615222,20.69246435845214
J22 Wolves 2,1,"Ferocious Pup",{2}{G},890,450,440,890,450,440,0.5056179775280899,46.5654215081227,51.45884587825405,1.6311414567104525,C,20.77777777777778,21.06590909090909
J22 Wolves 2,1,"Bounding Wolf",{2}{G},831,414,417,831,414,417,0.4981949458483754,45.260466020721275,50.27664835990308,1.6720607797272682,C,20.54830917874396,21.498800959232614
J22 Wolves 2,1,"Howlgeist",{5}{G},642,360,282,642,360,282,0.5607476635514018,65.28688882338378,70.07176523589135,1.5949588041691907,B,21.48611111111111,21.75531914893617
J22 Wolves 2,1,"Prey Upon",{G},14,7,7,14,7,7,0.5,26.31441791812268,37.15895814459715,3.6148467421581576,D,23.857142857142858,24.0
J22 Wolves 3,1,"Hunger of the Howlpack",{G},977,457,520,977,457,520,0.4677584442169908,39.43426303241027,44.3918136541269,1.6525168739055416,C,20.477024070021884,21.584615384615386
J22 Wolves 3,1,"Wolfwillow Haven",{1}{G},1080,454,626,1080,454,626,0.4203703703703704,28.867106217314493,33.84498147326998,1.6592917519851633,D,20.94273127753304,21.24600638977636
J22 Wolves 3,1,"Arlinn, Voice of the Pack",{4}{G}{G},854,452,402,854,452,402,0.5292740046838408,63.734938821966765,68.68274211921285,1.6492677657486943,B,21.75221238938053,22.845771144278608
J22 Wolves 3,1,"Spectral Hunt-Caller",{4}{G},996,449,547,996,449,547,0.4508032128514056,55.752598608944965,60.61908323128942,1.6221615407814867,C,20.821826280623608,21.219378427787934
J22 Wolves 3,1,"Mild-Mannered Librarian",{G},1051,434,617,1051,434,617,0.41294005708848713,35.00070836628307,40.00940240112256,1.6695646782798297,D,21.15668202764977,21.492706645056725
J22 Wolves 3,1,"Sporeback Wolf",{1}{G},1010,423,587,1010,423,587,0.4188118811881188,43.88052976785133,48.66142278849337,1.5936310068806807,C,20.822695035460992,21.255536626916523
J22 Wolves 3,1,"Kessig Cagebreakers",{4}{G},893,407,486,893,407,486,0.45576707726763716,54.04040821117371,58.906725526025824,1.6221057716173717,C,21.81081081081081,22.333333333333332
J22 Wolves 3,1,"Bounding Wolf",{2}{G},901,396,505,901,396,505,0.43951165371809103,48.4820793761793,53.4810001709752,1.6663069315986323,C,21.4520202020202,22.30891089108911
J22 Wolves 3,1,"Ferocious Pup",{2}{G},926,392,534,926,392,534,0.42332613390928725,43.81950163474406,48.900922435241384,1.69380693349911,C,21.40561224489796,22.01310861423221
J22 Wolves 3,1,"Predator's Howl",{3}{G},790,310,480,790,310,480,0.3924050632911392,38.902062252307,43.90372631724697,1.667221354979991,C,22.483870967741936,22.222916666666666
J22 Wolves 3,1,"Prey Upon",{G},18,10,8,18,10,8,0.5555555555555556,44.03512908063483,54.85018105650957,3.6050173252915796,C,24.1,23.25
J22 Wolves 4,1,"Nightpack Ambusher",{2}{G}{G},1028,663,365,1028,663,365,0.6449416342412452,62.06208210975387,67.15661556746566,1.698177819237265,B,20.401206636500753,21.73972602739726
J22 Wolves 4,1,"Briarpack Alpha",{3}{G},1065,624,441,1065,624,441,0.5859154929577465,49.0584404150919,54.27067265034005,1.7374107450827179,C,20.53205128205128,21.44671201814059
J22 Wolves 4,1,"Wolfwillow Haven",{1}{G},1077,586,491,1077,586,491,0.5441039925719592,29.450519434056233,34.6936318809248,1.747704148956188,D,20.81911262798635,20.59266802443992
J22 Wolves 4,1,"Pestilent Wolf",{1}{G},989,550,439,989,550,439,0.5561172901921132,41.24698753465668,46.4926195542131,1.748544006518805,C,20.652727272727272,21.353075170842825
J22 Wolves 4,1,"Mild-Mannered Librarian",{G},1033,546,487,1033,546,487,0.5285575992255567,30.086512713235706,35.37227300447268,1.7619200970789923,D,20.77106227106227,21.05133470225873
J22 Wolves 4,1,"Arlinn, Voice of the Pack",{4}{G}{G},824,543,281,824,543,281,0.6589805825242718,69.92799116095746,75.09631486111518,1.722774566719237,B,21.532228360957642,23.259786476868328
J22 Wolves 4,1,"Spectral Hunt-Caller",{4}{G},898,521,377,898,521,377,0.5801781737193764,53.35313627363557,58.404736931419045,1.6838668859278236,C,21.190019193857964,21.920424403183024
J22 Wolves 4,1,"Howl of the Hunt",{2}{G},882,520,362,882,520,362,0.5895691609977324,43.01672406409122,48.20784212717035,1.7303726876930428,C,20.74230769230769,22.212707182320443
J22 Wolves 4,1,"Bounding Wolf",{2}{G},851,466,385,851,466,385,0.5475910693301997,44.93255494563675,50.176290399312364,1.7479118178918718,C,21.551502145922747,21.649350649350648
J22 Wolves 4,1,"Ferocious Pup",{2}{G},866,461,405,866,461,405,0.5323325635103926,41.74963407885926,47.0370324981622,1.7624661397676475,C,21.739696312364426,21.471604938271604
J22 Wolves 4,1,"Flourishing Hunter",{4}{G}{G},689,424,265,689,424,265,0.6153846153846154,78.03636789348815,83.35282340311232,1.7721518365413922,A,22.72641509433962,23.411320754716982
J22 Wolves 4,1,"Prey Upon",{G},17,11,6,17,11,6,0.6470588235294118,25.477062572653132,38.7344074038929,4.41911494374659,D,21.363636363636363,22.833333333333332
J22 Zombies 1,1,"Gravecrawler",{B},1234,681,553,1234,681,553,0.5518638573743923,49.31416854248948,54.44841315796795,1.7114148718261548,C,20.151248164464022,21.06148282097649
J22 Zombies 1,1,"Lord of the Accursed",{2}{B},1193,645,548,1193,645,548,0.5406538139145013,51.98413292126119,57.191690317848504,1.7358524655291032,C,20.44496124031008,20.84124087591241
J22 Zombies 1,1,"Suspicious Shambler",{3}{B},1140,625,515,1140,625,515,0.5482456140350878,54.747665889511026,59.955039366690215,1.7357911590597297,C,21.3456,22.089320388349513
J22 Zombies 1,1,"Deadly Plot",{3}{B},1124,592,532,1124,592,532,0.5266903914590747,41.748929944909406,46.827772482820336,1.6929475126369755,C,21.2652027027027,21.55263157894737
J22 Zombies 1,1,"Mire Triton",{1}{B},1022,571,451,1022,571,451,0.5587084148727984,39.32786017585663,44.60163259563679,1.7579241399267191,C,20.46584938704028,22.097560975609756
J22 Zombies 1,1,"Dead Weight",{B},1060,562,498,1060,562,498,0.530188679245283,50.67998200973074,55.925881440375036,1.7486331435480975,C,21.193950177935942,21.63855421686747
J22 Zombies 1,1,"Crow of Dark Tidings",{2}{B},1005,529,476,1005,529,476,0.5263681592039801,46.15909286785463,51.24498013397511,1.695295755373493,C,20.965973534971646,21.653361344537814
J22 Zombies 1,1,"Gravedigger",{3}{B},985,504,481,985,504,481,0.5116751269035533,42.35936365278116,47.64336158311488,1.7613326434445735,C,21.654761904761905,21.941787941787943
J22 Zombies 1,1,"Maalfeld Twins",{5}{B},844,469,375,844,469,375,0.5556872037914692,60.401034059781196,65.55978765118708,1.7195845304686288,B,22.618336886993603,23.464
J22 Zombies 1,1,"Cemetery Recruitment",{1}{B},763,371,392,763,371,392,0.48623853211009177,30.1044499962885,35.2405963146435,1.7120487727849993,D,22.638814016172507,22.441326530612244
J22 Zombies 1,1,"Karfell Kennel-Master",{4}{B},58,41,17,58,41,17,0.7068965517241379,40.55511240940403,49.428666505946005,2.9578513655139904,C,21.658536585365855,23.470588235294116
J22 Zombies 2,1,"Lord of the Accursed",{2}{B},1308,784,524,1308,784,524,0.599388379204893,57.75203779014569,62.84185755263393,1.6966065874960807,B,20.582908163265305,21.230916030534353
J22 Zombies 2,1,"Suspicious Shambler",{3}{B},1266,733,533,1266,733,533,0.5789889415481833,50.62872145923719,55.602334662905555,1.6578710678894544,C,21.383356070941336,22.4765478424015
J22 Zombies 2,1,"Deadly Plot",{3}{B},1118,660,458,1118,660,458,0.590339892665474,50.589290724580096,55.84479924855712,1.7518361746590105,C,21.35151515151515,21.85589519650655
J22 Zombies 2,1,"Dead Weight",{B},1092,598,494,1092,598,494,0.5476190476190477,33.381852656319396,38.656306839472926,1.7581513943845104,D,21.18896321070234,21.937246963562753
J22 Zombies 2,1,"Crow of Dark Tidings",{2}{B},1032,594,438,1032,594,438,0.5755813953488372,39.82943005758888,44.91465921680777,1.6950763864062957,C,20.939393939393938,22.011415525114156
J22 Zombies 2,1,"Stitcher's Supplier",{B},1061,586,475,1061,586,475,0.5523091423185674,17.778936614683925,22.910092853677376,1.7103854129978175,E,20.523890784982935,21.905263157894737
J22 Zombies 2,1,"Returned Reveler",{1}{B},1068,565,503,1068,565,503,0.5290262172284644,36.81322291724081,41.90321705403096,1.6966647122633856,D,21.090265486725663,21.836978131212724
J22 Zombies 2,1,"Maalfeld Twins",{5}{B},923,548,375,923,548,375,0.5937161430119177,60.07609923075948,65.11600529790503,1.6799686890485181,B,22.62773722627737,23.288
J22 Zombies 2,1,"Gravedigger",{3}{B},1009,543,466,1009,543,466,0.5381565906838454,37.62550335029351,42.74266410918945,1.7057202529653124,C,21.953959484346225,21.663090128755364
J22 Zombies 2,1,"Liliana, Death's Majesty",{3}{B}{B},792,492,300,792,492,300,0.6212121212121212,47.05630867137201,52.186116313594475,1.709935880740821,C,21.51219512195122,23.016666666666666
J22 Zombies 2,1,"Cemetery Recruitment",{1}{B},782,436,346,782,436,346,0.5575447570332481,30.856258815183807,35.999509498565395,1.7144168944605296,D,22.119266055045873,22.5
J22 Zombies 2,1,"Ghoulraiser",{1}{B}{B},602,330,272,602,330,272,0.5481727574750831,35.5219175265357,40.54679493049517,1.6749591346531552,D,23.203030303030303,24.102941176470587
J22 Zombies 3,1,"Suspicious Shambler",{3}{B},1141,678,463,1141,678,463,0.5942156003505696,49.42284351128687,54.376011673713826,1.6510560541423172,C,21.883480825958703,21.390928725701944
J22 Zombies 3,1,"Lord of the Accursed",{2}{B},1132,669,463,1132,669,463,0.5909893992932862,49.81351114970502,54.66651535514176,1.617668068478914,C,20.93423019431988,20.62634989200864
J22 Zombies 3,1,"Mire Triton",{1}{B},1011,650,361,1011,650,361,0.6429277942631059,52.143168736720725,57.24803656120587,1.7016226081617158,C,21.31692307692308,21.202216066481995
J22 Zombies 3,1,"Deadly Plot",{3}{B},1115,636,479,1115,636,479,0.5704035874439461,44.7804004951782,49.745050689116376,1.6548833979793922,C,21.738993710691823,20.95615866388309
J22 Zombies 3,1,"Graf Harvest",{B},1055,599,456,1055,599,456,0.5677725118483412,42.9179778489707,47.844138357739695,1.6420535029229977,C,21.280467445742904,19.791666666666668
J22 Zombies 3,1,"Gnawing Zombie",{1}{B},1050,596,454,1050,596,454,0.5676190476190476,38.74684821518942,43.60483369752322,1.6193284941112678,C,21.691275167785236,21.191629955947135
J22 Zombies 3,1,"Crow of Dark Tidings",{2}{B},1018,588,430,1018,588,430,0.5776031434184676,45.35281309138472,50.21492311426702,1.6207033409607672,C,21.479591836734695,20.830232558139535
J22 Zombies 3,1,"Dead Weight",{B},1037,576,461,1037,576,461,0.5554484088717454,32.406253601300065,37.353325096744534,1.6490238318148238,D,21.609375,21.266811279826463
J22 Zombies 3,1,"Gavony Unhallowed",{3}{B},955,564,391,955,564,391,0.5905759162303665,49.70867155646186,54.65079472459557,1.6473743893779034,C,22.120567375886523,21.28900255754476
J22 Zombies 3,1,"Maalfeld Twins",{5}{B},818,511,307,818,511,307,0.6246943765281173,57.733543495219514,62.6770106765246,1.6478223937683625,B,22.92954990215264,22.28338762214984
J22 Zombies 3,1,"Cemetery Recruitment",{1}{B},808,442,366,808,442,366,0.5470297029702971,23.152023928098018,28.212765069129116,1.686913713677033,D,23.024886877828056,21.62295081967213
J22 Zombies 3,1,"Endless Ranks of the Dead",{2}{B}{B},819,427,392,819,427,392,0.5213675213675214,44.546533148953756,49.41073388643931,1.6214002458285188,C,22.679156908665107,20.727040816326532
J22 Zombies 4,1,"Lord of the Accursed",{2}{B},1107,703,404,1107,703,404,0.6350496838301717,52.5140744355359,57.794301404491534,1.7600756563185436,C,19.92460881934566,20.56930693069307
J22 Zombies 4,1,"Suspicious Shambler",{3}{B},1098,681,417,1098,681,417,0.6202185792349727,51.488690544829915,56.69024149957081,1.7338503182469656,C,20.298091042584435,21.465227817745802
J22 Zombies 4,1,"Deadly Plot",{3}{B},1103,671,432,1103,671,432,0.6083408884859474,42.685416716293,47.806765215772685,1.7071161664932284,C,20.374068554396423,20.71759259259259
J22 Zombies 4,1,"Liliana's Mastery",{3}{B}{B},909,652,257,909,652,257,0.7172717271727173,69.73991201010932,75.04095361071853,1.7670138668697382,B,19.475460122699385,21.377431906614785
J22 Zombies 4,1,"Dead Weight",{B},1067,649,418,1067,649,418,0.6082474226804123,29.032960609384595,34.25927395564355,1.7421044487529844,D,20.380585516178737,20.90909090909091
J22 Zombies 4,1,"Shambling Ghoul",{1}{B},1053,635,418,1053,635,418,0.6030389363722697,47.24588809837577,52.41886435800618,1.7243254198768039,C,19.57795275590551,20.882775119617225
J22 Zombies 4,1,"Marauding Boneslasher",{2}{B},1020,616,404,1020,616,404,0.6039215686274509,47.094455733900986,52.23289535177466,1.7128132059578918,C,20.314935064935064,20.39851485148515
J22 Zombies 4,1,"Crow of Dark Tidings",{2}{B},990,601,389,990,601,389,0.6070707070707071,33.27294960890615,38.381140618302936,1.7027303364655952,D,20.289517470881865,20.748071979434446
J22 Zombies 4,1,"Undead Augur",{B}{B},880,546,334,880,546,334,0.6204545454545455,30.45109814072751,35.67899316126027,1.7426316735109215,D,20.166666666666668,21.437125748502993
J22 Zombies 4,1,"Maalfeld Twins",{5}{B},794,515,279,794,515,279,0.6486146095717884,58.633936913525716,63.856487779681,1.7408502887184278,B,21.629126213592233,22.405017921146953
J22 Zombies 4,1,"Cellar Door",{2},909,498,411,909,498,411,0.5478547854785478,26.33164758245836,31.59913664109115,1.7558296862109304,D,20.933734939759034,20.090024330900242
J22 Zombies 4,1,"Cemetery Recruitment",{1}{B},699,416,283,699,416,283,0.5951359084406295,34.498974024417564,39.6660967249648,1.7223742335157461,D,22.129807692307693,21.83745583038869
