Pack,nCopies,Card,Mana Cost,Adj. Games Played,Adj. Wins,Adj. Losses,Games Played,Wins,Losses,Win Rate,Conservative Rating,Mean,StdDev,Tier,Turns to Win,Turns to Lose
J25 Angels 1,1,"Giada, Font of Hope",{1}{W},1169,780,389,1169,780,389,0.6672369546621043,75.49370980902802,80.96905792360286,1.8251160381916163,B,18.65,20.426735218509
J25 Angels 1,1,"Serra Angel",{3}{W}{W},1004,712,292,1004,712,292,0.7091633466135459,95.46737238049313,100.84720037339645,1.7932759976344386,A,19.40449438202247,20.852739726027398
J25 Angels 1,1,"Pacifism",{1}{W},1146,699,447,1146,699,447,0.6099476439790575,53.5092345629233,59.12211188381964,1.8709591069654492,C,20.087267525035767,20.655480984340045
J25 Angels 1,1,"Light of Hope",{W},1187,682,505,1187,682,505,0.5745577085088458,41.11405423622546,46.52419045023984,1.8033787380047934,D,19.777126099706745,20.15247524752475
J25 Angels 1,1,"Youthful Valkyrie",{1}{W},1065,680,385,1065,680,385,0.6384976525821596,73.1923174294952,78.70015631763799,1.8359462960475972,B,19.461764705882352,21.057142857142857
J25 Angels 1,1,"Inspiring Overseer",{2}{W},975,664,311,975,664,311,0.681025641025641,58.72969149772773,64.30183356221517,1.8573806881624797,C,19.521084337349397,20.578778135048232
J25 Angels 1,1,"Celestial Enforcer",{2}{W},1003,619,384,1003,619,384,0.617148554336989,62.24934966214971,67.71733103442132,1.8226604574238705,C,20.121163166397416,20.815104166666668
J25 Angels 1,1,"Secluded Steppe",no cost,1082,619,463,1082,619,463,0.5720887245841035,20.707215616713547,26.148460352294816,1.8137482451937568,E,19.486268174474958,19.85745140388769
J25 Angels 1,1,"Faithful Pikemaster",{3}{W},1000,604,396,1000,604,396,0.604,55.59956110954254,61.030443343813104,1.8102940780901873,C,20.003311258278146,20.507575757575758
J25 Angels 1,1,"Herald of the Sun",{4}{W}{W},897,585,312,897,585,312,0.6521739130434783,98.84832205582973,104.23849359149756,1.7967238452226133,A,20.38290598290598,21.403846153846153
J25 Angels 1,1,"Destroy Evil",{1}{W},738,513,225,738,513,225,0.6951219512195121,77.20864460731043,82.92858530908926,1.9066469005929396,B,20.608187134502923,22.2
J25 Angels 1,1,"Starnheim Memento",{3},912,472,440,912,472,440,0.5175438596491229,25.754226507432023,31.310480643130788,1.8520847118995885,D,20.597457627118644,20.711363636363636
J25 Angels 2,1,"Giada, Font of Hope",{1}{W},1113,747,366,1113,747,366,0.6711590296495957,77.5382884169602,83.12979471821915,1.8638354337529814,B,17.839357429718877,20.25136612021858
J25 Angels 2,1,"Pacifism",{1}{W},1075,663,412,1075,663,412,0.6167441860465116,60.19432581455058,65.83905668011371,1.8815769551877106,C,19.232277526395173,20.32281553398058
J25 Angels 2,1,"Youthful Valkyrie",{1}{W},1038,631,407,1038,631,407,0.6078998073217726,68.63713574487046,74.15185920357919,1.8382411529029103,B,18.729001584786054,20.181818181818183
J25 Angels 2,1,"Stalwart Valkyrie",{3}{W},1060,622,438,1060,622,438,0.5867924528301887,63.63097209655952,68.98816663872886,1.7857315140564465,C,18.842443729903536,20.207762557077626
J25 Angels 2,1,"Inspiring Overseer",{2}{W},948,612,336,948,612,336,0.6455696202531646,56.74914620179922,62.18967433029323,1.8135093761646703,C,18.658496732026144,20.625
J25 Angels 2,1,"Herald of War",{3}{W}{W},918,602,316,918,602,316,0.6557734204793029,85.94600301829142,91.4369668494198,1.8303212770427963,B,19.006644518272424,20.39873417721519
J25 Angels 2,1,"Rally of Wings",{1}{W},927,600,327,927,600,327,0.6472491909385113,62.07650310238176,67.80141908620753,1.908305327941924,C,19.266666666666666,20.07033639143731
J25 Angels 2,1,"Secluded Steppe",no cost,1014,565,449,1014,565,449,0.5571992110453649,18.695395339984234,24.116885282172454,1.80716331406274,E,19.120353982300884,19.962138084632517
J25 Angels 2,1,"Angelic Edict",{4}{W},895,552,343,895,552,343,0.6167597765363129,77.80306299249925,83.13666844820979,1.7778684852368487,B,20.15036231884058,21.163265306122447
J25 Angels 2,1,"Herald of the Sun",{4}{W}{W},817,527,290,817,527,290,0.6450428396572827,97.03241909631829,102.33124710452782,1.7662760027365079,A,19.872865275142313,20.751724137931035
J25 Angels 2,1,"Faithful Pikemaster",{3}{W},904,514,390,904,514,390,0.5685840707964602,56.57650314981244,61.94776752731133,1.790421459166295,C,20.0,20.887179487179488
J25 Angels 2,1,"Starnheim Memento",{3},824,413,411,824,413,411,0.5012135922330098,32.567266317177705,37.954992882234244,1.7959088550188467,D,20.038740920096853,20.48175182481752
J25 Armed 1,1,"Pacifism",{1}{W},1083,599,484,1083,599,484,0.5530932594644506,62.61636377888959,67.86727344660751,1.750303222572641,C,21.03338898163606,21.289256198347108
J25 Armed 1,1,"Valkyrie's Sword",{1}{W},1122,577,545,1122,577,545,0.5142602495543672,79.77023314390367,84.95169195761248,1.7271529379029376,B,21.145580589254767,19.691743119266054
J25 Armed 1,1,"Ancestral Blade",{1}{W},1089,562,527,1089,562,527,0.5160697887970616,49.52963515115785,54.892254143948136,1.7875396642634296,C,21.165480427046262,20.96394686907021
J25 Armed 1,1,"Mirran Bardiche",{4}{W},1009,552,457,1009,552,457,0.5470763131813677,78.36579589065038,83.62657824119096,1.7535941168468598,B,21.559782608695652,21.660831509846826
J25 Armed 1,1,"Starnheim Courser",{2}{W},1026,512,514,1026,512,514,0.49902534113060426,69.97342328978316,75.36954315973321,1.7987066233166862,B,21.12109375,20.815175097276263
J25 Armed 1,1,"Danitha Capashen, Paragon",{2}{W},1042,509,533,1042,509,533,0.4884836852207294,69.03874227291327,74.40739083737958,1.7895495214887707,B,21.823182711198427,21.592870544090058
J25 Armed 1,1,"Sunspear Shikari",{1}{W},984,505,479,984,505,479,0.5132113821138211,66.11668772680169,71.46953545532052,1.7842825761729482,C,21.663366336633665,21.686847599164928
J25 Armed 1,1,"Fencing Ace",{1}{W},1006,497,509,1006,497,509,0.49403578528827036,47.36497725942908,52.60725778557713,1.747426842049349,C,21.22132796780684,21.359528487229863
J25 Armed 1,1,"Faithful Pikemaster",{3}{W},925,442,483,925,442,483,0.47783783783783784,50.392780663945544,55.70380728117537,1.7703422057432772,C,21.6289592760181,21.358178053830226
J25 Armed 1,1,"Divine Arrow",{1}{W},782,351,431,782,351,431,0.44884910485933505,59.668345700837705,64.89334533487467,1.7416665446789876,C,22.5982905982906,22.498839907192576
J25 Armed 1,1,"Starnheim Memento",{3},858,341,517,858,341,517,0.3974358974358974,26.561277532093303,31.878860155442183,1.7725275411162935,D,22.683284457478006,21.145067698259187
J25 Armed 2,1,"Hexgold Hoverwings",{3}{W},979,693,286,979,693,286,0.7078651685393258,102.07022938335744,107.42967926211726,1.7864832929199383,A,19.955266955266957,20.447552447552447
J25 Armed 2,1,"Ancestral Blade",{1}{W},1012,661,351,1012,661,351,0.6531620553359684,65.6369893061879,71.07327349417919,1.812094729330432,C,20.18910741301059,20.566951566951566
J25 Armed 2,1,"Mirran Bardiche",{4}{W},974,645,329,974,645,329,0.662217659137577,75.72442036333594,81.14282784454721,1.8061358270704246,B,21.015503875968992,20.501519756838906
J25 Armed 2,1,"Stone Haven Outfitter",{1}{W},1024,640,384,1024,640,384,0.625,47.06244423984,52.42398112301555,1.787178961058517,C,20.3109375,19.927083333333332
J25 Armed 2,1,"Plate Armor",{2}{W},1023,636,387,1023,636,387,0.6217008797653959,90.67804747331485,96.01906935171779,1.7803406261343122,A,20.60691823899371,18.496124031007753
J25 Armed 2,1,"Danitha Capashen, Paragon",{2}{W},981,623,358,981,623,358,0.6350662589194699,67.8465906090064,73.23078898421659,1.7947327917367282,B,21.515248796147674,20.74581005586592
J25 Armed 2,1,"Pacifism",{1}{W},993,613,380,993,613,380,0.6173212487411883,62.964894097238236,68.25676261503776,1.7639561725998407,C,20.784665579119086,20.923684210526314
J25 Armed 2,1,"Light the Way",{W},1027,611,416,1027,611,416,0.5949367088607594,45.142989572744256,50.45383770358616,1.7702827102806336,C,20.72340425531915,19.814903846153847
J25 Armed 2,1,"Fencing Ace",{1}{W},962,587,375,962,587,375,0.6101871101871101,57.5929613699746,62.91537593715191,1.7741381890591008,C,20.667802385008518,20.418666666666667
J25 Armed 2,1,"Faithful Pikemaster",{3}{W},824,497,327,824,497,327,0.6031553398058253,61.62445324136344,66.94888340007773,1.7748100529047643,C,21.59758551307847,20.837920489296636
J25 Armed 2,1,"Militant Inquisitor",{2}{W},841,483,358,841,483,358,0.5743162901307967,50.47295530610806,55.89805165108905,1.8083654483269964,C,21.467908902691512,20.776536312849164
J25 Armed 2,1,"Divine Arrow",{1}{W},635,332,303,635,332,303,0.5228346456692914,52.7109783965508,57.927663482610754,1.738895028686651,C,22.397590361445783,21.405940594059405
J25 Armed 3,1,"Maul of the Skyclaves",{2}{W},1065,739,326,1065,739,326,0.6938967136150235,92.04325118494256,97.21503467388447,1.7239278296473028,A,17.66576454668471,18.616564417177916
J25 Armed 3,1,"Pacifism",{1}{W},1100,653,447,1100,653,447,0.5936363636363636,47.06958886942802,52.63992243621828,1.8567778555967536,C,19.37825421133231,20.06711409395973
J25 Armed 3,1,"Ancestral Blade",{1}{W},1037,624,413,1037,624,413,0.6017357762777242,53.15924099038703,58.61315232877551,1.8179704461294932,C,18.849358974358974,19.605326876513317
J25 Armed 3,1,"Danitha Capashen, Paragon",{2}{W},1010,621,389,1010,621,389,0.6148514851485148,73.65817739193912,79.11301500570966,1.818279204590178,B,19.782608695652176,20.12853470437018
J25 Armed 3,1,"Valkyrie's Sword",{1}{W},1042,577,465,1042,577,465,0.553742802303263,61.81306712609642,67.12163946573482,1.7695241132127986,C,19.38994800693241,18.210752688172043
J25 Armed 3,1,"Mirran Bardiche",{4}{W},936,573,363,936,573,363,0.6121794871794872,74.36563259654923,79.70882961404706,1.781065672499275,B,19.657940663176266,20.429752066115704
J25 Armed 3,1,"Flutterfox",{1}{W},970,569,401,970,569,401,0.5865979381443299,60.10893124379257,65.43375595587489,1.7749415706941047,C,18.9701230228471,20.017456359102244
J25 Armed 3,1,"Fencing Ace",{1}{W},965,566,399,965,566,399,0.5865284974093264,53.97418043351276,59.370153905072655,1.7986578238532998,C,18.957597173144876,19.87719298245614
J25 Armed 3,1,"Resistance Reunited",{1}{W},872,559,313,872,559,313,0.6410550458715596,57.55059432740779,62.9823681129336,1.8105912618419382,C,19.162790697674417,20.549520766773163
J25 Armed 3,1,"Faithful Pikemaster",{3}{W},914,521,393,914,521,393,0.5700218818380745,49.10142822129524,54.492597312197596,1.7970563636341186,C,20.07485604606526,20.251908396946565
J25 Armed 3,1,"Militant Inquisitor",{2}{W},827,468,359,827,468,359,0.56590084643289,59.11842919896776,64.62918490457784,1.836918568536694,C,19.942307692307693,19.922005571030642
J25 Armed 3,1,"Trusty Retriever",{3}{W},715,384,331,715,384,331,0.5370629370629371,55.61477581137916,60.9179040132006,1.7677094006071443,C,20.596354166666668,20.610271903323262
J25 Armed 4,1,"Ancestral Blade",{1}{W},1071,646,425,1071,646,425,0.6031746031746031,67.19862516747132,72.48084604036143,1.760740290963368,C,21.20123839009288,20.19058823529412
J25 Armed 4,1,"Plate Armor",{2}{W},1065,635,430,1065,635,430,0.596244131455399,74.99105103928225,80.23530117191812,1.7480833775452878,B,21.388976377952755,19.037209302325582
J25 Armed 4,1,"Godsend",{1}{W}{W},1020,628,392,1020,628,392,0.615686274509804,79.302129431876,84.53548037535816,1.744450314494056,B,21.46656050955414,19.331632653061224
J25 Armed 4,1,"Danitha Capashen, Paragon",{2}{W},1061,627,434,1061,627,434,0.590951932139491,80.71230690106727,86.12709142295738,1.8049281739633687,B,21.658692185007975,20.472350230414747
J25 Armed 4,1,"Pacifism",{1}{W},1030,622,408,1030,622,408,0.6038834951456311,66.61661102736943,71.96964599764756,1.7843449900927102,C,21.422829581993568,20.24019607843137
J25 Armed 4,1,"Mirran Bardiche",{4}{W},966,618,348,966,618,348,0.639751552795031,83.68633045902453,89.0137166464378,1.7757953958044204,B,22.024271844660195,20.54022988505747
J25 Armed 4,1,"Sunspear Shikari",{1}{W},1003,612,391,1003,612,391,0.6101694915254238,70.57135475246692,75.86022633702225,1.7629571948517788,B,21.609477124183005,20.470588235294116
J25 Armed 4,1,"Fencing Ace",{1}{W},959,561,398,959,561,398,0.5849843587069864,54.74133797236752,59.99545749185128,1.7513731731612554,C,20.998217468805706,19.962311557788944
J25 Armed 4,1,"Militant Inquisitor",{2}{W},934,541,393,934,541,393,0.5792291220556746,74.76110216256454,80.06711581093616,1.768671216123872,B,21.702402957486136,20.572519083969464
J25 Armed 4,1,"Faithful Pikemaster",{3}{W},927,532,395,927,532,395,0.5738942826321467,56.17543474501398,61.39776766944965,1.7407776414785554,C,22.278195488721803,20.615189873417723
J25 Armed 4,1,"Deadly Riposte",{1}{W},855,454,401,855,454,401,0.5309941520467836,60.47593271082252,65.96117010835503,1.8284124658441718,C,22.169603524229075,20.758104738154614
J25 Armed 4,1,"Thopter Architect",{3}{W},773,413,360,773,413,360,0.5342820181112549,59.364636510691604,64.68311005905497,1.7728245161211218,C,22.791767554479417,21.322222222222223
J25 Beasts 1,1,"Slinza, the Spiked Stampede",{4}{G},1059,654,405,1059,654,405,0.6175637393767706,89.1468119774495,94.78171211699869,1.8783000465163961,B,20.474006116207953,21.612345679012346
J25 Beasts 1,1,"Spined Tyrranax",{4}{G},1012,614,398,1012,614,398,0.6067193675889329,103.96729564963454,109.26562906637892,1.7661111389147965,A,20.175895765472312,21.09547738693467
J25 Beasts 1,1,"Brushstrider",{1}{G},1107,599,508,1107,599,508,0.5411020776874436,56.862964797815785,62.56378678391799,1.900273995367401,C,19.776293823038397,20.862204724409448
J25 Beasts 1,1,"Obstinate Baloth",{2}{G}{G},976,599,377,976,599,377,0.6137295081967213,89.17224231600926,94.738706070111,1.8554879180339123,B,20.42237061769616,22.748010610079575
J25 Beasts 1,1,"Gnarlid Colony",{1}{G},1028,564,464,1028,564,464,0.5486381322957199,52.9953449470538,58.54410983087487,1.8495882946070243,C,20.328014184397162,21.301724137931036
J25 Beasts 1,1,"Hungry Megasloth",{2}{G},1037,555,482,1037,555,482,0.5351976856316297,53.308232657114914,58.89152964782605,1.8610989969037117,C,20.54234234234234,20.83402489626556
J25 Beasts 1,1,"Predator's Strike",{1}{G},924,546,378,924,546,378,0.5909090909090909,60.27530276248056,65.72420172844758,1.8162996553223418,C,19.754578754578755,21.354497354497354
J25 Beasts 1,1,"Advocate of the Beast",{2}{G},939,514,425,939,514,425,0.5473908413205538,71.4405077171153,76.97815861284332,1.8458836319093421,B,20.896887159533073,21.590588235294117
J25 Beasts 1,1,"Woodland Liege",{2}{G},889,459,430,889,459,430,0.5163104611923509,45.33236599090279,50.9005789170599,1.8560709753857056,C,21.095860566448803,20.611627906976743
J25 Beasts 1,1,"Gift of the Gargantuan",{2}{G},828,445,383,828,445,383,0.5374396135265701,38.583274886675014,44.08946783191443,1.8353976484131393,D,21.41797752808989,21.425587467362924
J25 Beasts 1,1,"Explore",{1}{G},646,355,291,646,355,291,0.5495356037151703,23.54150856589309,29.026465043073618,1.8283188257268426,D,19.56338028169014,19.855670103092784
J25 Beasts 2,1,"Brushstrider",{1}{G},1206,744,462,1206,744,462,0.6169154228855721,62.19625273636425,67.68018904771789,1.8279787704512136,C,20.942204301075268,19.995670995670995
J25 Beasts 2,1,"Slinza, the Spiked Stampede",{4}{G},1111,743,368,1111,743,368,0.6687668766876688,81.64649723309402,87.15212393560415,1.8352089008367096,B,21.590847913862717,20.752717391304348
J25 Beasts 2,1,"Baloth Gorger",{2}{G}{G},1163,736,427,1163,736,427,0.6328460877042132,65.50077083023085,71.03087367566019,1.8433676151431149,C,21.26358695652174,20.484777517564403
J25 Beasts 2,1,"Hungry Megasloth",{2}{G},1112,711,401,1112,711,401,0.6393884892086331,77.08185212226354,82.69226314455183,1.8701370074294275,B,21.455696202531644,20.359102244389028
J25 Beasts 2,1,"Bushwhack",{G},1164,670,494,1164,670,494,0.5756013745704467,24.15682110212658,29.777554634263545,1.8735778440456545,D,21.107462686567164,19.504048582995953
J25 Beasts 2,1,"Gnarlid Colony",{1}{G},1100,658,442,1100,658,442,0.5981818181818181,51.9915620697216,57.44959881206054,1.819345580779646,C,21.080547112462007,19.857466063348415
J25 Beasts 2,1,"Garruk's Packleader",{4}{G},969,636,333,969,636,333,0.6563467492260062,69.64217849436642,75.31440901923774,1.8907435082904418,B,21.735849056603772,20.63063063063063
J25 Beasts 2,1,"Advocate of the Beast",{2}{G},1089,633,456,1089,633,456,0.581267217630854,61.33610088736687,66.96369562731918,1.8758649133174388,C,21.44075829383886,20.32456140350877
J25 Beasts 2,1,"Predator's Strike",{1}{G},991,633,358,991,633,358,0.6387487386478304,68.03730471319092,73.64335187768367,1.8686823881642498,B,20.744075829383885,19.622905027932962
J25 Beasts 2,1,"Woodland Liege",{2}{G},998,564,434,998,564,434,0.5651302605210421,38.376422075097324,44.10736708120422,1.910315002035632,D,21.576241134751772,20.129032258064516
J25 Beasts 2,1,"Garruk, Caller of Beasts",{4}{G}{G},716,470,246,716,470,246,0.6564245810055865,35.35135334085996,41.269134088367686,1.9725935825025764,D,22.56382978723404,21.4390243902439
J25 Bloody 1,1,"Soul Sear",{2}{R},1178,586,592,1178,586,592,0.49745331069609505,66.81608973633945,72.46789283291511,1.8839343655252194,C,18.56996587030717,19.84966216216216
J25 Bloody 1,1,"Incorrigible Youths",{3}{R}{R},1112,576,536,1112,576,536,0.5179856115107914,64.930212293777,70.36347752059342,1.8110884089388042,C,18.192708333333332,19.921641791044777
J25 Bloody 1,1,"Flame-Blessed Bolt",{R},1091,552,539,1091,552,539,0.5059578368469294,56.49958404879343,62.1475950622669,1.8826703378244913,C,18.255434782608695,20.211502782931355
J25 Bloody 1,1,"Abandon Reason",{2}{R},938,527,411,938,527,411,0.5618336886993603,52.265852005363925,57.957174231055745,1.897107408563941,C,18.322580645161292,20.552311435523116
J25 Bloody 1,1,"Voldaren Duelist",{3}{R},971,519,452,971,519,452,0.5345005149330587,61.303977040104535,66.66490189921856,1.7869749530380095,C,18.235067437379577,19.940265486725664
J25 Bloody 1,1,"Anje's Ravager",{2}{R},967,501,466,967,501,466,0.5180972078593589,38.320783370604275,43.94980545262384,1.8763406940065224,D,17.734530938123754,19.71459227467811
J25 Bloody 1,1,"Blood Petal Celebrant",{1}{R},967,461,506,967,461,506,0.4767321613236815,49.93450543262529,55.417088361629624,1.827527643001443,C,18.24295010845987,20.134387351778656
J25 Bloody 1,1,"Voldaren Epicure",{R},939,432,507,939,432,507,0.46006389776357826,52.95170421227397,58.61781033553167,1.8887020410859012,C,18.34259259259259,19.881656804733726
J25 Bloody 1,1,"Stolen Vitality",{1}{R},767,426,341,767,426,341,0.5554106910039114,64.31147108987349,69.8161815214844,1.834903477203635,C,18.687793427230048,20.0
J25 Bloody 1,1,"Belligerent Guest",{2}{R},911,425,486,911,425,486,0.4665203073545554,55.64670029049681,61.301545810861995,1.8849485067883955,C,19.03529411764706,20.069958847736626
J25 Bloody 1,1,"Ivora, Insatiable Heir",{1}{R},899,398,501,899,398,501,0.44271412680756395,43.1677931637251,48.69762971054304,1.843278848939313,D,18.70854271356784,19.632734530938123
J25 Bloody 1,1,"Falkenrath Celebrants",{4}{R},723,340,383,723,340,383,0.4702627939142462,64.28625110225516,69.63707143098206,1.7836067762423,C,19.723529411764705,20.87467362924282
J25 Bloody 2,1,"Soul Sear",{2}{R},1133,596,537,1133,596,537,0.5260370697263901,65.12309450284965,70.54417006084,1.807025185996783,C,19.243288590604028,20.067039106145252
J25 Bloody 2,1,"Flame-Blessed Bolt",{R},1047,537,510,1047,537,510,0.5128939828080229,57.07583308253028,62.458206789663095,1.7941245690442713,C,19.21415270018622,20.143137254901962
J25 Bloody 2,1,"Voldaren Duelist",{3}{R},953,526,427,953,526,427,0.5519412381951732,58.08926246955921,63.42314388837964,1.7779604729401448,C,18.583650190114067,19.936768149882905
J25 Bloody 2,1,"Stolen Vitality",{1}{R},890,524,366,890,524,366,0.5887640449438202,50.60270021989551,55.822211986013244,1.739837255372577,C,18.80534351145038,20.128415300546447
J25 Bloody 2,1,"Blood Petal Celebrant",{1}{R},1019,519,500,1019,519,500,0.5093228655544652,47.275145457535885,52.68295540722034,1.8026033165614863,C,18.680154142581888,19.754
J25 Bloody 2,1,"Blood Hypnotist",{2}{R},1000,518,482,1000,518,482,0.518,53.94791536036438,59.42693543629258,1.826340025309401,C,18.915057915057915,19.327800829875518
J25 Bloody 2,1,"Insolent Neonate",{R},1011,505,506,1011,505,506,0.49950544015825915,47.70516186752021,53.11064138025677,1.8018265042455206,C,18.57821782178218,19.83596837944664
J25 Bloody 2,1,"Markov Retribution",{2}{R},944,501,443,944,501,443,0.5307203389830508,58.42337466643892,63.7937298485801,1.7901183940470606,C,19.481037924151696,19.790067720090292
J25 Bloody 2,1,"Markov Blademaster",{1}{R}{R},867,478,389,867,478,389,0.5513264129181085,64.89392039382452,70.17707387459106,1.7610511602555128,C,18.92050209205021,20.272493573264782
J25 Bloody 2,1,"Falkenrath Celebrants",{4}{R},828,452,376,828,452,376,0.5458937198067633,68.33697979997116,73.77134488752306,1.811455029183964,B,19.710176991150444,20.502659574468087
J25 Bloody 2,1,"Ivora, Insatiable Heir",{1}{R},913,439,474,913,439,474,0.48083242059145676,44.497157247935,49.98673344572086,1.829858732595286,D,19.378132118451024,19.837552742616033
J25 Bloody 2,1,"Markov Enforcer",{4}{R}{R},594,395,199,594,395,199,0.664983164983165,110.13040236380448,115.57705018070476,1.8155492723000954,A,20.69367088607595,22.231155778894472
J25 Bloody 3,1,"Flame-Blessed Bolt",{R},1079,544,535,1079,544,535,0.5041705282669138,61.076570116467956,66.51773252673544,1.813720803422496,C,19.011029411764707,20.18317757009346
J25 Bloody 3,1,"Soul Sear",{2}{R},1075,521,554,1075,521,554,0.4846511627906977,58.74048582624511,64.24688629128431,1.8354668216797327,C,19.038387715930902,20.250902527075812
J25 Bloody 3,1,"Voldaren Duelist",{3}{R},896,490,406,896,490,406,0.546875,66.3640703383627,71.75688482506045,1.797604828899253,C,18.3734693877551,20.41625615763547
J25 Bloody 3,1,"Insolent Neonate",{R},1002,474,528,1002,474,528,0.47305389221556887,46.737641594989896,52.16379169023711,1.808716698415738,C,18.49367088607595,19.78219696969697
J25 Bloody 3,1,"Belligerent Guest",{2}{R},974,440,534,974,440,534,0.4517453798767967,46.06953643175769,51.63564818430058,1.8553705841809627,C,18.686363636363637,19.855805243445694
J25 Bloody 3,1,"Blood Petal Celebrant",{1}{R},944,435,509,944,435,509,0.4608050847457627,44.58337052857104,50.03321121022134,1.8166135605501015,D,18.395402298850573,19.93123772102161
J25 Bloody 3,1,"Falkenrath Celebrants",{4}{R},853,428,425,853,428,425,0.5017584994138335,66.86267861058711,72.39478725482644,1.8440362147464442,C,19.044392523364486,20.997647058823528
J25 Bloody 3,1,"Vampiric Fury",{1}{R},816,421,395,816,421,395,0.5159313725490197,59.15928506800634,64.63544844091149,1.8253877909683838,C,18.60332541567696,20.21518987341772
J25 Bloody 3,1,"Ivora, Insatiable Heir",{1}{R},986,421,565,986,421,565,0.42697768762677485,40.38022923352666,45.98804551313772,1.8692720932036855,D,18.56769596199525,20.049557522123894
J25 Bloody 3,1,"Scion of Opulence",{2}{R},910,421,489,910,421,489,0.46263736263736266,46.99388601152437,52.43660503335356,1.8142396739430644,C,18.92399049881235,20.151329243353782
J25 Bloody 3,1,"Markov Warlord",{5}{R},674,403,271,674,403,271,0.5979228486646885,92.99664320047795,98.42491168414628,1.8094228278894433,A,18.977667493796528,21.490774907749078
J25 Bloody 3,1,"Blood Feud",{4}{R}{R},481,209,272,481,209,272,0.43451143451143454,80.01497415315674,85.49389610410071,1.8263073169813222,B,21.593301435406698,22.24264705882353
J25 Bloody 4,1,"Falkenrath Marauders",{3}{R}{R},973,581,392,973,581,392,0.5971223021582733,99.8812960672496,105.13172837346676,1.7501441020723882,A,18.919104991394146,19.910714285714285
J25 Bloody 4,1,"Soul Sear",{2}{R},1125,550,575,1125,550,575,0.4888888888888889,54.327682070405125,59.74880239466853,1.8070401080878025,C,19.592727272727274,20.16
J25 Bloody 4,1,"Voldaren Duelist",{3}{R},963,524,439,963,524,439,0.5441329179646937,64.81999863876437,70.26725550460863,1.815752288614749,C,18.84732824427481,20.284738041002278
J25 Bloody 4,1,"Blood Petal Celebrant",{1}{R},1008,488,520,1008,488,520,0.48412698412698413,51.41713029379074,56.90871362869903,1.8305277783027636,C,19.2827868852459,20.078846153846154
J25 Bloody 4,1,"Stolen Vitality",{1}{R},835,472,363,835,472,363,0.5652694610778443,58.39843150995103,63.795779754163476,1.7991160814041478,C,19.49576271186441,20.738292011019283
J25 Bloody 4,1,"Belligerent Guest",{2}{R},1000,462,538,1000,462,538,0.462,51.77809628309433,57.022676055906956,1.7481932576042103,C,19.816017316017316,20.202602230483272
J25 Bloody 4,1,"Voldaren Epicure",{R},958,450,508,958,450,508,0.4697286012526096,37.85058869877053,43.34945230844301,1.8329545365574953,D,19.233333333333334,20.18503937007874
J25 Bloody 4,1,"Ivora, Insatiable Heir",{1}{R},936,419,517,936,419,517,0.44764957264957267,36.5872797880405,42.084838398848376,1.83251953693596,D,20.05489260143198,19.785299806576404
J25 Bloody 4,1,"Neonate's Rush",{2}{R},835,409,426,835,409,426,0.48982035928143713,52.36588405028962,57.76661612762264,1.8002440257776715,C,20.012224938875306,19.802816901408452
J25 Bloody 4,1,"Falkenrath Celebrants",{4}{R},829,408,421,829,408,421,0.49215922798552475,70.18409818440125,75.41215676787755,1.7426861944921004,B,20.647058823529413,21.049881235154395
J25 Bloody 4,1,"Voldaren Ambusher",{2}{R},796,326,470,796,326,470,0.40954773869346733,55.687195389881325,61.213068114670406,1.8419575749296935,C,21.003067484662576,20.346808510638297
J25 Bloody 4,1,"Blood Feud",{4}{R}{R},545,280,265,545,280,265,0.5137614678899083,88.37783064922496,93.83340766319422,1.8185256713230864,B,21.832142857142856,22.237735849056605
J25 Bookworms 1,1,"Cartouche of Knowledge",{1}{U},1066,521,545,1066,521,545,0.48874296435272047,58.38966317771177,63.64677370783407,1.7523701767074356,C,19.71401151631478,19.495412844036696
J25 Bookworms 1,1,"Blink of an Eye",{1}{U},1260,496,764,1260,496,764,0.39365079365079364,26.993900468195875,32.45407862638993,1.8200593860646852,D,20.441532258064516,19.596858638743456
J25 Bookworms 1,1,"Sky-Eel School",{3}{U}{U},1006,456,550,1006,456,550,0.4532803180914513,74.8943143684629,80.20745991005695,1.771048513864686,B,20.80701754385965,20.734545454545454
J25 Bookworms 1,1,"Mystic Skyfish",{2}{U},1138,448,690,1138,448,690,0.3936731107205624,61.9124833450432,67.32949676948971,1.805671141482171,C,20.622767857142858,20.020289855072463
J25 Bookworms 1,1,"Lat-Nam Adept",{3}{U},1116,444,672,1116,444,672,0.3978494623655914,56.95180140881415,62.24939294829656,1.765863846494136,C,20.75900900900901,20.22172619047619
J25 Bookworms 1,1,"Faerie Vandal",{1}{U},1080,437,643,1080,437,643,0.4046296296296296,68.85984450471543,74.1798524231239,1.7733359728028255,B,20.37299771167048,19.96734059097978
J25 Bookworms 1,1,"Shore Keeper",{U},1125,425,700,1125,425,700,0.37777777777777777,36.15411657690977,41.53835426544375,1.794745896177993,D,20.687058823529412,20.087142857142858
J25 Bookworms 1,1,"Reckless Scholar",{2}{U},1083,405,678,1083,405,678,0.3739612188365651,32.54645051559881,38.16012710562826,1.8712255300098162,D,20.97037037037037,19.706489675516224
J25 Bookworms 1,1,"Trial of Knowledge",{3}{U},878,358,520,878,358,520,0.40774487471526194,27.78919285246042,33.121106269309784,1.777304472283121,D,21.002793296089386,19.93076923076923
J25 Bookworms 1,1,"Overflowing Insight",{4}{U}{U}{U},61,30,31,61,30,31,0.4918032786885246,3.0697636726660615,11.036287976316197,2.655508101216712,E,24.7,24.032258064516128
J25 Bookworms 1,1,"Syr Elenora, the Discerning",{3}{U}{U},5,1,4,5,1,4,0.2,55.596918691853574,73.37938134971448,5.927487552620302,C,18.0,21.75
J25 Bookworms 2,1,"Phantasmal Shieldback",{U},1175,435,740,1175,435,740,0.3702127659574468,45.1544447076097,50.50681509740241,1.7841234632642367,C,20.855172413793102,20.52027027027027
J25 Bookworms 2,1,"Drag Under",{2}{U},1120,428,692,1120,428,692,0.3821428571428571,41.68426382159994,47.001294355115405,1.7723435111718207,D,21.10981308411215,20.684971098265898
J25 Bookworms 2,1,"Faerie Vandal",{1}{U},1080,420,660,1080,420,660,0.3888888888888889,69.65544797237331,74.95628224992217,1.7669447591829537,B,20.492857142857144,20.342424242424244
J25 Bookworms 2,1,"Memorial to Genius",no cost,1210,395,815,1210,395,815,0.32644628099173556,24.409381614992842,29.946147846446166,1.8455887438177745,D,20.51139240506329,19.060122699386504
J25 Bookworms 2,1,"Mystic Skyfish",{2}{U},1114,382,732,1114,382,732,0.34290843806104127,55.94528942139476,61.59463664371759,1.8831157407742778,C,21.345549738219894,20.471311475409838
J25 Bookworms 2,1,"Sky-Eel School",{3}{U}{U},996,381,615,996,381,615,0.3825301204819277,58.81230063666172,64.35398367561999,1.8472276796527574,C,21.64041994750656,20.8130081300813
J25 Bookworms 2,1,"Muse Drake",{3}{U},992,356,636,992,356,636,0.3588709677419355,61.26111071622952,66.74192557900447,1.8269382875916516,C,21.31179775280899,20.583333333333332
J25 Bookworms 2,1,"Reckless Scholar",{2}{U},1034,355,679,1034,355,679,0.34332688588007737,43.37735953075104,48.884761452810935,1.83580064068663,D,21.52112676056338,20.403534609720175
J25 Bookworms 2,1,"Witching Well",{U},996,311,685,996,311,685,0.31224899598393574,26.470280517095137,32.013174295862314,1.847631259589059,D,21.093247588424436,19.535766423357664
J25 Bookworms 2,1,"Teferi's Ageless Insight",{2}{U}{U},771,229,542,771,229,542,0.29701686121919585,21.604605783145225,27.22594757652194,1.8737805977922382,E,22.2882096069869,20.35977859778598
J25 Bookworms 2,1,"Syr Elenora, the Discerning",{3}{U}{U},7,4,3,7,4,3,0.5714285714285714,56.708907167183625,74.11884869673577,5.803313843184047,C,24.0,32.333333333333336
J25 Bookworms 2,1,"Starlight Snare",{2}{U},1,0,1,1,0,1,0.0,70.68816012038425,94.304647100432,7.872162326682582,B,NaN,18.0
J25 Bookworms 3,1,"Cartouche of Knowledge",{1}{U},1134,552,582,1134,552,582,0.48677248677248675,65.11019439278908,70.34125574789145,1.743687118367454,C,19.244565217391305,19.77147766323024
J25 Bookworms 3,1,"Thopter Mechanic",{1}{U},1154,486,668,1154,486,668,0.42114384748700173,70.67445109161406,76.20750380860153,1.8443509056624885,B,19.88888888888889,20.65568862275449
J25 Bookworms 3,1,"Drag Under",{2}{U},1147,477,670,1147,477,670,0.41586748038360943,46.424620664605506,51.65479937413792,1.743392903177473,C,20.230607966457022,20.81641791044776
J25 Bookworms 3,1,"Lat-Nam Adept",{3}{U},1167,451,716,1167,451,716,0.3864610111396744,63.82888935001078,69.33148563347845,1.8341987611558905,C,20.631929046563194,20.550279329608937
J25 Bookworms 3,1,"Shore Keeper",{U},1187,450,737,1187,450,737,0.37910699241786017,42.21678143046236,47.891707898437915,1.8916421559918506,D,20.366666666666667,20.53867028493894
J25 Bookworms 3,1,"Omen of the Sea",{1}{U},1151,434,717,1151,434,717,0.37706342311033886,23.95461848286633,29.33354523721122,1.7929755847816293,D,20.27188940092166,19.573221757322177
J25 Bookworms 3,1,"Mystic Skyfish",{2}{U},1160,425,735,1160,425,735,0.36637931034482757,51.94041271480481,57.57171133955788,1.8770995415843579,C,20.543529411764705,20.337414965986394
J25 Bookworms 3,1,"Reckless Scholar",{2}{U},1079,370,709,1079,370,709,0.34291010194624655,38.02742513068324,43.527306680479285,1.8332938499320137,D,20.872972972972974,20.304654442877293
J25 Bookworms 3,1,"Trial of Knowledge",{3}{U},898,349,549,898,349,549,0.388641425389755,25.93246236747052,31.541719190972273,1.869752274500584,D,20.965616045845273,20.145719489981786
J25 Bookworms 3,1,"Syr Elenora, the Discerning",{3}{U}{U},7,5,2,7,5,2,0.7142857142857143,66.21696681605853,85.00581829850188,6.262950494147781,C,21.2,21.0
J25 Bookworms 3,1,"Sphinx of Enlightenment",{4}{U}{U},7,5,2,7,5,2,0.7142857142857143,82.45803403929534,100.78528790943865,6.109084623381101,B,24.4,27.0
J25 Bookworms 4,1,"Opt",{U},1256,578,678,1256,578,678,0.4601910828025478,10.527967780761145,15.770533222230132,1.7475218138229958,E,20.19031141868512,18.9188790560472
J25 Bookworms 4,1,"Drag Under",{2}{U},1152,572,580,1152,572,580,0.4965277777777778,42.835209211787856,48.06084931170945,1.7418800333071978,D,20.713286713286713,19.670689655172414
J25 Bookworms 4,1,"Nadir Kraken",{1}{U}{U},997,561,436,997,561,436,0.5626880641925778,109.01060781690454,114.17808586989165,1.722492684329034,A,20.59536541889483,19.979357798165136
J25 Bookworms 4,1,"Phantasmal Shieldback",{U},1088,534,554,1088,534,554,0.49080882352941174,44.693288732774256,49.94640871804755,1.751039995091097,D,20.687265917602996,19.74548736462094
J25 Bookworms 4,1,"Memorial to Genius",no cost,1276,509,767,1276,509,767,0.3989028213166144,11.825582638579402,17.238554091416688,1.8043238176124285,E,20.56974459724951,18.037809647979138
J25 Bookworms 4,1,"Faerie Vandal",{1}{U},1009,503,506,1009,503,506,0.4985133795837463,52.75027570442712,57.94509891203526,1.731607735869382,C,20.08747514910537,19.57114624505929
J25 Bookworms 4,1,"Lat-Nam Adept",{3}{U},1052,482,570,1052,482,570,0.45817490494296575,53.174012582721936,58.3086285897533,1.7115386690104535,C,21.085062240663902,19.79824561403509
J25 Bookworms 4,1,"Reckless Scholar",{2}{U},956,438,518,956,438,518,0.4581589958158996,50.818003931028024,56.040733604186386,1.740909891052788,C,20.700913242009133,19.324324324324323
J25 Bookworms 4,1,"Sky-Eel School",{3}{U}{U},928,437,491,928,437,491,0.4709051724137931,61.93308218294407,67.14645989650904,1.7377925711883249,C,21.05720823798627,19.973523421588595
J25 Bookworms 4,1,"Soul Read",{3}{U},907,426,481,907,426,481,0.4696802646085998,28.42577089165365,33.683142967310786,1.7524573585523795,D,21.7018779342723,19.856548856548855
J25 Bookworms 4,1,"Tolarian Kraken",{4}{U}{U},735,365,370,735,365,370,0.4965986394557823,83.25593329170506,88.52842376034054,1.7574968228784957,B,21.835616438356166,21.002702702702702
J25 Bookworms 4,1,"Syr Elenora, the Discerning",{3}{U}{U},1,1,0,1,1,0,1.0,75.22389233155357,99.12792455254785,7.968010740331425,B,23.0,NaN
J25 Burning,1,"Flames of the Firebrand",{2}{R},1107,586,521,1107,586,521,0.5293586269196026,65.4674721112458,70.93634596810463,1.8229579522862782,C,18.890784982935152,20.719769673704416
J25 Burning,1,"Play with Fire",{R},1116,569,547,1116,569,547,0.5098566308243727,57.17464713058036,62.5559367633077,1.7937632109091124,C,19.333919156414762,20.621572212065814
J25 Burning,1,"Wildfire Elemental",{2}{R}{R},1024,548,476,1024,548,476,0.53515625,60.60187294187369,66.06721887958318,1.8217819792364986,C,19.131386861313867,21.01050420168067
J25 Burning,1,"Firespitter Whelp",{2}{R},1037,546,491,1037,546,491,0.5265188042430087,68.0785102826182,73.4627474115638,1.7947457096485346,B,18.694139194139193,20.73727087576375
J25 Burning,1,"Fathom Fleet Firebrand",{1}{R},1030,539,491,1030,539,491,0.5233009708737864,55.83465805581686,61.14031921281415,1.7685537189990954,C,18.974025974025974,20.820773930753564
J25 Burning,1,"Hearts on Fire",{1}{R},884,521,363,884,521,363,0.5893665158371041,55.12964257720333,60.51138112114518,1.7939128479806166,C,19.301343570057583,21.201101928374655
J25 Burning,1,"Goblin Fireslinger",{R},1029,487,542,1029,487,542,0.47327502429543244,43.731252215556594,48.95866287776833,1.7424702207372473,D,19.318275154004105,20.642066420664207
J25 Burning,1,"Firebrand Archer",{1}{R},949,472,477,949,472,477,0.49736564805057953,54.45303991867745,59.9031401004553,1.8167000605926198,C,18.641949152542374,20.69601677148847
J25 Burning,1,"Chandra's Spitfire",{2}{R},935,465,470,935,465,470,0.49732620320855614,50.86311776111121,56.24237526189259,1.7930858335937914,C,19.52258064516129,20.704255319148935
J25 Burning,1,"Rionya, Fire Dancer",{3}{R}{R},833,462,371,833,462,371,0.5546218487394958,78.88228070836948,84.02120496328503,1.712974751638516,B,19.848484848484848,21.40700808625337
J25 Burning,1,"Jaya's Firenado",{4}{R},902,456,446,902,456,446,0.5055432372505543,66.44005796549511,71.7918041969621,1.7839154104889987,C,20.021929824561404,21.289237668161434
J25 Burning,1,"Bloodfire Expert",{2}{R},950,445,505,950,445,505,0.46842105263157896,58.04974652042306,63.53147887403014,1.8272441178690284,C,19.78426966292135,21.154455445544553
J25 Chaos,1,"Chromatic Lantern",{3},1113,523,590,1113,523,590,0.46990116801437554,31.89052216450626,37.337920687398366,1.8157995076307014,D,20.91395793499044,19.21186440677966
J25 Chaos,1,"Druid of the Anima",{1}{G},1080,518,562,1080,518,562,0.47962962962962963,38.9580573403843,44.528069458193826,1.8566707059365073,D,21.023166023166024,19.647686832740213
J25 Chaos,1,"Bloodbraid Elf",{2}{R}{G},947,495,452,947,495,452,0.5227032734952481,53.132053972649324,58.76353934615422,1.8771617911682983,C,20.65050505050505,19.778761061946902
J25 Chaos,1,"Ash Barrens",no cost,1208,458,750,1208,458,750,0.3791390728476821,30.356489539080894,36.04727774691886,1.8969294026126549,D,21.021834061135372,18.168
J25 Chaos,1,"Violent Outburst",{1}{R}{G},639,438,201,639,438,201,0.6854460093896714,46.837444955825845,52.483082308643084,1.8818791176057452,C,20.968036529680365,21.502487562189053
J25 Chaos,1,"Bituminous Blast",{3}{B}{R},755,408,347,755,408,347,0.5403973509933775,41.30017060438851,46.95453553192098,1.88478830917749,D,21.41176470588235,20.654178674351584
J25 Chaos,1,"Fiery Fall",{5}{R},908,404,504,908,404,504,0.44493392070484583,58.0563060836241,63.63307203134265,1.858921982572849,C,21.668316831683168,19.15277777777778
J25 Chaos,1,"Shardless Outlander",{7},1052,396,656,1052,396,656,0.376425855513308,45.75188131441247,51.39761877616821,1.8819124872519122,C,21.401515151515152,18.253048780487806
J25 Chaos,1,"Averna, the Chaos Bloom",{G}{U}{R},782,394,388,782,394,388,0.5038363171355499,52.87173541385563,58.507873648413224,1.8787127448525314,C,21.527918781725887,20.47938144329897
J25 Chaos,1,"Terramorphic Expanse",no cost,840,347,493,840,347,493,0.41309523809523807,26.60783218872363,32.2222269051969,1.8714649054910895,D,20.812680115273775,18.32657200811359
J25 Chaos,1,"Enlisted Wurm",{4}{G}{W},639,346,293,639,346,293,0.5414710485133021,43.95634753539919,49.59407600958792,1.879242824729578,D,22.358381502890172,21.853242320819113
J25 Chaos,1,"Fusion Elemental",{W}{U}{B}{R}{G},578,330,248,578,330,248,0.5709342560553633,71.88917979027755,77.23892528874832,1.783248499490258,B,22.042424242424243,22.04032258064516
J25 Chaos,1,"Maelstrom Colossus",{8},430,250,180,430,250,180,0.5813953488372093,55.32524164247142,60.71103149748029,1.7952632850029586,C,23.212,23.522222222222222
J25 Clerics 1,1,"Agonizing Syphon",{3}{B},1170,720,450,1170,720,450,0.6153846153846154,75.92524177524349,81.58101523711541,1.8852578206239716,B,20.8125,22.946666666666665
J25 Clerics 1,1,"Disfigure",{B},1160,665,495,1160,665,495,0.5732758620689655,64.50042299270166,70.07953816477706,1.8597050573584664,C,20.71278195488722,22.22020202020202
J25 Clerics 1,1,"Nullpriest of Oblivion",{1}{B},1095,663,432,1095,663,432,0.6054794520547945,76.39863333571657,81.95097549142271,1.8507807185687126,B,20.289592760180994,22.52314814814815
J25 Clerics 1,1,"Taborax, Hope's Demise",{2}{B},1135,658,477,1135,658,477,0.5797356828193833,65.54003345514863,71.03276365418472,1.8309100663453624,C,20.33434650455927,21.9937106918239
J25 Clerics 1,1,"Scion of the Swarm",{3}{B}{B},1100,648,452,1100,648,452,0.5890909090909091,85.0021140874686,90.43450555727641,1.8107971566026047,B,21.27314814814815,22.652654867256636
J25 Clerics 1,1,"Skemfar Shadowsage",{3}{B},1092,621,471,1092,621,471,0.5686813186813187,68.92184844350491,74.31990072845315,1.7993507616494138,B,21.278582930756844,22.348195329087048
J25 Clerics 1,1,"Eerie Soultender",{2}{B},1174,620,554,1174,620,554,0.5281090289608177,45.17693184413696,50.60551200731096,1.8095267210580026,C,21.31290322580645,22.21480144404332
J25 Clerics 1,1,"Koma's Faithful",{2}{B},1133,607,526,1133,607,526,0.5357458075904677,48.6858433947418,54.207792713302666,1.8406497728536204,C,21.070840197693574,22.32319391634981
J25 Clerics 1,1,"Bonecaller Cleric",{1}{B},1063,582,481,1063,582,481,0.5475070555032926,51.03505756655807,56.385318675185886,1.7834203695426043,C,20.57388316151203,22.13929313929314
J25 Clerics 1,1,"Archfiend's Vessel",{B},1053,571,482,1053,571,482,0.5422602089268755,54.86868559249762,60.338532966077324,1.8232824578599012,C,20.765323992994745,21.66390041493776
J25 Clerics 1,1,"Revoke Demise",{4}{B},918,497,421,918,497,421,0.5413943355119826,45.764607743127826,51.13405154996176,1.789814602277979,C,22.02414486921529,22.755344418052257
J25 Clerics 1,1,"Dark Bargain",{3}{B},534,300,234,534,300,234,0.5617977528089888,15.21385440491464,20.76916409557856,1.8517698968879734,E,22.453333333333333,24.055555555555557
J25 Clerics 2,1,"Disfigure",{B},1140,571,569,1140,571,569,0.5008771929824561,64.21072268517706,69.5576498212164,1.7823090453464485,C,20.63572679509632,20.966608084358523
J25 Clerics 2,1,"Taborax, Hope's Demise",{2}{B},1082,568,514,1082,568,514,0.5249537892791127,69.3462482511755,74.50766330176668,1.720471683530397,B,20.670774647887324,20.708171206225682
J25 Clerics 2,1,"Koma's Faithful",{2}{B},1102,559,543,1102,559,543,0.5072595281306715,61.6572107911983,66.9970728189915,1.7799540092643975,C,20.88908765652952,20.755064456721914
J25 Clerics 2,1,"Priest of Gix",{2}{B},1067,524,543,1067,524,543,0.49109653233364575,48.80491693919867,53.95679141244717,1.7172914910828316,C,20.801526717557252,20.570902394106813
J25 Clerics 2,1,"Scion of the Swarm",{3}{B}{B},1016,522,494,1016,522,494,0.5137795275590551,76.88876611949885,82.08385436475662,1.7316960817525888,B,21.114942528735632,21.261133603238868
J25 Clerics 2,1,"Archfiend's Vessel",{B},1062,511,551,1062,511,551,0.4811676082862524,52.30042261692865,57.59582789798212,1.7651350936844892,C,20.659491193737768,20.78765880217786
J25 Clerics 2,1,"Bonecaller Cleric",{1}{B},1067,505,562,1067,505,562,0.4732895970009372,56.689390428079335,61.934159044181186,1.7482562053672832,C,20.704950495049506,20.4288256227758
J25 Clerics 2,1,"Elderfang Disciple",{1}{B},989,475,514,989,475,514,0.48028311425682507,35.10078853430958,40.37891645297701,1.7593759728891438,D,20.92,20.747081712062258
J25 Clerics 2,1,"Entomber Exarch",{2}{B}{B},962,462,500,962,462,500,0.4802494802494803,55.100210667126994,60.39239102995086,1.7640601209412878,C,21.935064935064936,21.132
J25 Clerics 2,1,"Revoke Demise",{4}{B},835,385,450,835,385,450,0.46107784431137727,43.00554299983716,48.2868233978719,1.7604267993449114,D,21.885714285714286,21.5
J25 Clerics 2,1,"Dark Bargain",{3}{B},534,294,240,534,294,240,0.550561797752809,40.855052165025015,46.09880664344571,1.7479181594735655,D,22.034013605442176,21.7125
J25 Clerics 2,1,"Severed Strands",{1}{B},5,4,1,5,4,1,0.8,78.5117992733324,96.65024221586329,6.046147647510296,B,28.0,33.0
J25 Clerics 3,1,"Vito, Thorn of the Dusk Rose",{2}{B},1245,647,598,1245,647,598,0.5196787148594377,84.25408284865641,89.6350298424298,1.7936489979244656,B,21.415765069551778,21.62876254180602
J25 Clerics 3,1,"Agonizing Syphon",{3}{B},1117,598,519,1117,598,519,0.5353625783348255,72.64909335611051,78.23873290437622,1.8632131827552343,B,21.96153846153846,22.759152215799613
J25 Clerics 3,1,"Moment of Craving",{1}{B},1156,584,572,1156,584,572,0.5051903114186851,61.27049449206817,66.94723181848492,1.8922457754722517,C,21.809931506849313,22.1993006993007
J25 Clerics 3,1,"Koma's Faithful",{2}{B},1151,554,597,1151,554,597,0.48132059079061684,52.83400984718889,58.426685311013486,1.8642251546082,C,21.736462093862816,22.48073701842546
J25 Clerics 3,1,"Eerie Soultender",{2}{B},1161,543,618,1161,543,618,0.46770025839793283,52.79052607776155,58.25554551230718,1.8216731448485435,C,22.16022099447514,22.385113268608414
J25 Clerics 3,1,"Revoke Demise",{4}{B},1005,541,464,1005,541,464,0.5383084577114428,63.52637141929877,69.09137210494254,1.855000228547923,C,21.959334565619223,22.896551724137932
J25 Clerics 3,1,"Bonecaller Cleric",{1}{B},1127,529,598,1127,529,598,0.46938775510204084,48.35821982752117,53.88560627472483,1.8424621490678865,C,21.722117202268432,22.339464882943144
J25 Clerics 3,1,"Skemfar Shadowsage",{3}{B},1094,511,583,1094,511,583,0.4670932358318099,56.3229574820322,62.006402825095506,1.894481781021101,C,21.968688845401175,22.847341337907377
J25 Clerics 3,1,"Elderfang Disciple",{1}{B},1019,488,531,1019,488,531,0.478900883218842,31.21882692105723,36.761859965290256,1.8476776814110096,D,21.848360655737704,22.62146892655367
J25 Clerics 3,1,"Scion of Darkness",{5}{B}{B}{B},957,454,503,957,454,503,0.47439916405433646,45.54993276416231,51.01229192459118,1.8207863868096241,C,22.72466960352423,22.254473161033797
J25 Clerics 3,1,"Dark Bargain",{3}{B},567,304,263,567,304,263,0.5361552028218695,20.48769602358621,26.100903253616547,1.8710690766767792,E,23.407894736842106,24.41444866920152
J25 Clerics 3,1,"Dark Supplicant",{B},9,1,8,9,1,8,0.1111111111111111,36.50247549932073,52.240717823139654,5.246080774606307,D,22.0,26.75
J25 Clerics 4,1,"Vito, Thorn of the Dusk Rose",{2}{B},1188,627,561,1188,627,561,0.5277777777777778,76.51069004368985,81.84431881199718,1.777876256102446,B,20.25358851674641,20.397504456327987
J25 Clerics 4,1,"Extinguish the Light",{2}{B}{B},1123,612,511,1123,612,511,0.5449688334817453,77.15972162201209,82.62453438959633,1.8216042558614143,B,21.15032679738562,21.213307240704502
J25 Clerics 4,1,"Scion of the Swarm",{3}{B}{B},953,550,403,953,550,403,0.577124868835257,85.93815592077416,91.13277571719604,1.731539932140626,B,21.594545454545454,21.63771712158809
J25 Clerics 4,1,"Archfiend's Vessel",{B},1104,545,559,1104,545,559,0.4936594202898551,45.75102912299464,51.212300812961885,1.8204238966557498,C,20.522935779816514,20.73345259391771
J25 Clerics 4,1,"Skemfar Shadowsage",{3}{B},1010,527,483,1010,527,483,0.5217821782178218,67.66829810542923,72.9566252886083,1.7627757277263543,B,21.229601518026566,21.196687370600415
J25 Clerics 4,1,"Priest of Forgotten Gods",{1}{B},1069,518,551,1069,518,551,0.4845650140318054,45.98068864719435,51.42775824784997,1.8156898668852082,C,21.183397683397683,20.524500907441016
J25 Clerics 4,1,"Bonecaller Cleric",{1}{B},1047,501,546,1047,501,546,0.4785100286532951,40.050748025463335,45.5048646173701,1.8180388639689238,D,21.15568862275449,20.562271062271062
J25 Clerics 4,1,"Priest of Gix",{2}{B},1078,493,585,1078,493,585,0.45732838589981445,40.365649952124684,45.924298178314444,1.8528827420632543,D,20.835699797160242,20.765811965811967
J25 Clerics 4,1,"Alchemist's Gift",{B},866,490,376,866,490,376,0.5658198614318707,51.55247193764897,56.8463484234576,1.7646254952695442,C,20.808163265306124,21.393617021276597
J25 Clerics 4,1,"Stronghold Confessor",{B},1052,489,563,1052,489,563,0.46482889733840305,54.304006834087744,59.7334904895239,1.809827885145386,C,20.703476482617585,20.376554174067497
J25 Clerics 4,1,"Revoke Demise",{4}{B},819,413,406,819,413,406,0.5042735042735043,56.01170881533998,61.27383723742861,1.7540428073628773,C,22.365617433414045,21.56896551724138
J25 Clerics 4,1,"Dark Bargain",{3}{B},559,319,240,559,319,240,0.5706618962432916,25.43841467232732,30.87903238944003,1.81353923903757,D,22.260188087774296,22.3625
J25 Copied 1,1,"Fire Prophecy",{1}{R},1154,551,603,1154,551,603,0.47746967071057195,65.29350147881267,71.14857231057228,1.9516902772532017,C,18.544464609800364,19.822553897180764
J25 Copied 1,1,"Fists of Flame",{1}{R},1125,524,601,1125,524,601,0.4657777777777778,30.279488616881736,35.86065494781617,1.8603887769781455,D,18.307251908396946,18.970049916805323
J25 Copied 1,1,"Invigorated Rampage",{1}{R},899,510,389,899,510,389,0.5672969966629589,67.36261648719614,73.08846558687475,1.9086163665595388,C,17.886274509803922,20.04884318766067
J25 Copied 1,1,"Young Pyromancer",{1}{R},1000,490,510,1000,490,510,0.49,62.588139239011014,68.18317437494349,1.8650117119774923,C,18.23469387755102,19.764705882352942
J25 Copied 1,1,"Renegade Tactics",{R},993,473,520,993,473,520,0.47633434038267874,30.83696758966533,36.46103416140843,1.8746888572476992,D,18.243128964059196,19.526923076923076
J25 Copied 1,1,"Zada, Hedron Grinder",{3}{R},999,448,551,999,448,551,0.44844844844844844,56.41000254272751,62.0425031297987,1.8775001956903983,C,19.100446428571427,19.61343012704174
J25 Copied 1,1,"Kiln Fiend",{1}{R},1031,442,589,1031,442,589,0.42870999030067897,51.32944563818156,56.92540051390441,1.8653182919076159,C,18.262443438914026,19.505942275042443
J25 Copied 1,1,"Spellgorger Weird",{2}{R},998,416,582,998,416,582,0.4168336673346693,52.85073302928386,58.50288434937359,1.8840504400299092,C,18.80528846153846,19.649484536082475
J25 Copied 1,1,"Guttersnipe",{2}{R},980,411,569,980,411,569,0.4193877551020408,59.137432955451985,64.74086333589801,1.867810126815342,C,18.48175182481752,19.293497363796135
J25 Copied 1,1,"Cyclops Electromancer",{4}{R},682,321,361,682,321,361,0.4706744868035191,78.24587473507002,83.83299921895588,1.8623748279619547,B,20.682242990654206,21.290858725761773
J25 Copied 1,1,"Crimson Wisps",{R},444,290,154,444,290,154,0.6531531531531531,52.42931738410389,58.252441537266876,1.9410413843876626,C,18.117241379310343,21.0
J25 Copied 1,1,"Scholar of Combustion",{3}{R},1,0,1,1,0,1,0.0,71.00878677433094,95.96364437713333,8.318285867600796,B,NaN,27.0
J25 Copied 2,1,"Fire Prophecy",{1}{R},1132,568,564,1132,568,564,0.5017667844522968,63.09374317458024,68.57011393007639,1.8254569184987168,C,18.757042253521128,19.359929078014183
J25 Copied 2,1,"Uncaged Fury",{2}{R},952,532,420,952,532,420,0.5588235294117647,58.68087974791111,64.05169309873196,1.7902711169402814,C,18.366541353383457,19.804761904761904
J25 Copied 2,2,"Ancestral Anger",{R},845,498,346,1364,805,559,0.5901759530791789,42.57353589385423,47.97310950925318,1.7998578717996492,D,17.954037267080746,19.43649373881932
J25 Copied 2,1,"Hearts on Fire",{1}{R},813,479,334,813,479,334,0.5891758917589176,63.351276883101875,68.56393439220773,1.7375525030352836,C,18.436325678496868,20.233532934131738
J25 Copied 2,1,"Young Pyromancer",{1}{R},962,475,487,962,475,487,0.49376299376299376,66.22880543610466,71.64746957523367,1.8062213797096671,C,18.905263157894737,19.258726899383984
J25 Copied 2,1,"Firespitter Whelp",{2}{R},1009,449,560,1009,449,560,0.4449950445986125,54.25467155555076,59.72184994939529,1.8223927979481778,C,19.111358574610247,18.894642857142856
J25 Copied 2,1,"Kiln Fiend",{1}{R},912,418,494,912,418,494,0.4583333333333333,48.31055187499631,53.694389878105746,1.7946126677031469,C,18.645933014354068,19.277327935222672
J25 Copied 2,1,"Zada, Hedron Grinder",{3}{R},939,404,535,939,404,535,0.43024494142705005,51.8119815469626,57.34882242329027,1.8456136254425586,C,19.64108910891089,19.08411214953271
J25 Copied 2,1,"Charmbreaker Devils",{5}{R},746,400,346,746,400,346,0.5361930294906166,102.46748684898971,107.61971192353634,1.717408358182213,A,20.2925,19.90173410404624
J25 Copied 2,1,"Cyclops Electromancer",{4}{R},527,242,285,527,242,285,0.45920303605313095,65.63125847249574,71.00122656741577,1.7899893649733432,C,21.425619834710744,21.326315789473686
J25 Copied 2,1,"Scholar of Combustion",{3}{R},3,2,1,3,2,1,0.6666666666666666,63.38625531788094,84.24279831057116,6.952180997563409,C,24.0,19.0
J25 Dinner,1,"Bite Down",{1}{G},1098,550,548,1098,550,548,0.5009107468123861,68.68226089928837,74.08139649734504,1.7997118660188922,B,22.53272727272727,22.16058394160584
J25 Dinner,1,"Fierce Witchstalker",{2}{G}{G},1068,534,534,1068,534,534,0.5,85.66431902010969,90.78460869698965,1.7067632256266552,B,22.713483146067414,22.580524344569287
J25 Dinner,1,"Gingerbrute",{1},1150,509,641,1150,509,641,0.4426086956521739,46.78581900533484,52.008666985814344,1.7409493268265015,C,22.583497053045186,21.341653666146644
J25 Dinner,1,"Hurska Sweet-Tooth",{2}{G},1076,501,575,1076,501,575,0.4656133828996282,76.31395673068961,81.48488009754091,1.7236411222837655,B,22.75249500998004,22.069565217391304
J25 Dinner,1,"Tough Cookie",{1}{G},1023,498,525,1023,498,525,0.4868035190615836,76.9314362498055,81.97977645601888,1.6827800687377918,B,21.96586345381526,21.86285714285714
J25 Dinner,1,"Tireless Provisioner",{2}{G},1033,483,550,1033,483,550,0.4675701839303001,61.588947315118105,66.9207493323593,1.7772673390804008,C,23.06832298136646,22.396363636363635
J25 Dinner,1,"Saurian Symbiote",{3}{G},961,473,488,961,473,488,0.4921956295525494,65.70103065232891,71.03857793754105,1.779182428404047,C,23.847780126849894,22.80327868852459
J25 Dinner,1,"Orchard Strider",{4}{G}{G},972,446,526,972,446,526,0.4588477366255144,47.74033578758715,52.94227497479854,1.7339797290704642,C,24.161434977578477,21.88212927756654
J25 Dinner,1,"Giant Opportunity",{2}{G},883,415,468,883,415,468,0.46998867497168745,52.71337516117218,58.076080110233804,1.7875683163538756,C,23.534939759036146,22.243589743589745
J25 Dinner,1,"Insatiable Appetite",{1}{G},896,414,482,896,414,482,0.46205357142857145,46.93153465173707,52.20620737250539,1.7582242402561061,C,22.26328502415459,21.63278008298755
J25 Dinner,1,"Trail of Crumbs",{1}{G},954,401,553,954,401,553,0.42033542976939203,19.054061111827313,24.438216310740476,1.794718399637721,E,24.22942643391521,21.141048824593128
J25 Dinner,1,"Maraleaf Rider",{1}{G},5,2,3,5,2,3,0.4,21.802977805472153,37.48121046162596,5.226077552051271,E,29.0,21.333333333333332
J25 Dinosaurs 1,1,"Ghalta, Primal Hunger",{10}{G}{G},938,765,173,938,765,173,0.8155650319829424,120.6730829711431,126.51103174853998,1.9459829257989576,S,19.07843137254902,21.346820809248555
J25 Dinosaurs 1,1,"Saurian Symbiote",{3}{G},1085,718,367,1085,718,367,0.6617511520737327,65.3399232199547,71.03459224450015,1.8982230081818154,C,19.798050139275766,20.6866485013624
J25 Dinosaurs 1,1,"Armored Kincaller",{2}{G},1081,715,366,1081,715,366,0.6614246068455134,86.06343096874859,91.871921212904,1.9361634147184679,B,19.352447552447554,20.26502732240437
J25 Dinosaurs 1,1,"Rampant Growth",{1}{G},1142,699,443,1142,699,443,0.6120840630472855,26.080189871553454,31.787579128906426,1.9024630857843237,D,19.316165951359086,18.90744920993228
J25 Dinosaurs 1,1,"Thrashing Brontodon",{1}{G}{G},1049,683,366,1049,683,366,0.6510962821734986,65.40567899370802,71.18485970724342,1.9263935711784663,C,19.380673499267935,19.838797814207652
J25 Dinosaurs 1,1,"Drowsing Tyrannodon",{1}{G},1064,674,390,1064,674,390,0.6334586466165414,48.618862786937854,54.521257865007286,1.967465026023143,C,19.26112759643917,20.182051282051283
J25 Dinosaurs 1,1,"Giant Growth",{G},979,667,312,979,667,312,0.6813074565883555,56.80995787974801,62.46450706684483,1.8848497290322732,C,19.031484257871064,20.115384615384617
J25 Dinosaurs 1,1,"Drover of the Mighty",{1}{G},973,632,341,973,632,341,0.6495375128468653,56.62364712599855,62.458878688335346,1.9450771874455972,C,18.553797468354432,19.973607038123166
J25 Dinosaurs 1,1,"Commune with Dinosaurs",{G},1030,625,405,1030,625,405,0.6067961165048543,12.076701823443463,17.7848453268799,1.9027145011454791,E,19.76,19.113580246913582
J25 Dinosaurs 1,1,"Colossal Dreadmaw",{4}{G}{G},929,622,307,929,622,307,0.6695371367061357,83.18462221831422,88.77041954734538,1.8619324430103874,B,19.771704180064308,20.63843648208469
J25 Dinosaurs 1,1,"Savage Stomp",{2}{G},890,612,278,890,612,278,0.6876404494382022,70.13501410801977,76.01355041975327,1.9595121039111671,B,19.11764705882353,20.07913669064748
J25 Dinosaurs 1,1,"Thundering Spineback",{5}{G}{G},658,434,224,658,434,224,0.6595744680851063,96.59831589894836,102.146180284322,1.8492881284578815,A,21.96082949308756,21.709821428571427
J25 Dinosaurs 2,1,"Ghalta, Primal Hunger",{10}{G}{G},963,776,187,963,776,187,0.8058151609553479,106.6868687873856,112.03407674241072,1.7824026516750364,A,19.184278350515463,21.657754010695186
J25 Dinosaurs 2,1,"Topiary Stomper",{1}{G}{G},1090,707,383,1090,707,383,0.6486238532110091,52.2879780199228,57.68675724430102,1.799593074792741,C,19.39038189533239,18.879895561357703
J25 Dinosaurs 2,1,"Rampant Growth",{1}{G},1145,659,486,1145,659,486,0.5755458515283843,23.172404426311182,28.76647927130317,1.864691614997329,D,19.261001517450683,18.5
J25 Dinosaurs 2,1,"Saurian Symbiote",{3}{G},1022,631,391,1022,631,391,0.6174168297455969,63.50573696232493,68.86202070764378,1.7854279151062822,C,20.456418383518226,20.616368286445013
J25 Dinosaurs 2,1,"Drowsing Tyrannodon",{1}{G},1042,631,411,1042,631,411,0.6055662188099808,57.52010996881267,63.081257976673086,1.853716002620139,C,19.434231378763865,20.090024330900242
J25 Dinosaurs 2,1,"Tail Swipe",{G},1028,630,398,1028,630,398,0.6128404669260701,53.167102890474354,58.73393529491413,1.8556108014799269,C,19.71746031746032,19.64824120603015
J25 Dinosaurs 2,1,"Colossal Dreadmaw",{4}{G}{G},930,612,318,930,612,318,0.6580645161290323,85.95802992459073,91.29831194916973,1.780094008192998,B,19.887254901960784,21.17295597484277
J25 Dinosaurs 2,1,"Commune with Dinosaurs",{G},1016,611,405,1016,611,405,0.6013779527559056,28.281536647533112,33.74589794590976,1.821453766125549,D,19.990180032733225,18.879012345679012
J25 Dinosaurs 2,1,"Cherished Hatchling",{1}{G},1036,595,441,1036,595,441,0.5743243243243243,41.17678401847606,46.65262483377181,1.825280271765248,D,20.20672268907563,19.768707482993197
J25 Dinosaurs 2,1,"Predator's Strike",{1}{G},927,590,337,927,590,337,0.6364617044228694,51.93361577094917,57.28300980827639,1.7831313457757412,C,19.527118644067798,20.00593471810089
J25 Dinosaurs 2,1,"Thrashing Brontodon",{1}{G}{G},964,583,381,964,583,381,0.6047717842323651,66.2746210432853,71.58819787341358,1.7711922767094268,C,20.02401372212693,19.695538057742784
J25 Dinosaurs 2,1,"Thundering Spineback",{5}{G}{G},667,439,228,667,439,228,0.6581709145427287,89.88636765735586,95.02424481755966,1.7126257200679347,B,21.60136674259681,21.36842105263158
J25 Dragons 1,1,"Bathe in Dragonfire",{2}{R},1108,586,522,1108,586,522,0.5288808664259927,74.1514258461779,79.41821221859058,1.7555954574708954,B,19.786689419795223,19.952107279693486
J25 Dragons 1,1,"Lathliss, Dragon Queen",{4}{R}{R},840,555,285,840,555,285,0.6607142857142857,122.6052822139851,127.69005905840189,1.6949256148055925,S,19.513513513513512,20.40701754385965
J25 Dragons 1,1,"Dragonlord's Servant",{1}{R},1037,544,493,1037,544,493,0.5245901639344263,53.50132599497553,58.73270586772834,1.743793290917604,C,19.277573529411764,20.275862068965516
J25 Dragons 1,1,"Firespitter Whelp",{2}{R},1029,530,499,1029,530,499,0.5150631681243926,73.47090272198768,78.5825235454988,1.703873607837041,B,19.29622641509434,19.288577154308616
J25 Dragons 1,1,"Rapacious Dragon",{4}{R},922,493,429,922,493,429,0.53470715835141,66.40167172784716,71.69026130614294,1.7628631927652607,C,19.527383367139958,20.33100233100233
J25 Dragons 1,1,"Forgotten Cave",no cost,1010,491,519,1010,491,519,0.4861386138613861,36.14024679893479,41.43135034367802,1.7637011815810761,D,19.4989816700611,18.502890173410403
J25 Dragons 1,1,"Dragon Whelp",{2}{R}{R},982,473,509,982,473,509,0.4816700610997963,72.94090558289359,77.8610136555982,1.6400360242348702,B,19.58139534883721,19.294695481335953
J25 Dragons 1,1,"Sparktongue Dragon",{3}{R}{R},863,453,410,863,453,410,0.5249130938586327,67.77122651561731,72.92821429429081,1.7189959262245007,B,20.147902869757175,20.065853658536586
J25 Dragons 1,1,"Dragon Hatchling",{1}{R},1008,446,562,1008,446,562,0.44246031746031744,55.712192192299455,60.796256144993194,1.694687984231247,C,19.54035874439462,19.209964412811388
J25 Dragons 1,1,"Carnelian Orb of Dragonkind",{2}{R},811,373,438,811,373,438,0.4599260172626387,28.579526651886628,33.91744504195947,1.7793061300242803,D,20.24396782841823,19.77625570776256
J25 Dragons 1,1,"Dragon's Fire",{1}{R},443,183,260,443,183,260,0.41309255079006774,54.943456932141125,60.20835231531717,1.754965127725348,C,20.273224043715846,20.55
J25 Dragons 1,1,"Seize the Spoils",{2}{R},379,167,212,379,167,212,0.44063324538258575,31.9857812288609,37.16121602418738,1.7251449317754934,D,21.07185628742515,21.27358490566038
J25 Dragons 2,1,"Dragonlord's Servant",{1}{R},1023,512,511,1023,512,511,0.5004887585532747,44.046562303190164,49.16272976032755,1.7053891523791287,D,19.396484375,19.78082191780822
J25 Dragons 2,1,"Sarkhan's Rage",{4}{R},903,479,424,903,479,424,0.530454042081949,79.14282670455493,84.29261460300606,1.7165959661503722,B,19.849686847599166,19.69575471698113
J25 Dragons 2,1,"Firespitter Whelp",{2}{R},1017,449,568,1017,449,568,0.4414945919370698,57.57969968843956,62.7165341681729,1.7122781599111128,C,19.164810690423163,19.132042253521128
J25 Dragons 2,1,"Sparktongue Dragon",{3}{R}{R},851,422,429,851,422,429,0.49588719153936545,74.74331351195285,79.75389073244394,1.670192406830363,B,20.26303317535545,19.892773892773892
J25 Dragons 2,1,"Forgotten Cave",no cost,998,421,577,998,421,577,0.4218436873747495,18.570304525829044,23.81587055320222,1.7485220091243918,E,19.695961995249405,18.38994800693241
J25 Dragons 2,1,"Dragon Whelp",{2}{R}{R},944,416,528,944,416,528,0.4406779661016949,73.31367867760171,78.27720245895632,1.6545079271182035,B,20.040865384615383,19.242424242424242
J25 Dragons 2,1,"Lathliss, Dragon Queen",{4}{R}{R},679,413,266,679,413,266,0.6082474226804123,109.51927447112308,114.56653168253305,1.682419070469991,A,20.314769975786923,20.951127819548873
J25 Dragons 2,1,"Dragon Hatchling",{1}{R},945,374,571,945,374,571,0.39576719576719577,45.90488073120058,50.96233139606832,1.6858168882892486,C,19.77005347593583,18.942206654991242
J25 Dragons 2,1,"Hellkite Whelp",{4}{R},781,374,407,781,374,407,0.4788732394366197,86.51814397480979,91.58615799304066,1.6893380060769558,B,20.155080213903744,19.914004914004913
J25 Dragons 2,1,"Sarkhan, Fireblood",{1}{R}{R},745,313,432,745,313,432,0.42013422818791946,46.51521144065715,51.73843000269784,1.7410728540135636,C,20.875399361022364,19.912037037037038
J25 Dragons 2,1,"Seize the Spoils",{2}{R},384,183,201,384,183,201,0.4765625,31.253199304277548,36.39320523304776,1.7133353095900705,D,22.371584699453553,21.28358208955224
J25 Dragons 2,1,"Dragon's Fire",{1}{R},440,174,266,440,174,266,0.39545454545454545,55.96300861917673,61.233758095472226,1.7569164920984972,C,20.79310344827586,20.93609022556391
J25 Drowned 1,1,"Silent Departure",{U},1267,537,730,1267,537,730,0.4238358326756117,50.84142223304217,56.408459071547085,1.855678946168306,C,22.089385474860336,20.584931506849315
J25 Drowned 1,1,"Expendable Lackey",{U},1167,500,667,1167,500,667,0.4284490145672665,47.192545840300475,52.64643605214061,1.8179634039467107,C,22.582,20.043478260869566
J25 Drowned 1,1,"Ipnu Rivulet",no cost,1291,498,793,1291,498,793,0.38574748257164987,26.465233677566864,32.096531227950024,1.8770991834610524,D,22.116465863453815,19.351828499369482
J25 Drowned 1,1,"Merfolk Pupil",{1}{U},1056,459,597,1056,459,597,0.4346590909090909,41.93946500519573,47.4625635222382,1.8410328390141573,D,22.459694989106755,20.19932998324958
J25 Drowned 1,1,"Screaming Swarm",{5}{U},946,453,493,946,453,493,0.4788583509513742,72.30727191490463,77.74083288434812,1.811186989814495,B,23.554083885209714,21.279918864097365
J25 Drowned 1,1,"Stitched Drake",{1}{U}{U},977,451,526,977,451,526,0.4616171954964176,68.24011845323443,73.67859372032883,1.812825089031468,B,22.889135254988915,20.899239543726235
J25 Drowned 1,1,"Neerdiv, Devious Diver",{2}{U},1037,445,592,1037,445,592,0.42912246865959497,52.261944443540415,57.821705857758076,1.853253804739221,C,22.8561797752809,20.20777027027027
J25 Drowned 1,1,"Organ Hoarder",{3}{U},985,434,551,985,434,551,0.44060913705583754,27.54811989626827,33.0718564831173,1.841245528949678,D,22.95852534562212,20.181488203266788
J25 Drowned 1,1,"Wall of Lost Thoughts",{1}{U},997,395,602,997,395,602,0.39618856569709127,38.964225199297196,44.691412951912895,1.9090625842052333,D,23.746835443037973,20.61794019933555
J25 Drowned 1,1,"Deep Analysis",{3}{U},899,385,514,899,385,514,0.42825361512791993,15.139740954165418,20.83446192381354,1.8982403232160403,E,23.36103896103896,19.990272373540854
J25 Drowned 1,1,"Shipwreck Dowser",{3}{U}{U},791,339,452,791,339,452,0.42857142857142855,54.17333752973005,59.74712594799732,1.8579294727557554,C,24.238938053097346,21.27212389380531
J25 Drowned 1,1,"Sudden Insight",{4}{U}{U},653,266,387,653,266,387,0.40735068912710565,19.500220492410612,24.978044443175943,1.8259413169217764,E,24.706766917293233,21.330749354005167
J25 Drowned 2,1,"Cackling Counterpart",{1}{U}{U},1215,555,660,1215,555,660,0.4567901234567901,84.87596785091196,90.09419932151603,1.7394104902013574,B,21.18918918918919,19.754545454545454
J25 Drowned 2,1,"Cruel Witness",{2}{U}{U},1020,452,568,1020,452,568,0.44313725490196076,75.15645464953084,80.43965411023099,1.7610664869000474,B,21.533185840707965,19.926056338028168
J25 Drowned 2,1,"Expendable Lackey",{U},1135,443,692,1135,443,692,0.3903083700440529,41.49384402528455,46.72520357692271,1.7437865172127198,D,21.467268623024832,19.70664739884393
J25 Drowned 2,1,"Draugr Thought-Thief",{2}{U},1099,423,676,1099,423,676,0.3848953594176524,55.001404406293084,60.43653432923797,1.8117099743149625,C,21.89125295508274,19.810650887573964
J25 Drowned 2,1,"Towering-Wave Mystic",{1}{U},1050,421,629,1050,421,629,0.40095238095238095,61.62275679396922,66.87958040062061,1.7522745355504656,C,21.21852731591449,19.6724960254372
J25 Drowned 2,1,"Neerdiv, Devious Diver",{2}{U},1066,406,660,1066,406,660,0.3808630393996248,46.046772900572364,51.38469861820628,1.7793085725446391,C,21.90394088669951,19.681818181818183
J25 Drowned 2,1,"Deep Analysis",{3}{U},988,402,586,988,402,586,0.4068825910931174,15.653024657475463,21.054672497201867,1.8005492799088012,E,22.062189054726367,19.274744027303754
J25 Drowned 2,1,"Screaming Swarm",{5}{U},841,391,450,841,391,450,0.464922711058264,89.63919050615675,94.7921681830068,1.7176592256166812,B,22.562659846547316,21.046666666666667
J25 Drowned 2,1,"Wall of Lost Thoughts",{1}{U},975,359,616,975,359,616,0.3682051282051282,50.50592496119275,55.8744277145106,1.7895009177726175,C,22.395543175487465,20.066558441558442
J25 Drowned 2,1,"Sudden Insight",{4}{U}{U},665,271,394,665,271,394,0.4075187969924812,32.36246528346262,37.72208967034976,1.7865414622957136,D,23.723247232472325,20.82741116751269
J25 Drowned 2,1,"Waker of Waves",{5}{U}{U},3,3,0,3,3,0,1.0,94.40159977880711,115.26045805477165,6.952952758654846,A,21.666666666666668,NaN
J25 Elves 1,1,"Razorgrass Invoker",{3}{G},1206,647,559,1206,647,559,0.5364842454394693,76.11674319098675,81.47906167089215,1.7874394933017976,B,20.370942812983,21.29159212880143
J25 Elves 1,1,"Thornweald Archer",{1}{G},1125,626,499,1125,626,499,0.5564444444444444,62.46649514329499,68.02621142572283,1.85323876080928,C,20.437699680511184,22.48496993987976
J25 Elves 1,1,"Tajuru Pathwarden",{4}{G},1126,615,511,1126,615,511,0.5461811722912966,69.68276695625678,75.16694761826726,1.8280602206701573,B,20.588617886178863,22.26614481409002
J25 Elves 1,1,"Llanowar Elves",{G},1144,613,531,1144,613,531,0.5358391608391608,38.94572733601754,44.23911074549892,1.7644611364937939,D,19.783034257748778,21.60828625235405
J25 Elves 1,1,"Band Together",{2}{G},1084,601,483,1084,601,483,0.5544280442804428,60.415256976724386,65.9030964428282,1.8292798220346054,C,20.527454242928453,21.652173913043477
J25 Elves 1,1,"Dionus, Elvish Archdruid",{3}{G},1059,597,462,1059,597,462,0.5637393767705382,55.6775816076675,61.05833721650268,1.79358520294506,C,20.34170854271357,22.32251082251082
J25 Elves 1,1,"Arbor Armament",{G},1034,572,462,1034,572,462,0.5531914893617021,52.09854875772343,57.52629086304117,1.809247368439247,C,20.251748251748253,21.818181818181817
J25 Elves 1,1,"Overcome",{3}{G}{G},885,572,313,885,572,313,0.6463276836158192,55.415888421006926,60.6609312910315,1.7483476233415263,C,19.664335664335663,20.945686900958467
J25 Elves 1,1,"Ghirapur Guide",{2}{G},1097,563,534,1097,563,534,0.5132178669097539,49.971872651229646,55.38923689293482,1.8057880805683912,C,20.428063943161636,21.49250936329588
J25 Elves 1,1,"Elvish Visionary",{1}{G},974,531,443,974,531,443,0.5451745379876797,30.782964371912456,36.36193211474583,1.8596559142777898,D,20.448210922787194,21.632054176072234
J25 Elves 1,1,"Leaf-Crowned Visionary",{G}{G},923,494,429,923,494,429,0.5352112676056338,48.05111310101872,53.51835757909533,1.822414826025537,C,21.046558704453442,21.976689976689975
J25 Elves 1,1,"Bounty of Skemfar",{2}{G},929,470,459,929,470,459,0.5059203444564048,20.421449671934795,25.844037767620012,1.8075293652284052,E,21.048936170212766,21.832244008714596
J25 Elves 2,1,"Elvish Archdruid",{1}{G}{G},1210,670,540,1210,670,540,0.5537190082644629,55.05847732004234,60.63302458500891,1.858182421655522,C,19.247761194029852,20.47222222222222
J25 Elves 2,1,"Razorgrass Invoker",{3}{G},1228,658,570,1228,658,570,0.5358306188925082,66.83825969141905,72.52406195778174,1.8952674221208956,C,20.346504559270517,20.892982456140352
J25 Elves 2,1,"Dwynen's Elite",{1}{G},1161,655,506,1161,655,506,0.5641688199827735,65.61192635297948,71.26316483071669,1.8837461592457356,C,19.30229007633588,20.881422924901187
J25 Elves 2,1,"Dionus, Elvish Archdruid",{3}{G},1127,637,490,1127,637,490,0.5652173913043478,70.49729771676107,75.97221259642791,1.824971626555612,B,19.971742543171114,21.053061224489795
J25 Elves 2,1,"Llanowar Elves",{G},1113,635,478,1113,635,478,0.5705300988319856,39.62115315983347,45.387357465501644,1.9220681018893917,D,19.2,20.930962343096233
J25 Elves 2,1,"Overcome",{3}{G}{G},916,600,316,916,600,316,0.6550218340611353,65.97206052348439,71.57173168839543,1.8665570549703479,C,19.046666666666667,19.97151898734177
J25 Elves 2,1,"High-Rise Sawjack",{2}{G},1084,594,490,1084,594,490,0.5479704797047971,72.55783181374936,78.18038689278524,1.8741850263452904,B,20.38047138047138,21.569387755102042
J25 Elves 2,1,"Might of the Masses",{G},993,584,409,993,584,409,0.5881168177240684,56.25946385016621,62.01227741117394,1.917604520335909,C,19.356164383561644,21.577017114914426
J25 Elves 2,1,"Kujar Seedsculptor",{1}{G},966,508,458,966,508,458,0.525879917184265,53.918473139494964,59.43767929571544,1.8397353854068246,C,20.133858267716537,21.111353711790393
J25 Elves 2,1,"Elvish Visionary",{1}{G},956,504,452,956,504,452,0.5271966527196653,36.70847395890935,42.31109265479478,1.867539565295141,D,20.06547619047619,21.108407079646017
J25 Elves 2,1,"Hunter's Edge",{3}{G},812,503,309,812,503,309,0.6194581280788177,85.00264114221795,90.55201031747838,1.8497897250868078,B,20.055666003976143,21.414239482200646
J25 Elves 2,1,"Bounty of Skemfar",{2}{G},961,487,474,961,487,474,0.5067637877211238,20.302371540546357,25.894466662709622,1.8640317073877553,E,20.498973305954827,20.829113924050635
J25 Elves 3,1,"Razorgrass Invoker",{3}{G},1230,659,571,1230,659,571,0.5357723577235772,70.61035410454573,76.08136687449515,1.8236709233164718,B,20.770864946889226,21.236427320490368
J25 Elves 3,1,"Thornweald Archer",{1}{G},1164,654,510,1164,654,510,0.5618556701030928,61.61762115062642,67.12824257983173,1.836873809735106,C,20.539755351681958,22.17450980392157
J25 Elves 3,1,"Tajuru Pathwarden",{4}{G},1175,643,532,1175,643,532,0.5472340425531915,68.18660066617285,73.67034721037079,1.8279155147326474,B,20.7900466562986,21.872180451127818
J25 Elves 3,1,"Overcome",{3}{G}{G},984,643,341,984,643,341,0.6534552845528455,70.32960702409588,75.73399510668438,1.801462694196166,B,19.729393468118197,20.574780058651026
J25 Elves 3,1,"Band Together",{2}{G},1114,621,493,1114,621,493,0.5574506283662477,71.06327703721306,76.7083739184425,1.8816989604098175,B,20.341384863123995,21.74239350912779
J25 Elves 3,1,"Llanowar Visionary",{2}{G},1119,611,508,1119,611,508,0.5460232350312779,33.321691040287824,38.72671730600113,1.8016754219044344,D,20.268412438625205,21.659448818897637
J25 Elves 3,1,"Llanowar Elves",{G},1105,601,504,1105,601,504,0.5438914027149321,45.76323285767056,51.04612991879229,1.7609656870405763,C,19.933444259567388,21.599206349206348
J25 Elves 3,1,"Dionus, Elvish Archdruid",{3}{G},1075,595,480,1075,595,480,0.5534883720930233,68.70039020779095,74.1369660816439,1.8121919579509858,B,20.556302521008405,22.25625
J25 Elves 3,1,"Dwynen's Elite",{1}{G},1075,589,486,1075,589,486,0.5479069767441861,59.49090102801887,64.8796738482112,1.7962576067307756,C,20.062818336162987,22.002057613168724
J25 Elves 3,1,"Go Forth",{G},1147,565,582,1147,565,582,0.4925893635571055,29.750617317489695,35.20542692248564,1.8182698683319827,D,20.079646017699115,20.972508591065292
J25 Elves 3,1,"Marwyn, the Nurturer",{2}{G},1056,541,515,1056,541,515,0.5123106060606061,57.16896898555939,62.69609780618903,1.8423762735432139,C,20.89279112754159,21.549514563106797
J25 Elves 3,1,"Bounty of Skemfar",{2}{G},923,468,455,923,468,455,0.5070422535211268,24.710710508448006,30.260127585711196,1.8498056924210633,D,21.51068376068376,21.914285714285715
J25 Elves 4,1,"Dionus, Elvish Archdruid",{3}{G},1066,528,538,1066,528,538,0.49530956848030017,73.43247891636317,78.81964546828034,1.7957221839723911,B,20.117424242424242,20.890334572490705
J25 Elves 4,1,"Arbor Armament",{G},1028,503,525,1028,503,525,0.4892996108949416,42.31593359176906,47.74037121281197,1.8081458736809708,D,19.817097415506957,20.388571428571428
J25 Elves 4,1,"Overcome",{3}{G}{G},822,502,320,822,502,320,0.610705596107056,63.33696351944782,68.55826936913655,1.7404352832295766,C,19.50796812749004,20.96875
J25 Elves 4,1,"Llanowar Elves",{G},1038,500,538,1038,500,538,0.4816955684007707,44.63289902422987,50.03766565702381,1.8015888775979785,D,19.66,20.58921933085502
J25 Elves 4,1,"Ghirapur Guide",{2}{G},1034,476,558,1034,476,558,0.46034816247582205,54.560185053415495,59.92620254947795,1.7886724986874838,C,20.49579831932773,20.530465949820787
J25 Elves 4,1,"Paradise Druid",{1}{G},996,475,521,996,475,521,0.47690763052208834,47.525077807747685,53.05012620256211,1.841682798271476,C,19.97684210526316,20.61996161228407
J25 Elves 4,1,"Reckless Amplimancer",{1}{G},1003,472,531,1003,472,531,0.47058823529411764,55.845950304706804,61.36021838456733,1.8380893599535093,C,20.258474576271187,20.725047080979284
J25 Elves 4,1,"Hunter's Edge",{3}{G},797,447,350,797,447,350,0.560853199498118,78.27992270780524,83.75019225507889,1.8234231824245462,B,19.926174496644297,21.705714285714286
J25 Elves 4,1,"High-Rise Sawjack",{2}{G},908,447,461,908,447,461,0.4922907488986784,65.71259054052197,71.22015800676232,1.8358558220801142,C,20.80536912751678,21.383947939262473
J25 Elves 4,1,"Ivy Lane Denizen",{3}{G},909,412,497,909,412,497,0.45324532453245325,66.85161000462558,72.32667805128062,1.8250226822183484,C,21.264563106796118,20.728370221327967
J25 Elves 4,1,"Voice of the Woods",{3}{G}{G},909,402,507,909,402,507,0.44224422442244227,54.777619655846905,60.2878222786655,1.8367342076061983,C,21.417910447761194,20.700197238658777
J25 Elves 4,1,"Tyvar Kell",{2}{G}{G},795,382,413,795,382,413,0.48050314465408805,60.97181025247531,66.29521061632562,1.7744667879501024,C,21.342931937172775,21.893462469733656
J25 Enchanted 1,1,"Banishing Light",{2}{W},1123,610,513,1123,610,513,0.5431878895814782,70.76684104234528,76.15687100794534,1.7966766552000213,B,20.80983606557377,21.181286549707604
J25 Enchanted 1,1,"Dreadful Apathy",{2}{W},1104,589,515,1104,589,515,0.5335144927536232,76.03991297034624,81.45540158041018,1.805162870021317,B,21.05942275042445,20.93398058252427
J25 Enchanted 1,1,"Glory Bearers",{3}{W},1053,541,512,1053,541,512,0.5137701804368471,65.5613175712549,70.8666726879077,1.7684517055509286,C,20.920517560073936,20.697265625
J25 Enchanted 1,1,"Flutterfox",{1}{W},1120,538,582,1120,538,582,0.48035714285714287,49.42871903294689,54.94503459440766,1.8387718538202578,C,20.353159851301115,20.173539518900345
J25 Enchanted 1,1,"Spirited Companion",{1}{W},1009,527,482,1009,527,482,0.5222993062438057,36.65814074405367,42.22650179108134,1.8561203490092235,D,20.810246679316887,20.91286307053942
J25 Enchanted 1,1,"Indomitable Will",{1}{W},1006,516,490,1006,516,490,0.5129224652087475,50.41382561814132,55.74200446256698,1.7760596148085543,C,20.852713178294575,20.63877551020408
J25 Enchanted 1,1,"Chosen by Heliod",{1}{W},1009,498,511,1009,498,511,0.49355797819623387,34.062077021517766,39.5231360057922,1.8203529947581454,D,21.126506024096386,20.397260273972602
J25 Enchanted 1,1,"Favored of Iroas",{2}{W},1033,493,540,1033,493,540,0.47725072604065827,50.00553103780206,55.348438995395824,1.7809693191979215,C,21.006085192697768,20.54259259259259
J25 Enchanted 1,1,"Captivating Unicorn",{4}{W},927,459,468,927,459,468,0.49514563106796117,62.91461094763285,68.30795149099394,1.7977801811203626,C,21.679738562091504,21.1517094017094
J25 Enchanted 1,1,"Psemilla, Meletian Poet",{2}{W},942,430,512,942,430,512,0.4564755838641189,60.965406841676426,66.33115283617862,1.788581998167397,C,22.090697674418603,21.05078125
J25 Enchanted 1,1,"Archon of Falling Stars",{4}{W}{W},785,397,388,785,397,388,0.5057324840764331,83.19229997936414,88.4780890118836,1.7619296775064885,B,22.403022670025187,21.969072164948454
J25 Enchanted 1,1,"Eidolon of Astral Winds",{2}{W},108,6,102,108,6,102,0.05555555555555555,13.246173168595162,21.838024997673607,2.863950609692815,E,29.5,19.323529411764707
J25 Enchanted 2,1,"Banishing Light",{2}{W},1131,662,469,1131,662,469,0.5853227232537578,67.29812230878721,72.97113461581995,1.8910041023442432,C,22.518126888217523,22.46908315565032
J25 Enchanted 2,1,"Cartouche of Solidarity",{W},1095,637,458,1095,637,458,0.5817351598173516,67.41045215679775,73.04837169082032,1.8793065113408585,C,21.406593406593405,22.150655021834062
J25 Enchanted 2,1,"Cage of Hands",{2}{W},1100,627,473,1100,627,473,0.57,72.30222745709199,77.9580866104696,1.8852863844592058,B,22.42902711323764,22.54968287526427
J25 Enchanted 2,1,"Flutterfox",{1}{W},1082,625,457,1082,625,457,0.577634011090573,69.05582692047366,74.65790618888052,1.8673597561356203,B,21.4432,21.98249452954048
J25 Enchanted 2,1,"Indomitable Will",{1}{W},1063,611,452,1063,611,452,0.5747883349012229,59.0724553529386,64.84652541051338,1.924690019191594,C,22.358428805237317,22.161504424778762
J25 Enchanted 2,1,"Glory Bearers",{3}{W},1080,607,473,1080,607,473,0.562037037037037,70.84587095353659,76.50503144035888,1.8863868289407606,B,22.2668863261944,22.38477801268499
J25 Enchanted 2,1,"Nyx-Fleece Ram",{1}{W},1029,596,433,1029,596,433,0.5792031098153547,71.22094045590964,76.94043903645539,1.9064995268485798,B,23.37751677852349,23.33256351039261
J25 Enchanted 2,1,"Golden-Tail Disciple",{2}{W},1046,592,454,1046,592,454,0.5659655831739961,55.54438403813978,61.30384613880024,1.919820700220151,C,22.511824324324323,22.57488986784141
J25 Enchanted 2,1,"Sunblade Samurai",{4}{W},989,576,413,989,576,413,0.5824064711830131,62.62290629974722,68.23516544909924,1.870753049784006,C,22.600694444444443,22.544794188861985
J25 Enchanted 2,1,"Psemilla, Meletian Poet",{2}{W},1014,566,448,1014,566,448,0.5581854043392505,68.56910712001479,74.13326091193088,1.8547179306386934,B,22.902826855123674,22.392857142857142
J25 Enchanted 2,1,"Archon of Falling Stars",{4}{W}{W},817,500,317,817,500,317,0.6119951040391677,92.66101780295239,98.3189570273511,1.8859797414662374,A,23.33,23.965299684542586
J25 Enchanted 2,1,"Eidolon of Astral Winds",{2}{W},78,3,75,78,3,75,0.038461538461538464,11.203603658377356,19.79387318309323,2.863423174905291,E,33.666666666666664,19.213333333333335
J25 Enchanted 3,1,"Serra's Embrace",{2}{W}{W},1094,791,303,1094,791,303,0.7230347349177331,96.29339011018496,101.74807247316552,1.8182274543268542,A,20.285714285714285,21.475247524752476
J25 Enchanted 3,1,"Banishing Light",{2}{W},1159,777,382,1159,777,382,0.6704055220017257,66.92772738260656,72.35430355391803,1.8088587237704876,C,20.81981981981982,21.62565445026178
J25 Enchanted 3,1,"Flutterfox",{1}{W},1079,683,396,1079,683,396,0.6329935125115848,58.90850363786855,64.41031035687578,1.8339355730024114,C,20.69546120058565,21.36868686868687
J25 Enchanted 3,1,"Divine Favor",{1}{W},1058,682,376,1058,682,376,0.6446124763705104,62.042570258003614,67.48436483399999,1.8139315253321253,C,21.321114369501466,21.22340425531915
J25 Enchanted 3,1,"Golden-Tail Disciple",{2}{W},1067,679,388,1067,679,388,0.6363636363636364,68.50918497992434,74.03180315329838,1.8408727244580143,B,21.440353460972016,21.45876288659794
J25 Enchanted 3,1,"Sunblade Samurai",{4}{W},1068,669,399,1068,669,399,0.6264044943820225,63.344965480542456,68.67211407469007,1.775716198049204,C,21.532137518684603,21.06766917293233
J25 Enchanted 3,1,"Glory Bearers",{3}{W},1020,658,362,1020,658,362,0.6450980392156863,62.00212600659103,67.28277273700584,1.7602155768049397,C,21.180851063829788,21.12154696132597
J25 Enchanted 3,1,"Nyx-Fleece Ram",{1}{W},1017,657,360,1017,657,360,0.6460176991150443,74.98374755880447,80.60628740694936,1.874179949381633,B,22.32420091324201,22.144444444444446
J25 Enchanted 3,1,"Indomitable Will",{1}{W},992,629,363,992,629,363,0.6340725806451613,58.29356949002887,63.73073012343377,1.8123868778016345,C,21.456279809220987,21.490358126721762
J25 Enchanted 3,1,"Starfield Mystic",{1}{W},1038,621,417,1038,621,417,0.5982658959537572,50.14183736996601,55.47854489038174,1.7789025068052433,C,21.04830917874396,20.901678657074342
J25 Enchanted 3,1,"Nykthos Paragon",{4}{W}{W},828,576,252,828,576,252,0.6956521739130435,82.85137031512234,88.42612343593599,1.8582510402712171,B,22.33159722222222,21.928571428571427
J25 Enchanted 3,1,"Psemilla, Meletian Poet",{2}{W},929,575,354,929,575,354,0.6189451022604952,70.07351545470314,75.62417028497015,1.8502182767556683,B,22.026086956521738,21.573446327683616
J25 Enchanted 4,1,"Archon of Sun's Grace",{2}{W}{W},1139,880,259,1139,880,259,0.7726075504828798,123.43743793038507,129.06360827326313,1.875390114292685,S,19.37727272727273,21.285714285714285
J25 Enchanted 4,1,"Banishing Light",{2}{W},1130,786,344,1130,786,344,0.695575221238938,67.38470303331434,72.94041315119709,1.8519033726275858,C,19.977099236641223,21.61046511627907
J25 Enchanted 4,1,"Dreadful Apathy",{2}{W},1121,751,370,1121,751,370,0.6699375557537912,72.36304163507491,78.00462993995525,1.8805294349601156,B,19.909454061251665,21.2027027027027
J25 Enchanted 4,1,"Indomitable Will",{1}{W},1074,700,374,1074,700,374,0.6517690875232774,51.59579075002721,57.10649698868379,1.8369020795521922,C,20.072857142857142,21.24331550802139
J25 Enchanted 4,1,"Golden-Tail Disciple",{2}{W},1020,680,340,1020,680,340,0.6666666666666666,58.37931411386457,63.90420081347739,1.8416288998709416,C,20.30735294117647,21.04705882352941
J25 Enchanted 4,1,"Sunblade Samurai",{4}{W},1047,679,368,1047,679,368,0.6485195797516714,58.70958602348852,64.19686360278818,1.8290925264332214,C,20.689248895434464,21.035326086956523
J25 Enchanted 4,1,"Angelic Gift",{1}{W},1006,678,328,1006,678,328,0.6739562624254473,44.15952068725475,49.55408197925463,1.7981870973332954,D,19.5,20.76829268292683
J25 Enchanted 4,1,"Flutterfox",{1}{W},1010,666,344,1010,666,344,0.6594059405940594,52.622542068174305,58.0683851861877,1.8152810393377985,C,19.52252252252252,20.773255813953487
J25 Enchanted 4,1,"Spirited Companion",{1}{W},946,656,290,946,656,290,0.693446088794926,52.16786073459026,57.81064113943225,1.880926801613996,C,20.108231707317074,21.051724137931036
J25 Enchanted 4,1,"Favored of Iroas",{2}{W},955,594,361,955,594,361,0.6219895287958115,54.458794160076685,60.02635789454823,1.8558545781571802,C,20.585858585858585,20.89196675900277
J25 Enchanted 4,1,"Psemilla, Meletian Poet",{2}{W},892,560,332,892,560,332,0.6278026905829597,55.85201462578341,61.377250434497896,1.8417452695714938,C,20.603571428571428,21.55722891566265
J25 Enchanted 4,1,"Archon of Falling Stars",{4}{W}{W},776,525,251,776,525,251,0.6765463917525774,83.15252101862754,88.56474778261267,1.804075587995042,B,21.13142857142857,22.43027888446215
J25 Encounter 1,1,"Aggressive Instinct",{1}{G},1065,560,505,1065,560,505,0.5258215962441315,58.910837629610796,64.17533152193135,1.754831297440187,C,19.817857142857143,19.827722772277227
J25 Encounter 1,1,"Greenwood Sentinel",{1}{G},1031,522,509,1031,522,509,0.5063045586808923,59.35756635300844,64.60220090882078,1.748211518604112,C,19.519157088122604,19.721021611001966
J25 Encounter 1,1,"Biogenic Upgrade",{4}{G}{G},787,516,271,787,516,271,0.6556543837357052,88.41135571827243,93.50358792154667,1.6974107344247455,B,19.335271317829456,20.3690036900369
J25 Encounter 1,1,"Snakeskin Veil",{G},896,505,391,896,505,391,0.5636160714285714,63.11475920894753,68.33223962335413,1.7391601381355313,C,19.72079207920792,19.649616368286445
J25 Encounter 1,1,"Spined Tyrranax",{4}{G},880,491,389,880,491,389,0.5579545454545455,101.59462296107196,106.59857553986433,1.667984192930786,A,19.89816700610998,20.02313624678663
J25 Encounter 1,1,"Mowu, Loyal Companion",{3}{G},908,491,417,908,491,417,0.5407488986784141,58.80465615620986,64.08046785479607,1.7586038995287365,C,19.95519348268839,19.772182254196643
J25 Encounter 1,1,"Ainok Artillerist",{2}{G},922,465,457,922,465,457,0.5043383947939263,52.9427839303007,58.16136093214661,1.73952566728197,C,20.22795698924731,19.51859956236324
J25 Encounter 1,1,"Deepwood Denizen",{2}{G},1000,457,543,1000,457,543,0.457,52.450611007825735,57.78222358187615,1.7772041913501395,C,19.77680525164114,18.990791896869244
J25 Encounter 1,1,"Servant of the Scale",{G},890,457,433,890,457,433,0.5134831460674157,50.50023292418866,55.839545659955604,1.779770911922316,C,19.632385120350108,19.38568129330254
J25 Encounter 1,1,"Duskshell Crawler",{1}{G},807,436,371,807,436,371,0.540272614622057,61.60281581309646,66.86420913014913,1.7537977723508908,C,19.589449541284402,20.169811320754718
J25 Encounter 1,1,"Jiang Yanggu, Wildcrafter",{2}{G},751,403,348,751,403,348,0.5366178428761651,51.68066109181281,56.877670164775466,1.7323363576542186,C,20.5409429280397,20.49425287356322
J25 Encounter 1,1,"Forgotten Ancient",{3}{G},638,352,286,638,352,286,0.5517241379310345,68.8525250538023,74.04838966619758,1.7319548707984262,B,20.369318181818183,20.472027972027973
J25 Encounter 2,1,"Aggressive Instinct",{1}{G},985,518,467,985,518,467,0.5258883248730964,54.43771942854262,59.77697445454258,1.7797516753333196,C,20.41891891891892,20.115631691648822
J25 Encounter 2,1,"Invigorating Surge",{2}{G},793,506,287,793,506,287,0.6380832282471627,80.62863556782288,86.10395098264205,1.8251051382730548,B,19.91501976284585,20.637630662020907
J25 Encounter 2,1,"Greenwood Sentinel",{1}{G},997,501,496,997,501,496,0.5025075225677031,57.30261691632827,62.7778516222121,1.8250782352946087,C,20.297405189620758,20.47782258064516
J25 Encounter 2,1,"Stony Strength",{G},901,496,405,901,496,405,0.5504994450610433,50.89429964489318,56.410283469801556,1.838661274969458,C,19.955645161290324,20.2320987654321
J25 Encounter 2,1,"Mowu, Loyal Companion",{3}{G},920,453,467,920,453,467,0.4923913043478261,66.37855249580167,71.70312427895995,1.7748572610527584,C,20.699779249448124,20.15203426124197
J25 Encounter 2,1,"Jungle Delver",{G},901,443,458,901,443,458,0.4916759156492786,47.7051844518994,53.2105717540244,1.835129100708334,C,19.96839729119639,20.17467248908297
J25 Encounter 2,1,"Duskshell Crawler",{1}{G},793,431,362,793,431,362,0.5435056746532156,54.60376657003614,59.98858008310404,1.7949378376892977,C,20.443155452436194,20.99171270718232
J25 Encounter 2,1,"Spined Tyrranax",{4}{G},833,424,409,833,424,409,0.5090036014405762,95.51787910474201,100.62207626270056,1.7013990526528486,A,20.346698113207548,20.359413202933986
J25 Encounter 2,1,"Deepwood Denizen",{2}{G},986,424,562,986,424,562,0.4300202839756592,49.13204434244901,54.58149265039698,1.8164827693159926,C,20.67924528301887,19.133451957295375
J25 Encounter 2,1,"Saurian Symbiote",{3}{G},855,419,436,855,419,436,0.49005847953216375,55.42009994721761,60.92375244891767,1.8345508339000207,C,21.465393794749403,21.470183486238533
J25 Encounter 2,1,"Oran-Rief Ooze",{2}{G},794,410,384,794,410,384,0.5163727959697733,66.23019904494109,71.67740275919554,1.815734571418154,C,20.44390243902439,20.908854166666668
J25 Encounter 2,1,"Jiang Yanggu, Wildcrafter",{2}{G},791,401,390,791,401,390,0.506953223767383,56.252745470013835,61.491235316992345,1.7461632823261704,C,20.960099750623442,20.576923076923077
J25 Encounter 3,1,"Biogenic Upgrade",{4}{G}{G},854,576,278,854,576,278,0.6744730679156908,97.84894175566586,103.16579353955082,1.7722839279616505,A,19.289930555555557,19.658273381294965
J25 Encounter 3,1,"Aggressive Instinct",{1}{G},1002,551,451,1002,551,451,0.5499001996007984,62.15349131233874,67.61423437433876,1.8202476873333422,C,19.18693284936479,20.108647450110865
J25 Encounter 3,1,"Snakeskin Veil",{G},978,525,453,978,525,453,0.5368098159509203,47.79074792559765,53.03483423208684,1.748028768829729,C,18.86857142857143,19.56953642384106
J25 Encounter 3,1,"Spined Tyrranax",{4}{G},882,508,374,882,508,374,0.5759637188208617,112.43302014166667,117.51693195427495,1.6946372708694284,S,19.549212598425196,19.852941176470587
J25 Encounter 3,1,"Reckless Amplimancer",{1}{G},990,489,501,990,489,501,0.49393939393939396,49.519891073907566,54.92111393425756,1.800407620116665,C,19.611451942740285,19.820359281437124
J25 Encounter 3,1,"Mowu, Loyal Companion",{3}{G},967,486,481,967,486,481,0.5025853154084798,64.08230151804366,69.3661049078384,1.7612677965982455,C,19.444444444444443,19.744282744282746
J25 Encounter 3,1,"Rishkar, Peema Renegade",{2}{G},876,477,399,876,477,399,0.5445205479452054,48.67010843660786,53.91578376335656,1.7485584422495648,C,19.30817610062893,20.215538847117795
J25 Encounter 3,1,"Deepwood Denizen",{2}{G},1011,473,538,1011,473,538,0.4678536102868447,40.46509436557723,45.81531764904341,1.7834077611553936,D,19.60042283298097,18.743494423791823
J25 Encounter 3,1,"Servant of the Scale",{G},919,470,449,919,470,449,0.5114254624591947,40.34073154429751,45.74381796643672,1.8010288073797358,D,19.138297872340427,20.053452115812917
J25 Encounter 3,1,"Duskshell Crawler",{1}{G},871,461,410,871,461,410,0.529276693455798,62.12987000393072,67.38795809517315,1.7526960304141417,C,19.442516268980476,20.290243902439023
J25 Encounter 3,1,"Saurian Symbiote",{3}{G},785,403,382,785,403,382,0.513375796178344,65.52210550141349,70.8701799256725,1.7826914747530027,C,20.890818858560795,20.905759162303664
J25 Encounter 3,1,"Jiang Yanggu, Wildcrafter",{2}{G},790,391,399,790,391,399,0.49493670886075947,54.1855219512395,59.3196655661814,1.7113812049806332,C,20.10230179028133,20.107769423558896
J25 Encounter 4,1,"Quirion Beastcaller",{1}{G},994,636,358,994,636,358,0.6398390342052314,70.88623030669487,76.3816294065628,1.8317996999559765,B,18.77358490566038,20.131284916201118
J25 Encounter 4,1,"Hungry Megasloth",{2}{G},1031,603,428,1031,603,428,0.5848690591658584,68.6491684517171,74.15652216008152,1.8357845694548052,B,20.150912106135987,19.922897196261683
J25 Encounter 4,1,"Aggressive Instinct",{1}{G},1070,587,483,1070,587,483,0.5485981308411215,63.07912078207147,68.48957684023496,1.8034853527211623,C,20.4190800681431,20.041407867494826
J25 Encounter 4,1,"Gnarlid Colony",{1}{G},1028,578,450,1028,578,450,0.5622568093385214,62.80025436701159,68.22505879317023,1.8082681420528812,C,20.06228373702422,19.67111111111111
J25 Encounter 4,1,"Mowu, Loyal Companion",{3}{G},1028,575,453,1028,575,453,0.5593385214007782,67.04364273243795,72.53565085036348,1.830669372641848,C,20.754782608695653,19.68211920529801
J25 Encounter 4,1,"Pridemalkin",{2}{G},944,555,389,944,555,389,0.5879237288135594,66.0419842364649,71.46795912625855,1.808658296597883,C,20.230630630630632,20.10796915167095
J25 Encounter 4,1,"Big Play",{1}{G},854,545,309,854,545,309,0.6381733021077284,63.921843271004434,69.29553373530743,1.7912301547676648,C,20.16330275229358,20.68284789644013
J25 Encounter 4,1,"Deepwood Denizen",{2}{G},1098,545,553,1098,545,553,0.49635701275045535,48.423731337399886,54.05142109043217,1.8758965843440958,C,20.277064220183487,19.126582278481013
J25 Encounter 4,1,"Armorcraft Judge",{3}{G},644,437,207,644,437,207,0.6785714285714286,60.53474602665735,66.15044672355268,1.8719002322984406,C,21.549199084668192,21.903381642512077
J25 Encounter 4,1,"Jiang Yanggu, Wildcrafter",{2}{G},823,419,404,823,419,404,0.5091130012150669,52.72858752151146,58.18216335920529,1.8178586125646115,C,21.028639618138424,20.43069306930693
J25 Encounter 4,1,"Primeval Bounty",{5}{G},617,363,254,617,363,254,0.5883306320907618,89.60733100372667,94.81718009293691,1.736616363070077,B,22.980716253443525,19.858267716535433
J25 Encounter 4,1,"Moldgraf Millipede",{4}{G},252,142,110,252,142,110,0.5634920634920635,62.922707964087266,68.55489277613415,1.8773949373489613,C,25.612676056338028,23.8
J25 Explorers 1,1,"Clear Shot",{2}{G},1179,636,543,1179,636,543,0.539440203562341,63.61857239835658,69.0753050458878,1.818910882510408,C,19.641509433962263,20.173112338858196
J25 Explorers 1,1,"Braulios of Pheres Band",{3}{G}{G},990,603,387,990,603,387,0.6090909090909091,72.61283345712854,78.15223579733893,1.8464674467367934,B,19.615257048092868,20.183462532299743
J25 Explorers 1,1,"Razorgrass Invoker",{3}{G},1154,595,559,1154,595,559,0.5155979202772963,65.72587010950143,71.1046989839838,1.7929429581607867,C,19.939495798319328,19.842576028622542
J25 Explorers 1,1,"Go Forth",{G},1114,568,546,1114,568,546,0.5098743267504489,39.975287566970444,45.41521003525567,1.8133074894284078,D,19.889084507042252,19.543956043956044
J25 Explorers 1,1,"Ghirapur Guide",{2}{G},1125,543,582,1125,543,582,0.4826666666666667,58.85874732509979,64.39876742047363,1.846673365124613,C,19.91160220994475,19.79725085910653
J25 Explorers 1,1,"Tireless Provisioner",{2}{G},1060,526,534,1060,526,534,0.4962264150943396,64.95156228291765,70.43169128694097,1.8267096680077752,C,19.950570342205324,20.312734082397004
J25 Explorers 1,1,"Slimy Piper",{1}{G},1064,511,553,1064,511,553,0.48026315789473684,49.426142093772135,54.990019442367526,1.8546257828651298,C,19.360078277886497,19.858951175406872
J25 Explorers 1,1,"Adventurous Impulse",{G},1084,508,576,1084,508,576,0.46863468634686345,24.155511945004186,29.63843780458784,1.827641953194552,D,19.69291338582677,19.69097222222222
J25 Explorers 1,1,"Shardless Outlander",{7},1013,493,520,1013,493,520,0.4866732477788746,38.63576953245019,44.07816719778242,1.8141325551107423,D,20.16024340770791,19.892307692307693
J25 Explorers 1,1,"Ainok Guide",{1}{G},984,439,545,984,439,545,0.44613821138211385,48.63237109041158,54.00932622247683,1.7923183773550821,C,20.453302961275625,19.691743119266054
J25 Explorers 1,1,"Explore",{1}{G},778,383,395,778,383,395,0.4922879177377892,37.98011338968242,43.51569418246436,1.8451935975939795,D,19.475195822454307,19.59240506329114
J25 Explorers 1,1,"Realm Seekers",{4}{G}{G},273,140,133,273,140,133,0.5128205128205128,90.71635672572444,96.31220845902196,1.8652839110991741,A,20.65714285714286,20.383458646616543
J25 Explorers 2,1,"Clear Shot",{2}{G},1153,621,532,1153,621,532,0.5385949696444059,69.58750935194684,75.14419852709807,1.852229725050412,B,19.966183574879228,20.49812030075188
J25 Explorers 2,1,"Braulios of Pheres Band",{3}{G}{G},994,603,391,994,603,391,0.6066398390342053,67.36049675281188,72.85651194762654,1.8320050649382196,C,19.58872305140962,20.67774936061381
J25 Explorers 2,1,"Go Forth",{G},1149,587,562,1149,587,562,0.5108790252393386,30.328343496092675,35.70951649637242,1.793724333426583,D,19.965928449744464,19.97153024911032
J25 Explorers 2,1,"Razorgrass Invoker",{3}{G},1110,566,544,1110,566,544,0.5099099099099099,67.46159951751156,72.88764580021328,1.8086820942339061,B,20.09540636042403,20.204044117647058
J25 Explorers 2,1,"Tireless Tracker",{2}{G},1053,514,539,1053,514,539,0.4881291547958215,57.900469776828686,63.37164277075091,1.823724331307407,C,20.313229571984436,20.703153988868273
J25 Explorers 2,1,"Slimy Piper",{1}{G},1054,509,545,1054,509,545,0.4829222011385199,50.76295107192253,56.32661341212737,1.854554113401614,C,20.174852652259332,20.741284403669724
J25 Explorers 2,1,"Byway Courier",{2}{G},1041,499,542,1041,499,542,0.4793467819404419,49.29887079327172,54.77248547470606,1.824538227144781,C,20.326653306613228,20.31180811808118
J25 Explorers 2,1,"Shardless Outlander",{7},1019,489,530,1019,489,530,0.47988223748773307,45.009643209632415,50.4838003438422,1.8247190447365933,C,20.629856850715747,20.558490566037737
J25 Explorers 2,1,"Primeval Herald",{3}{G},1027,487,540,1027,487,540,0.4741966893865628,52.177500149214,57.558043502955485,1.7935144512471612,C,20.359342915811087,20.248148148148147
J25 Explorers 2,1,"Ainok Guide",{1}{G},1015,469,546,1015,469,546,0.46206896551724136,52.64258470991433,58.242663601549935,1.8666929638785343,C,20.586353944562898,20.479853479853478
J25 Explorers 2,1,"Explore",{1}{G},769,388,381,769,388,381,0.5045513654096229,38.787373165634136,44.33380548217966,1.848810772181843,D,20.048969072164947,20.0
J25 Explorers 2,1,"Ulvenwald Mysteries",{2}{G},871,354,517,871,354,517,0.40642939150401836,35.52353179244274,41.0642486614111,1.846905622989453,D,21.63276836158192,20.286266924564796
J25 Explorers 3,1,"Go Forth",{G},1206,728,478,1206,728,478,0.603648424543947,37.91197215578738,43.31672293917654,1.8015835944630532,D,19.929945054945055,19.62133891213389
J25 Explorers 3,1,"Clear Shot",{2}{G},1130,721,409,1130,721,409,0.6380530973451327,75.5171081999294,81.00095687994944,1.8279495600066844,B,20.251040221914007,20.584352078239608
J25 Explorers 3,1,"Briarbridge Tracker",{2}{G},1110,673,437,1110,673,437,0.6063063063063063,67.16036460339973,72.60989800556352,1.816511134054597,C,20.074294205052006,20.31121281464531
J25 Explorers 3,1,"Braulios of Pheres Band",{3}{G}{G},968,667,301,968,667,301,0.6890495867768595,64.74865311032602,70.43659350934512,1.8959801330063641,C,20.088455772113942,20.006644518272424
J25 Explorers 3,1,"Woodland Champion",{1}{G},1055,648,407,1055,648,407,0.614218009478673,65.14235953493785,70.449744502857,1.7691283226397156,C,20.044753086419753,20.28746928746929
J25 Explorers 3,1,"Ambassador Oak",{3}{G},998,605,393,998,605,393,0.6062124248496994,63.7959788063811,69.03033954031869,1.7447869113125298,C,20.23801652892562,20.521628498727736
J25 Explorers 3,1,"Byway Courier",{2}{G},1091,599,492,1091,599,492,0.5490375802016498,47.14179014771717,52.58146438808931,1.813224746790713,C,20.457429048414024,19.71747967479675
J25 Explorers 3,1,"Slimy Piper",{1}{G},1041,598,443,1041,598,443,0.574447646493756,55.17593709568855,60.51897774926269,1.7810135511913772,C,20.523411371237458,20.428893905191874
J25 Explorers 3,1,"Shardless Outlander",{7},967,553,414,967,553,414,0.5718717683557394,43.550480067735265,49.026341232223004,1.8252870548292452,D,20.96383363471971,20.207729468599034
J25 Explorers 3,1,"Explore",{1}{G},757,445,312,757,445,312,0.5878467635402906,33.6938096857171,39.27607330235908,1.8607545388806606,D,19.858426966292136,19.64423076923077
J25 Explorers 3,1,"Ulvenwald Mysteries",{2}{G},895,435,460,895,435,460,0.4860335195530726,35.626248587850085,40.9985111060295,1.79075417272647,D,21.77241379310345,19.73695652173913
J25 Explorers 3,1,"Somberwald Beastmaster",{6}{G},548,375,173,548,375,173,0.6843065693430657,99.77806709042078,105.04352738545722,1.7551534316788164,A,22.330666666666666,24.13294797687861
J25 Explorers 4,1,"Clear Shot",{2}{G},1215,706,509,1215,706,509,0.5810699588477366,66.32754338492191,71.82550358769397,1.8326534009240194,C,19.54957507082153,20.711198428290768
J25 Explorers 4,1,"Go Forth",{G},1212,683,529,1212,683,529,0.5635313531353136,36.86499205011411,42.39434719670828,1.8431183821980561,D,19.578330893118594,20.66162570888469
J25 Explorers 4,1,"Razorgrass Invoker",{3}{G},1203,681,522,1203,681,522,0.5660847880299252,76.44568230883176,81.71586912366674,1.756728938278323,B,20.113069016152718,20.896551724137932
J25 Explorers 4,1,"Braulios of Pheres Band",{3}{G}{G},1072,673,399,1072,673,399,0.6277985074626866,71.6137642382946,76.98820121651138,1.7914789927389252,B,19.808320950965825,21.040100250626566
J25 Explorers 4,1,"Slimy Piper",{1}{G},1162,624,538,1162,624,538,0.5370051635111877,39.88842633282841,45.37251621140042,1.8280299595240057,D,19.878205128205128,21.102230483271377
J25 Explorers 4,1,"Merfolk Branchwalker",{1}{G},1058,608,450,1058,608,450,0.5746691871455577,48.12597166357557,53.46426235831628,1.7794302315802384,C,19.49671052631579,21.393333333333334
J25 Explorers 4,1,"Adventurous Impulse",{G},1083,590,493,1083,590,493,0.5447830101569714,21.163800523341955,26.61051277790845,1.8155707515221655,E,19.818644067796612,21.15212981744422
J25 Explorers 4,1,"Primeval Herald",{3}{G},1071,584,487,1071,584,487,0.5452847805788982,60.74082937391633,66.19432453637256,1.8178317208187438,C,19.796232876712327,20.870636550308006
J25 Explorers 4,1,"Jadelight Ranger",{1}{G}{G},998,581,417,998,581,417,0.5821643286573146,74.05822824876776,79.65804895959693,1.8666069036097204,B,20.10327022375215,21.980815347721823
J25 Explorers 4,1,"Shardless Outlander",{7},1052,567,485,1052,567,485,0.5389733840304183,46.505283372123245,51.90077647900891,1.798497702295222,C,20.336860670194003,20.781443298969073
J25 Explorers 4,1,"Ixalli's Diviner",{1}{G},1067,538,529,1067,538,529,0.5042174320524836,38.038744472186224,43.496354304977004,1.8192032775969265,D,20.41078066914498,21.544423440453688
J25 Explorers 4,1,"Explore",{1}{G},781,442,339,781,442,339,0.5659411011523687,30.840751414424446,36.27031578220869,1.8098547892614147,D,19.38914027149321,21.088495575221238
J25 Fun Guys 1,1,"Sporecrown Thallid",{1}{G},1147,595,552,1147,595,552,0.5187445510026155,72.2821454859391,77.63903855890928,1.7856310243233944,B,19.23361344537815,21.577898550724637
J25 Fun Guys 1,1,"Band Together",{2}{G},1134,557,577,1134,557,577,0.4911816578483245,61.964746285643244,67.4872759671248,1.840843227160518,C,19.87612208258528,21.755632582322356
J25 Fun Guys 1,1,"Might of the Masses",{G},1001,537,464,1001,537,464,0.5364635364635365,56.92884805396836,62.273920201889084,1.7816907159735755,C,19.689013035381752,21.676724137931036
J25 Fun Guys 1,1,"Shroofus Sproutsire",{2}{G},1136,536,600,1136,536,600,0.47183098591549294,57.21189106285071,62.54833652260483,1.7788151532513714,C,19.63992537313433,21.506666666666668
J25 Fun Guys 1,1,"Slimy Piper",{1}{G},1095,528,567,1095,528,567,0.4821917808219178,60.9285140564861,66.29195523003078,1.7878137245148922,C,20.060606060606062,21.728395061728396
J25 Fun Guys 1,1,"Spore Crawler",{2}{G},1033,504,529,1033,504,529,0.4878993223620523,56.37140857749588,61.915513487486365,1.8480349699968286,C,20.099206349206348,21.96219281663516
J25 Fun Guys 1,1,"Saurian Symbiote",{3}{G},1017,476,541,1017,476,541,0.46804326450344147,67.36064346731685,72.83754293143889,1.8256331547073472,C,20.531512605042018,22.77634011090573
J25 Fun Guys 1,1,"Tukatongue Thallid",{G},1024,471,553,1024,471,553,0.4599609375,49.94707506890121,55.29959514987509,1.784173360324625,C,19.416135881104033,21.567811934900543
J25 Fun Guys 1,1,"Saproling Migration",{1}{G},1006,458,548,1006,458,548,0.4552683896620278,46.69404824280709,52.03421399419264,1.7800552504618499,C,19.807860262008735,21.947080291970803
J25 Fun Guys 1,1,"Fungal Plots",{1}{G},912,368,544,912,368,544,0.40350877192982454,3.4243337420268727,9.07124798883925,1.8823047489374591,E,22.214673913043477,21.189338235294116
J25 Fun Guys 1,1,"Spore Swarm",{3}{G},786,357,429,786,357,429,0.4541984732824427,56.722302624917035,62.064989334299014,1.7808955697939937,C,21.467787114845937,23.144522144522146
J25 Fun Guys 2,1,"Sporecrown Thallid",{1}{G},1170,656,514,1170,656,514,0.5606837606837607,70.06356556882544,75.56536011650704,1.8339315158938672,B,19.278963414634145,21.157587548638134
J25 Fun Guys 2,1,"For the Family",{G},1023,577,446,1023,577,446,0.5640273704789834,56.051197451741416,61.43841549064615,1.7957393463015776,C,19.790294627383016,21.54708520179372
J25 Fun Guys 2,1,"Band Together",{2}{G},1121,577,544,1121,577,544,0.5147190008920607,52.216691178177896,57.76596824721223,1.8497590230114451,C,20.39168110918544,20.613970588235293
J25 Fun Guys 2,1,"Shroofus Sproutsire",{2}{G},1087,544,543,1087,544,543,0.500459981600736,61.67986943286657,66.91643435022314,1.7455216391188577,C,19.97426470588235,20.732965009208105
J25 Fun Guys 2,1,"Undercellar Myconid",{2}{G},1010,541,469,1010,541,469,0.5356435643564357,56.913361829449684,62.292218227532615,1.7929521326943096,C,19.711645101663585,21.232409381663114
J25 Fun Guys 2,1,"Overcome",{3}{G}{G},789,530,259,789,530,259,0.6717363751584284,77.73534378165836,83.09437610163731,1.786344106659649,B,19.581132075471697,20.872586872586872
J25 Fun Guys 2,1,"Saurian Symbiote",{3}{G},1017,526,491,1017,526,491,0.5172074729596854,65.80026240369202,71.24636238504252,1.8153666604501664,C,20.75665399239544,21.625254582484725
J25 Fun Guys 2,1,"Slimy Piper",{1}{G},1024,513,511,1024,513,511,0.5009765625,44.609963734161134,50.0325670087789,1.8075344248725884,D,19.56335282651072,20.996086105675147
J25 Fun Guys 2,1,"Saproling Migration",{1}{G},1022,505,517,1022,505,517,0.49412915851272016,42.48397832889775,48.05735381567212,1.857791828924792,D,20.085148514851486,21.172147001934235
J25 Fun Guys 2,1,"Fungal Plots",{1}{G},914,403,511,914,403,511,0.44091903719912473,8.881784197001252E-16,5.741247516850851,1.9137491722836169,E,22.570719602977668,20.454011741682976
J25 Fun Guys 2,1,"Spore Swarm",{3}{G},751,362,389,751,362,389,0.48202396804260983,54.32062131551901,59.79115729085386,1.8235119917782834,C,21.908839779005525,22.046272493573266
J25 Fun Guys 2,1,"Verdeloth the Ancient",{4}{G}{G},539,292,247,539,292,247,0.5417439703153989,90.67394725901347,96.02305308589207,1.7830352756262011,A,24.647260273972602,24.53846153846154
J25 Ghastly 1,1,"Murder",{1}{B}{B},1248,724,524,1248,724,524,0.5801282051282052,81.27639849569209,86.7792860773393,1.834295860549066,B,21.18646408839779,20.580152671755727
J25 Ghastly 1,1,"Falkenrath Noble",{3}{B},1102,665,437,1102,665,437,0.603448275862069,86.93967553550485,92.25875123855131,1.7730252343488224,B,20.957894736842107,20.361556064073227
J25 Ghastly 1,1,"Tragic Slip",{B},1172,637,535,1172,637,535,0.5435153583617748,53.76597886379082,59.25292125943861,1.8289807985492625,C,21.315541601255887,20.3607476635514
J25 Ghastly 1,1,"Ozox, the Clattering King",{2}{B},1131,599,532,1131,599,532,0.5296198054818745,53.616035803314325,58.99176942338711,1.7919112066909288,C,20.757929883138566,19.69172932330827
J25 Ghastly 1,1,"Dross Hopper",{1}{B},1105,595,510,1105,595,510,0.5384615384615384,56.53984180496633,62.1754996709339,1.8785526219891915,C,21.285714285714285,20.386274509803922
J25 Ghastly 1,1,"Doomed Dissenter",{1}{B},1020,573,447,1020,573,447,0.5617647058823529,48.234354236325316,53.63663611695285,1.8007606268758436,C,21.342059336823734,20.95525727069351
J25 Ghastly 1,1,"Village Rites",{B},1003,543,460,1003,543,460,0.5413758723828515,4.9532458875801435,10.542110200181138,1.8629547708669982,E,21.626151012891345,20.536956521739132
J25 Ghastly 1,1,"Harvester of Souls",{4}{B}{B},874,540,334,874,540,334,0.6178489702517163,75.56565251061974,81.1061066458615,1.8468180450805847,B,22.144444444444446,21.290419161676645
J25 Ghastly 1,1,"Wakedancer",{2}{B},1019,521,498,1019,521,498,0.5112855740922473,48.92286129494494,54.572987346584924,1.8833753505466617,C,21.56429942418426,20.688755020080322
J25 Ghastly 1,1,"Moan of the Unhallowed",{2}{B}{B},899,520,379,899,520,379,0.578420467185762,78.37061588490442,83.74837068418158,1.7925849330923835,B,21.976923076923075,21.96042216358839
J25 Ghastly 1,1,"Morbid Opportunist",{2}{B},973,517,456,973,517,456,0.5313463514902363,25.693396437048172,31.19845846321554,1.8350206753891227,D,21.95164410058027,20.763157894736842
J25 Ghastly 1,1,"Blood Beckoning",{B},836,432,404,836,432,404,0.5167464114832536,35.305524560615666,40.779477688540055,1.8246510426414622,D,22.52314814814815,20.883663366336634
J25 Ghastly 2,1,"Defenestrate",{2}{B},1204,722,482,1204,722,482,0.5996677740863787,76.94104723123242,82.40526230497201,1.8214050245798656,B,20.63711911357341,20.533195020746888
J25 Ghastly 2,1,"Typhoid Rats",{B},1132,684,448,1132,684,448,0.6042402826855123,53.01707223599488,58.36367069749522,1.7821994871667814,C,20.29385964912281,21.332589285714285
J25 Ghastly 2,1,"Tragic Slip",{B},1143,678,465,1143,678,465,0.5931758530183727,53.60690650004441,59.063113475306366,1.818735658420653,C,20.98967551622419,20.9247311827957
J25 Ghastly 2,1,"Bloodgift Demon",{3}{B}{B},1013,661,352,1013,661,352,0.6525172754195459,75.79421048694135,81.11735270836157,1.7743807404734024,B,20.178517397881997,21.238636363636363
J25 Ghastly 2,1,"Falkenrath Noble",{3}{B},1075,659,416,1075,659,416,0.6130232558139534,82.82648891911018,88.2468829785542,1.806798019814672,B,20.593323216995447,20.61298076923077
J25 Ghastly 2,1,"Ozox, the Clattering King",{2}{B},1118,630,488,1118,630,488,0.5635062611806798,56.83004132964271,62.13965928402992,1.7698726514624026,C,20.56031746031746,20.352459016393443
J25 Ghastly 2,1,"Gnawing Zombie",{1}{B},1095,607,488,1095,607,488,0.554337899543379,44.147531059600425,49.49014880378563,1.7808725813950694,D,20.69851729818781,20.78483606557377
J25 Ghastly 2,1,"Doomed Dissenter",{1}{B},1017,602,415,1017,602,415,0.591937069813176,56.322485892436944,61.70420344768354,1.7939058517488655,C,20.72425249169435,21.13975903614458
J25 Ghastly 2,1,"Village Rites",{B},988,571,417,988,571,417,0.5779352226720648,18.464917838076605,24.063490852725504,1.8661910048829662,E,21.001751313485112,20.4052757793765
J25 Ghastly 2,1,"Morbid Opportunist",{2}{B},958,560,398,958,560,398,0.5845511482254697,33.42196588641805,38.79001630160648,1.789350138396142,D,20.883928571428573,21.082914572864322
J25 Ghastly 2,1,"Moan of the Unhallowed",{2}{B}{B},902,526,376,902,526,376,0.5831485587583148,67.5493832748472,72.94945847968586,1.8000250682795533,B,21.484790874524716,21.976063829787233
J25 Ghastly 2,1,"Blood Beckoning",{B},818,458,360,818,458,360,0.5599022004889975,39.95675766321716,45.28233009770966,1.7751908114974988,D,22.45414847161572,21.427777777777777
J25 Ghastly 3,1,"Murder",{1}{B}{B},1195,748,447,1195,748,447,0.6259414225941422,64.4567396045792,70.08935668919455,1.8775390282051159,C,20.899732620320854,19.293064876957494
J25 Ghastly 3,1,"Tragic Slip",{B},1141,691,450,1141,691,450,0.6056091148115688,44.80742784531729,50.22038387101371,1.8043186752321403,D,21.02026049204052,19.484444444444446
J25 Ghastly 3,1,"Wriggling Grub",{1}{B},998,646,352,998,646,352,0.6472945891783567,52.381220391543344,57.71506741172597,1.7779490067275423,C,20.34984520123839,19.585227272727273
J25 Ghastly 3,1,"Reaper from the Abyss",{3}{B}{B}{B},827,631,196,827,631,196,0.7629987908101572,125.21707923340446,130.58970280568394,1.7908745240931616,S,21.24405705229794,20.602040816326532
J25 Ghastly 3,1,"Falkenrath Noble",{3}{B},1018,631,387,1018,631,387,0.6198428290766208,86.4932942077084,91.81680036961015,1.7745020539672471,B,20.49920760697306,19.157622739018088
J25 Ghastly 3,1,"Ozox, the Clattering King",{2}{B},1080,624,456,1080,624,456,0.5777777777777777,58.46914984993478,63.93785715387726,1.8229024346474945,C,20.432692307692307,17.982456140350877
J25 Ghastly 3,1,"Dross Hopper",{1}{B},1091,607,484,1091,607,484,0.5563703024747938,41.86793353375782,47.2938518285513,1.8086394315978254,D,20.660626029654036,19.051652892561982
J25 Ghastly 3,1,"Deadly Dispute",{1}{B},987,597,390,987,597,390,0.6048632218844985,14.150670623448844,19.64347629549749,1.830935224016215,E,20.87604690117253,19.05897435897436
J25 Ghastly 3,1,"Morbid Opportunist",{2}{B},935,580,355,935,580,355,0.6203208556149733,40.66189574624461,46.20470911836928,1.8476044573748904,D,21.198275862068964,19.338028169014084
J25 Ghastly 3,1,"Boneclad Necromancer",{3}{B}{B},884,553,331,884,553,331,0.6255656108597285,70.63214221950554,76.00482172270765,1.790893167734036,B,21.573236889692584,20.138972809667674
J25 Ghastly 3,1,"Morkrut Behemoth",{4}{B},795,528,267,795,528,267,0.6641509433962264,82.5269551461231,88.00308164885926,1.8253755009120536,B,21.083333333333332,20.651685393258425
J25 Ghastly 3,1,"Blood Beckoning",{B},826,489,337,826,489,337,0.5920096852300242,45.45714273777409,50.82851873214732,1.7904586647910772,C,21.848670756646218,19.605341246290802
J25 Ghastly 4,1,"Defenestrate",{2}{B},1157,663,494,1157,663,494,0.5730337078651685,61.62289795017808,67.02421843226622,1.800440160696048,C,20.52790346907994,19.518218623481783
J25 Ghastly 4,1,"Tragic Slip",{B},1115,640,475,1115,640,475,0.5739910313901345,57.67475700426909,63.134787633346406,1.8200102096924389,C,20.5296875,19.59578947368421
J25 Ghastly 4,1,"Deadly Dispute",{1}{B},1048,618,430,1048,618,430,0.5896946564885496,18.0771068884995,23.425778856359557,1.782890655953352,E,20.466019417475728,18.92325581395349
J25 Ghastly 4,1,"Falkenrath Noble",{3}{B},1039,613,426,1039,613,426,0.5899903753609239,78.53455889925266,83.71986652769803,1.7284358761484553,B,20.430668841761825,19.61737089201878
J25 Ghastly 4,1,"Ozox, the Clattering King",{2}{B},1079,592,487,1079,592,487,0.5486561631139945,52.45068830325738,57.714854655180446,1.7547221173076886,C,20.23310810810811,18.745379876796715
J25 Ghastly 4,1,"Doomed Dissenter",{1}{B},1032,582,450,1032,582,450,0.563953488372093,51.10870024198792,56.51226051036133,1.8011867561244705,C,20.395189003436425,19.302222222222223
J25 Ghastly 4,1,"Shambling Ghast",{B},1024,581,443,1024,581,443,0.5673828125,56.18450015409313,61.605685433858895,1.8070617599219214,C,20.096385542168676,19.329571106094807
J25 Ghastly 4,1,"Morbid Opportunist",{2}{B},987,558,429,987,558,429,0.5653495440729484,33.00985877545571,38.362079829375475,1.7840736846399208,D,20.72043010752688,19.156177156177158
J25 Ghastly 4,1,"Moan of the Unhallowed",{2}{B}{B},927,556,371,927,556,371,0.5997842502696872,79.19223937906715,84.44173015110104,1.7498302573446314,B,21.005395683453237,20.107816711590296
J25 Ghastly 4,1,"Wakedancer",{2}{B},960,478,482,960,478,482,0.4979166666666667,35.66728027389657,40.9815854298475,1.7714350519836422,D,21.039748953974897,19.24896265560166
J25 Ghastly 4,1,"Crawl from the Cellar",{B},564,351,213,564,351,213,0.6223404255319149,50.48017931472698,55.77082715808379,1.763549281118935,C,21.945868945868945,20.835680751173708
J25 Ghastly 4,1,"Army of the Damned",{5}{B}{B}{B},439,325,114,439,325,114,0.7403189066059226,134.83392076803395,139.87991105706854,1.681996763011534,S,21.76,21.57017543859649
J25 Giddyap,1,"Banishing Light",{2}{W},1202,752,450,1202,752,450,0.6256239600665557,65.93004305557612,71.50439648293377,1.8581178091192148,C,21.824468085106382,22.413333333333334
J25 Giddyap,1,"Thurid, Mare of Destiny",{2}{W}{W},1052,728,324,1052,728,324,0.6920152091254753,110.60063533298342,116.00917431693244,1.8028463279830094,A,20.892857142857142,23.382716049382715
J25 Giddyap,1,"Steadfast Unicorn",{W},1152,669,483,1152,669,483,0.5807291666666666,75.76315657582941,81.08383457326465,1.7735593324784158,B,21.013452914798208,21.923395445134574
J25 Giddyap,1,"Sungrace Pegasus",{1}{W},1081,637,444,1081,637,444,0.5892691951896393,63.94640040810839,69.340583141803,1.7980609112315362,C,21.368916797488225,22.576576576576578
J25 Giddyap,1,"Moment of Triumph",{W},1050,629,421,1050,629,421,0.599047619047619,47.73854247628296,53.14826718933931,1.8032415710187835,C,20.92845786963434,23.1187648456057
J25 Giddyap,1,"Celestial Unicorn",{2}{W},1039,615,424,1039,615,424,0.591915303176131,59.66563743823373,65.07559268323921,1.8033184150018262,C,21.45691056910569,22.245283018867923
J25 Giddyap,1,"Sunmane Pegasus",{3}{W},1010,594,416,1010,594,416,0.5881188118811881,91.20687375112126,96.54533799792173,1.779488082266821,A,22.08080808080808,22.557692307692307
J25 Giddyap,1,"Ronom Unicorn",{1}{W},1016,574,442,1016,574,442,0.5649606299212598,46.31100646523963,51.88104491534456,1.8566794833683107,C,20.84494773519164,22.669683257918553
J25 Giddyap,1,"Shield Mare",{1}{W}{W},950,557,393,950,557,393,0.5863157894736842,58.75911566228656,64.19725745880794,1.8127139321737917,C,22.017953321364452,23.282442748091604
J25 Giddyap,1,"Brightmare",{2}{W},967,548,419,967,548,419,0.5667011375387797,58.119573265358184,63.54830651409418,1.809577749578664,C,22.594890510948904,23.00477326968974
J25 Giddyap,1,"Tenacity",{3}{W},807,508,299,807,508,299,0.6294919454770755,59.030160692854075,64.42086513607907,1.7969014810749993,C,22.03543307086614,23.54515050167224
J25 Giddyap,1,"Outflank",{W},859,465,394,859,465,394,0.5413271245634459,48.931947513992256,54.270682490280166,1.7795783254293023,C,22.683870967741935,22.576142131979694
J25 Goblins 1,1,"Dropkick Bomber",{2}{R},1093,655,438,1093,655,438,0.5992680695333943,72.62719991044668,77.96238427652112,1.7783947886914802,B,17.45496183206107,20.769406392694062
J25 Goblins 1,1,"Shock",{R},1120,627,493,1120,627,493,0.5598214285714286,61.3033973125442,66.67306114669616,1.7898879447173182,C,17.928229665071772,20.973630831643003
J25 Goblins 1,1,"Weaselback Redcap",{R},1042,593,449,1042,593,449,0.5690978886756238,67.15363061708354,72.24042903962942,1.6955994741819587,C,17.854974704890388,20.41870824053452
J25 Goblins 1,1,"Battle Cry Goblin",{1}{R},1056,581,475,1056,581,475,0.5501893939393939,60.014253030119704,65.38561645943503,1.7904544764384405,C,17.605851979345957,20.25263157894737
J25 Goblins 1,1,"Open Fire",{2}{R},1073,566,507,1073,566,507,0.527493010251631,48.04778478520621,53.23575403844488,1.7293230844128895,C,18.554770318021202,20.7534516765286
J25 Goblins 1,1,"General Kreat, the Boltbringer",{2}{R},961,526,435,961,526,435,0.5473465140478668,68.01677662026276,73.19777520658153,1.726999528772922,B,17.674904942965778,20.620689655172413
J25 Goblins 1,1,"Goblin Surprise",{2}{R},995,516,479,995,516,479,0.5185929648241207,48.5027889363768,53.90740395923553,1.8015383409529082,C,18.51937984496124,20.822546972860124
J25 Goblins 1,1,"Fissure Wizard",{1}{R},957,496,461,957,496,461,0.5182863113897597,47.967688926925156,53.18571554936465,1.7393422074798326,C,18.22782258064516,20.793926247288503
J25 Goblins 1,1,"Goblin Researcher",{3}{R},951,490,461,951,490,461,0.5152471083070452,53.79350114075928,59.16562930205171,1.7907093870974773,C,19.020408163265305,20.84815618221258
J25 Goblins 1,1,"Brute Strength",{1}{R},861,470,391,861,470,391,0.5458768873403019,54.91445722929312,60.06560158332037,1.717048118009083,C,18.57659574468085,20.718670076726344
J25 Goblins 1,1,"Krenko's Command",{1}{R},870,450,420,870,450,420,0.5172413793103449,50.457039275821934,55.547435542973716,1.6967987557172606,C,18.44,21.485714285714284
J25 Goblins 1,1,"Volley Veteran",{3}{R},721,417,304,721,417,304,0.5783633841886269,80.95463194729821,86.3769616537,1.8074432354672618,B,19.345323741007196,22.424342105263158
J25 Goblins 2,1,"Shock",{R},1102,600,502,1102,600,502,0.5444646098003629,57.042738058152686,62.51784750312274,1.8250364816566838,C,18.953333333333333,20.711155378486055
J25 Goblins 2,1,"Dropkick Bomber",{2}{R},1038,598,440,1038,598,440,0.5761078998073218,71.23636313549554,76.83021352738746,1.8646167972973042,B,17.98829431438127,20.49772727272727
J25 Goblins 2,1,"Battle Cry Goblin",{1}{R},1006,573,433,1006,573,433,0.5695825049701789,58.59351738265122,64.03101267201879,1.8124984297891902,C,18.12739965095986,20.501154734411084
J25 Goblins 2,1,"Open Fire",{2}{R},1023,570,453,1023,570,453,0.5571847507331378,55.85484553489332,61.566162598376636,1.9037723544944383,C,18.88245614035088,20.741721854304636
J25 Goblins 2,1,"General Kreat, the Boltbringer",{2}{R},944,560,384,944,560,384,0.5932203389830508,70.41637661291968,75.7202730620803,1.767965483053538,B,17.742857142857144,20.578125
J25 Goblins 2,1,"Mogg Flunkies",{1}{R},1020,560,460,1020,560,460,0.5490196078431373,53.91050232660435,59.402746867280854,1.8307481802255,C,18.589285714285715,20.497826086956522
J25 Goblins 2,1,"Goblin Arsonist",{R},1026,539,487,1026,539,487,0.5253411306042886,49.33574541219645,54.87920376854373,1.8478194521157594,C,18.649350649350648,20.451745379876797
J25 Goblins 2,1,"Goblin Surprise",{2}{R},967,516,451,967,516,451,0.5336091003102379,49.6240456738982,55.164538347504404,1.846830891202068,C,18.482558139534884,20.93791574279379
J25 Goblins 2,1,"Krenko's Command",{1}{R},898,475,423,898,475,423,0.5289532293986637,44.959781002354184,50.45732393164282,1.8325143097628789,C,19.04421052631579,20.60047281323877
J25 Goblins 2,1,"Kindled Fury",{R},849,465,384,849,465,384,0.5477031802120141,43.894981108006654,49.3594900473872,1.8215029797935154,D,18.63225806451613,21.25
J25 Goblins 2,1,"Volley Veteran",{3}{R},697,447,250,697,447,250,0.6413199426111909,93.27269361394013,98.84623911406892,1.8578485000429306,A,19.80536912751678,22.832
J25 Goblins 2,1,"Goblin Goliath",{4}{R}{R},653,349,304,653,349,304,0.5344563552833078,75.33884282428289,80.79803116381025,1.8197294465091174,B,21.283667621776505,22.148026315789473
J25 Goblins 3,1,"Open Fire",{2}{R},984,490,494,984,490,494,0.49796747967479676,70.64465489150857,75.86681322547989,1.7407194446571097,B,18.33469387755102,20.09311740890688
J25 Goblins 3,2,"Shock",{R},970,485,485,1566,783,783,0.5,60.357933940062225,65.64766044924635,1.7632421697280407,C,17.95913154533844,19.821200510855682
J25 Goblins 3,1,"Goblin Smuggler",{2}{R},990,468,522,990,468,522,0.4727272727272727,57.21344684455114,62.47258689808565,1.753046684511502,C,18.42094017094017,18.70689655172414
J25 Goblins 3,1,"Goblin Surprise",{2}{R},864,457,407,864,457,407,0.5289351851851852,51.77214152832828,57.12562996238539,1.784496144685704,C,18.059080962800877,20.407862407862407
J25 Goblins 3,1,"Weaselback Redcap",{R},901,439,462,901,439,462,0.4872364039955605,69.18430627986513,74.12461950791003,1.6467710760149668,B,18.070615034168565,19.49134199134199
J25 Goblins 3,1,"Scavenged Blade",{1}{R},914,423,491,914,423,491,0.462800875273523,62.535376983357864,67.93656504467019,1.800396020437442,C,18.789598108747043,19.177189409368637
J25 Goblins 3,1,"General Kreat, the Boltbringer",{2}{R},794,417,377,794,417,377,0.5251889168765743,74.06592354579406,79.26222321136675,1.732099888524229,B,17.892086330935253,20.159151193633953
J25 Goblins 3,1,"Goblin Trailblazer",{1}{R},850,408,442,850,408,442,0.48,57.47581505469806,62.81747230662262,1.7805524173081866,C,17.965686274509803,19.925339366515836
J25 Goblins 3,1,"Hearts on Fire",{1}{R},703,394,309,703,394,309,0.5604551920341394,57.494093171321374,62.718570782719326,1.741492537132651,C,18.522842639593907,20.491909385113267
J25 Goblins 3,1,"Krenko's Command",{1}{R},784,392,392,784,392,392,0.5,59.4106321267486,64.69086637279032,1.760078082013908,C,19.178571428571427,20.380102040816325
J25 Goblins 3,1,"Krenko, Tin Street Kingpin",{2}{R},726,363,363,726,363,363,0.5,66.8096364051242,72.0058056383806,1.7320564110854677,C,18.553719008264462,19.771349862258955
J25 Goblins 3,1,"Beetleback Chief",{2}{R}{R},740,361,379,740,361,379,0.48783783783783785,63.87654189798079,69.16451222386486,1.7626567752946896,C,19.509695290858726,21.013192612137203
J25 Goblins 3,1,"Volley Veteran",{3}{R},558,311,247,558,311,247,0.557347670250896,70.17585987043222,75.38110799397015,1.735082707845977,B,19.906752411575564,21.57085020242915
J25 Goblins 3,1,"Fling",{1}{R},2,1,1,2,1,1,0.5,70.3103681182289,93.50980644617343,7.7331461093148475,B,16.0,47.0
J25 Goblins 4,1,"Goblin Rabblemaster",{2}{R},1058,653,405,1058,653,405,0.6172022684310019,89.342213219433,94.53561160581488,1.7311327954606242,B,15.535987748851454,19.703703703703702
J25 Goblins 4,1,"Shock",{R},1095,600,495,1095,600,495,0.547945205479452,48.909179894901804,54.2995485885544,1.796789564550865,C,17.14666666666667,20.2
J25 Goblins 4,1,"Fanatical Firebrand",{R},1044,570,474,1044,570,474,0.5459770114942529,50.612277953367496,56.046039218392096,1.8112537550082004,C,16.924561403508772,19.723628691983123
J25 Goblins 4,1,"Battle Cry Goblin",{1}{R},999,544,455,999,544,455,0.5445445445445446,69.88869379134054,74.96539789267491,1.6922347004447886,B,16.75551470588235,20.114285714285714
J25 Goblins 4,1,"Goblin Surprise",{2}{R},924,542,382,924,542,382,0.5865800865800865,59.53856336494263,64.93430839771149,1.798581677589619,C,17.02029520295203,20.698952879581153
J25 Goblins 4,1,"Fire Prophecy",{1}{R},1027,532,495,1027,532,495,0.5180136319376826,56.09999359771102,61.42649335098993,1.7754999177596373,C,17.56954887218045,20.490909090909092
J25 Goblins 4,1,"Brute Strength",{1}{R},896,518,378,896,518,378,0.578125,51.58448987211631,56.89526092907039,1.7702570189846936,C,17.14092664092664,19.873015873015873
J25 Goblins 4,1,"Fissure Wizard",{1}{R},847,451,396,847,451,396,0.5324675324675324,52.307039504197604,57.597473435558655,1.7634779771203513,C,17.401330376940134,20.522727272727273
J25 Goblins 4,1,"General Kreat, the Boltbringer",{2}{R},791,442,349,791,442,349,0.5587863463969659,60.86549924235351,65.86465660235572,1.666385786667404,C,17.244343891402714,20.140401146131804
J25 Goblins 4,1,"Krenko's Command",{1}{R},827,411,416,827,411,416,0.4969770253929867,47.00077504409654,52.1863827435645,1.7285358998226525,C,17.89051094890511,21.014423076923077
J25 Goblins 4,1,"Destructive Digger",{2}{R},917,395,522,917,395,522,0.430752453653217,46.89695301346476,52.033953338140485,1.7123334415585751,C,17.911392405063292,19.5
J25 Goblins 4,1,"Volley Veteran",{3}{R},530,285,245,530,285,245,0.5377358490566038,78.07640720640886,83.12834971898879,1.6839808375266436,B,19.266666666666666,21.963265306122448
J25 Grave Robbers 1,1,"Graveblade Marauder",{2}{B},1078,579,499,1078,579,499,0.5371057513914657,73.79794474964186,79.24601689367825,1.8160240480121317,B,21.39550949913644,21.86573146292585
J25 Grave Robbers 1,1,"Gorging Vulture",{2}{B},1054,568,486,1054,568,486,0.538899430740038,72.04913687622263,77.51749200273493,1.8227850421707628,B,21.27288732394366,21.763374485596707
J25 Grave Robbers 1,1,"Murder",{1}{B}{B},1066,567,499,1066,567,499,0.5318949343339587,69.029843778243,74.45655788939176,1.8089047037162496,B,21.372134038800706,21.81563126252505
J25 Grave Robbers 1,1,"Deal Gone Bad",{3}{B},1116,547,569,1116,547,569,0.49014336917562723,66.38110493497545,71.94270034500317,1.853865136675908,C,21.76416819012797,21.105448154657292
J25 Grave Robbers 1,1,"Eye Collector",{B},1021,532,489,1021,532,489,0.5210577864838394,59.07888442252047,64.52650854765352,1.8158747083776843,C,21.030075187969924,21.261758691206545
J25 Grave Robbers 1,1,"Eternal Taskmaster",{1}{B},1042,526,516,1042,526,516,0.5047984644913628,64.25449155778846,69.58893411953981,1.7781475205837851,C,21.25855513307985,21.16860465116279
J25 Grave Robbers 1,1,"Diregraf Scavenger",{3}{B},899,507,392,899,507,392,0.5639599555061179,74.16457254295081,79.60623334411927,1.8138869337228245,B,22.386587771203157,22.82908163265306
J25 Grave Robbers 1,1,"Wailing Ghoul",{1}{B},986,484,502,986,484,502,0.4908722109533469,45.183460938655855,50.60412424833251,1.8068877698922177,C,21.74586776859504,21.808764940239044
J25 Grave Robbers 1,1,"Gravedigger",{3}{B},884,459,425,884,459,425,0.5192307692307693,48.51317691974249,53.993348802505494,1.826723960921001,C,22.429193899782135,22.456470588235295
J25 Grave Robbers 1,1,"Revoke Demise",{4}{B},884,455,429,884,455,429,0.5147058823529411,47.883943469639014,53.40948981443003,1.8418487815970066,C,22.936263736263736,22.708624708624708
J25 Grave Robbers 1,1,"Gorex, the Tombshell",{6}{B}{B},448,198,250,448,198,250,0.4419642857142857,70.82322919978326,76.28514318838697,1.8206379962012391,B,25.681818181818183,25.264
J25 Grave Robbers 1,1,"Grave Strength",{1}{B},3,1,2,3,1,2,0.3333333333333333,64.05808677063305,84.28043010818311,6.740781112516684,C,32.0,19.0
J25 Grave Robbers 2,1,"Gorging Vulture",{2}{B},1078,548,530,1078,548,530,0.5083487940630798,54.95496971928284,60.45813547177184,1.8343885841629979,C,20.34124087591241,20.360377358490567
J25 Grave Robbers 2,1,"Moodmark Painter",{2}{B}{B},1067,524,543,1067,524,543,0.49109653233364575,64.28480190568659,69.85371237290443,1.8563034890726091,C,20.5706106870229,20.77900552486188
J25 Grave Robbers 2,1,"Eye Collector",{B},1045,491,554,1045,491,554,0.4698564593301435,47.36891855785413,52.80529972526912,1.8121270558049987,C,20.248472505091648,19.898916967509024
J25 Grave Robbers 2,1,"Deal Gone Bad",{3}{B},1054,467,587,1054,467,587,0.4430740037950664,59.63487192698116,65.1906480230875,1.851925365368781,C,21.265524625267666,20.115843270868826
J25 Grave Robbers 2,1,"Necrotic Wound",{B},958,458,500,958,458,500,0.4780793319415449,68.43897779693204,74.06616375575561,1.87572865294119,B,21.233624454148472,20.568
J25 Grave Robbers 2,1,"Eternal Taskmaster",{1}{B},1080,446,634,1080,446,634,0.412962962962963,44.701056427688194,50.281559769419005,1.8601677805769363,D,20.54035874439462,19.837539432176655
J25 Grave Robbers 2,1,"Undead Butler",{1}{B},973,444,529,973,444,529,0.4563206577595067,44.532892541495094,50.222901004947,1.8966694878173018,D,20.89189189189189,20.291115311909262
J25 Grave Robbers 2,1,"Fake Your Own Death",{1}{B},771,433,338,771,433,338,0.5616083009079118,66.58473243257606,71.98479879203346,1.8000221198191348,C,20.21016166281755,21.162721893491124
J25 Grave Robbers 2,1,"Doomed Necromancer",{2}{B},952,420,532,952,420,532,0.4411764705882353,47.57360576887694,53.137898720816814,1.8547643173132915,C,21.402380952380952,20.345864661654137
J25 Grave Robbers 2,1,"Revoke Demise",{4}{B},851,415,436,851,415,436,0.48766157461809634,42.15037860251974,47.64316996317722,1.8309304535524946,D,21.76867469879518,21.048165137614678
J25 Grave Robbers 2,1,"Dusk Mangler",{5}{B}{B},559,320,239,559,320,239,0.5724508050089445,86.67301450891742,92.01846029196953,1.7818152610173696,B,22.371875,23.368200836820083
J25 Grave Robbers 2,1,"Gorex, the Tombshell",{6}{B}{B},388,189,199,388,189,199,0.48711340206185566,68.38517396552652,73.90641639955456,1.8404141446760147,B,25.227513227513228,25.040201005025125
J25 Grave Robbers 3,1,"Persistent Specimen",{B},1281,614,667,1281,614,667,0.47931303669008585,51.53720652972622,56.958317392950065,1.8070369544079488,C,21.28338762214984,21.095952023988005
J25 Grave Robbers 3,1,"Murder",{1}{B}{B},1143,595,548,1143,595,548,0.5205599300087489,63.75266761653188,69.27747811494744,1.841603499471853,C,21.169747899159663,21.114963503649633
J25 Grave Robbers 3,1,"Gorging Vulture",{2}{B},1075,583,492,1075,583,492,0.5423255813953488,61.08975973968359,66.43252045596579,1.7809202387607308,C,21.30531732418525,21.304878048780488
J25 Grave Robbers 3,1,"Isareth the Awakener",{1}{B}{B},1079,558,521,1079,558,521,0.5171455050973123,62.97677699894518,68.3236930255526,1.782305342202473,C,21.39426523297491,21.27831094049904
J25 Grave Robbers 3,1,"Memorial to Folly",no cost,1188,556,632,1188,556,632,0.468013468013468,27.079139070337003,32.56419988540982,1.8283536050242721,D,21.406474820143885,20.13132911392405
J25 Grave Robbers 3,1,"Deal Gone Bad",{3}{B},1081,554,527,1081,554,527,0.5124884366327475,71.00052927625593,76.23141356713897,1.7436280969610114,B,21.41696750902527,20.69449715370019
J25 Grave Robbers 3,1,"Eternal Taskmaster",{1}{B},1048,504,544,1048,504,544,0.48091603053435117,50.63151803347336,56.02149317538381,1.7966583806368157,C,21.16269841269841,21.147058823529413
J25 Grave Robbers 3,1,"Dreadhound",{4}{B}{B},795,485,310,795,485,310,0.610062893081761,75.10639265772195,80.32961113098243,1.7410728244201572,B,21.37319587628866,23.16774193548387
J25 Grave Robbers 3,1,"Boneclad Necromancer",{3}{B}{B},901,459,442,901,459,442,0.5094339622641509,70.1327575373692,75.5278149087303,1.798352457120369,B,22.17864923747277,22.452488687782804
J25 Grave Robbers 3,1,"Wailing Ghoul",{1}{B},1005,446,559,1005,446,559,0.4437810945273632,32.21394030447293,37.65086298040344,1.8123075586435038,D,21.86322869955157,21.246869409660107
J25 Grave Robbers 3,1,"Revoke Demise",{4}{B},842,441,401,842,441,401,0.5237529691211401,46.43233110907532,51.794960289349774,1.7875430600914837,C,22.267573696145124,22.331670822942645
J25 Grave Robbers 3,1,"Gravedigger",{3}{B},893,427,466,893,427,466,0.47816349384098544,52.31788082220022,57.742892400380455,1.8083371927267449,C,22.330210772833723,21.448497854077253
J25 Grave Robbers 3,1,"Grave Strength",{1}{B},6,3,3,6,3,3,0.5,32.09632517131507,50.952665051498045,6.2854466267276585,D,21.666666666666668,23.333333333333332
J25 Grave Robbers 4,1,"Persistent Specimen",{B},1275,755,520,1275,755,520,0.592156862745098,50.189419739258035,55.59959118079908,1.8033904805136822,C,21.402649006622518,20.515384615384615
J25 Grave Robbers 4,1,"Murder",{1}{B}{B},1116,683,433,1116,683,433,0.6120071684587813,69.58288010849273,75.03130487010995,1.8161415872057396,B,21.08199121522694,20.963048498845264
J25 Grave Robbers 4,1,"Deal Gone Bad",{3}{B},1151,664,487,1151,664,487,0.576889661164205,62.107915801539875,67.46638247996376,1.786155559474626,C,21.51355421686747,20.293634496919918
J25 Grave Robbers 4,1,"Gorging Vulture",{2}{B},1102,652,450,1102,652,450,0.5916515426497277,50.45201657262621,55.89074041191958,1.8129079464311215,C,20.98159509202454,21.224444444444444
J25 Grave Robbers 4,1,"Shardless Outlander",{7},1074,635,439,1074,635,439,0.5912476722532588,55.97506868993765,61.27495933551407,1.7666302151921398,C,21.683464566929135,20.92255125284738
J25 Grave Robbers 4,1,"Eternal Taskmaster",{1}{B},1095,627,468,1095,627,468,0.5726027397260274,67.34415261250011,72.809330882666,1.8217260900552967,C,21.365231259968102,20.226495726495727
J25 Grave Robbers 4,1,"Isareth the Awakener",{1}{B}{B},1022,618,404,1022,618,404,0.6046966731898239,67.87972117784932,73.248692907225,1.7896572431252313,B,21.668284789644012,21.26732673267327
J25 Grave Robbers 4,1,"Revoke Demise",{4}{B},891,538,353,891,538,353,0.6038159371492705,48.02887115517659,53.37669214261261,1.7826069958120083,C,21.91449814126394,21.835694050991503
J25 Grave Robbers 4,1,"Undead Butler",{1}{B},948,538,410,948,538,410,0.5675105485232067,42.393175467537134,47.78759506494124,1.7981398658013694,D,22.096654275092938,20.568292682926828
J25 Grave Robbers 4,1,"Liliana, Death's Majesty",{3}{B}{B},776,517,259,776,517,259,0.6662371134020618,60.80956817823611,66.21946173490917,1.8032978522243548,C,21.454545454545453,21.93822393822394
J25 Grave Robbers 4,1,"Goremand",{4}{B}{B},700,515,185,700,515,185,0.7357142857142858,96.98274538364767,102.53085504695555,1.8493698877692946,A,22.145631067961165,24.481081081081083
J25 Grave Robbers 4,1,"Gravedigger",{3}{B},910,500,410,910,500,410,0.5494505494505495,51.09550017331077,56.539688790277694,1.8147295389889744,C,22.472,21.297560975609755
J25 Healers 1,1,"Angel of Vitality",{2}{W},1188,786,402,1188,786,402,0.6616161616161617,69.70446566984805,75.35252066894361,1.8826849996985233,B,19.49618320610687,21.691542288557216
J25 Healers 1,1,"Qala, Ajani's Pridemate",{3}{W},1116,768,348,1116,768,348,0.6881720430107527,73.53604083740989,79.1894869639795,1.8844820421898714,B,19.727864583333332,22.160919540229884
J25 Healers 1,1,"Hinterland Sanctifier",{W},1106,755,351,1106,755,351,0.6826401446654611,45.540232653610516,51.345214932400395,1.93499409292996,C,19.16953642384106,22.159544159544158
J25 Healers 1,1,"Kabira Crossroads",no cost,1193,748,445,1193,748,445,0.6269907795473596,38.1738811475561,43.84458997078795,1.890236274410616,D,19.601604278074866,21.644943820224718
J25 Healers 1,1,"Speaker of the Heavens",{W},1158,747,411,1158,747,411,0.6450777202072538,61.9785104588384,67.5843789993099,1.8686228468238362,C,19.279785809906294,22.104622871046228
J25 Healers 1,1,"Mesa Unicorn",{1}{W},1119,723,396,1119,723,396,0.646112600536193,56.4630207403074,62.15371718558089,1.8968988150911614,C,20.13554633471646,22.045454545454547
J25 Healers 1,1,"Faith's Fetters",{3}{W},1047,717,330,1047,717,330,0.6848137535816619,83.36785218651941,89.10596756926965,1.9127051275834124,B,20.668061366806135,22.86969696969697
J25 Healers 1,1,"Ajani's Pridemate",{1}{W},1077,703,374,1077,703,374,0.6527390900649953,54.859472105008045,60.6912529569759,1.9439269506559527,C,19.594594594594593,21.56149732620321
J25 Healers 1,1,"Desperate Lunge",{1}{W},981,687,294,981,687,294,0.7003058103975535,69.85768662893493,75.69877325113882,1.9470288740679635,B,19.78457059679767,23.45578231292517
J25 Healers 1,1,"Angel of Mercy",{4}{W},971,664,307,971,664,307,0.6838311019567456,84.98735143064424,90.7116855230845,1.908111364146754,B,20.58433734939759,22.71986970684039
J25 Healers 1,1,"Brightmare",{2}{W},999,639,360,999,639,360,0.6396396396396397,64.94571769835964,70.49267715709122,1.8489864862438614,C,20.852895148669795,22.683333333333334
J25 Healers 1,1,"Revitalize",{1}{W},1021,635,386,1021,635,386,0.6219392752203722,31.81653861493673,37.55436842459053,1.9126099365512668,D,20.792125984251967,22.417098445595855
J25 Healers 1,1,"Divine Arrow",{1}{W},850,470,380,850,470,380,0.5529411764705883,35.85836134164245,41.5900480577415,1.9105622386996826,D,21.51914893617021,22.973684210526315
J25 Healers 2,1,"Angel of Vitality",{2}{W},1169,825,344,1169,825,344,0.7057313943541489,68.55564423521122,74.31554110064411,1.9199656218109646,B,19.43030303030303,20.296511627906977
J25 Healers 2,1,"Recumbent Bliss",{2}{W},1076,794,282,1076,794,282,0.7379182156133829,76.37336550435187,82.14840960975194,1.9250147018000228,B,20.14735516372796,21.663120567375888
J25 Healers 2,1,"Ajani's Pridemate",{1}{W},1052,764,288,1052,764,288,0.7262357414448669,67.99787908268071,73.69741487958008,1.899845265633121,B,19.407068062827225,21.229166666666668
J25 Healers 2,1,"Hinterland Sanctifier",{W},1044,761,283,1044,761,283,0.7289272030651341,51.35608636923964,57.195934536225664,1.9466160556620082,C,18.97766097240473,21.314487632508833
J25 Healers 2,1,"Bishop's Soldier",{1}{W},1067,758,309,1067,758,309,0.7104029990627929,68.71950706921061,74.43250847120207,1.9043338006638217,B,19.84168865435356,21.349514563106798
J25 Healers 2,1,"Take Up the Shield",{1}{W},1051,757,294,1051,757,294,0.7202664129400571,65.88601196195708,71.6201454609608,1.911377833001241,C,19.7556142668428,20.829931972789115
J25 Healers 2,1,"Qala, Ajani's Pridemate",{3}{W},1026,749,277,1026,749,277,0.7300194931773879,79.38038068817177,85.00734679294521,1.8756553682578134,B,19.72363150867824,21.350180505415164
J25 Healers 2,1,"Speakeasy Server",{4}{W},932,660,272,932,660,272,0.7081545064377682,83.64387987055173,89.06975964800856,1.80862659248561,B,20.671212121212122,21.71323529411765
J25 Healers 2,1,"Valkyrie Harbinger",{4}{W}{W},761,620,141,761,620,141,0.8147174770039421,125.92879994407976,131.5722356687865,1.881145241568917,S,20.55,23.652482269503547
J25 Healers 2,1,"Brightmare",{2}{W},914,618,296,914,618,296,0.6761487964989059,59.94363731025801,65.71761494465433,1.924659211465438,C,20.166666666666668,21.91554054054054
J25 Healers 2,1,"Revitalize",{1}{W},961,603,358,961,603,358,0.627471383975026,20.732987427184835,26.40190832407838,1.8896402989645154,E,20.850746268656717,20.960893854748605
J25 Healers 2,1,"Divine Arrow",{1}{W},784,479,305,784,479,305,0.610969387755102,54.85941760428329,60.28223454934701,1.8076056483545735,C,21.38204592901879,21.881967213114756
J25 Healers 3,1,"Angel of Vitality",{2}{W},1232,900,332,1232,900,332,0.7305194805194806,82.02787381195652,87.9813923188907,1.984506168978058,B,19.567777777777778,22.03012048192771
J25 Healers 3,1,"Righteous Valkyrie",{2}{W},1127,852,275,1127,852,275,0.7559893522626442,80.95129095768861,86.72589955789722,1.9248695334028698,B,19.551643192488264,22.021818181818183
J25 Healers 3,1,"Kabira Crossroads",no cost,1207,834,373,1207,834,373,0.6909693454846727,38.57906637416195,44.36617986683048,1.929037830889511,D,19.689448441247002,21.796246648793566
J25 Healers 3,1,"Hinterland Sanctifier",{W},1106,808,298,1106,808,298,0.7305605786618445,58.72845425008433,64.68634778077099,1.9859645102288845,C,19.294554455445546,22.248322147651006
J25 Healers 3,1,"Banisher Priest",{1}{W}{W},1044,790,254,1044,790,254,0.7567049808429118,89.95541320022295,95.97435109185508,2.0063126305440457,A,19.815189873417722,23.39763779527559
J25 Healers 3,1,"Moment of Heroism",{1}{W},1092,785,307,1092,785,307,0.7188644688644689,63.339587251387904,69.11881469172845,1.9264091467801805,C,20.285350318471338,22.306188925081432
J25 Healers 3,1,"Recumbent Bliss",{2}{W},1033,773,260,1033,773,260,0.7483059051306873,87.35230228949648,93.40365604575977,2.0171179187544332,B,20.10608020698577,23.0
J25 Healers 3,1,"Ajani's Pridemate",{1}{W},1065,772,293,1065,772,293,0.7248826291079812,76.05203907487508,81.92435987972532,1.9574402682834104,B,19.84585492227979,22.505119453924916
J25 Healers 3,1,"Qala, Ajani's Pridemate",{3}{W},1096,770,326,1096,770,326,0.7025547445255474,75.70709154020757,81.5726987724151,1.9552024107358426,B,19.57792207792208,21.17484662576687
J25 Healers 3,1,"Daybreak Chaplain",{1}{W},1044,722,322,1044,722,322,0.6915708812260536,55.23019583107289,61.144982828198636,1.971595665708583,C,20.48337950138504,22.695652173913043
J25 Healers 3,1,"Angel of Mercy",{4}{W},947,670,277,947,670,277,0.7074973600844773,78.79215869943218,84.51892865542194,1.9089233186632555,B,20.64179104477612,22.985559566787003
J25 Healers 3,1,"Revitalize",{1}{W},950,645,305,950,645,305,0.6789473684210526,25.563252927162875,31.45678528167486,1.964510784837329,D,20.38139534883721,22.41967213114754
J25 Healers 3,1,"Deadly Riposte",{1}{W},876,527,349,876,527,349,0.6015981735159818,46.73399947655022,52.35828721207803,1.8747625785092723,C,21.29032258064516,22.687679083094554
J25 Healers 4,1,"Angel of Vitality",{2}{W},1244,824,420,1244,824,420,0.662379421221865,54.49544602581435,60.360327421284225,1.9549604651566237,C,20.819174757281555,22.552380952380954
J25 Healers 4,1,"Hinterland Sanctifier",{W},1170,770,400,1170,770,400,0.6581196581196581,45.145090667666274,51.101969459894164,1.9856262640759639,C,20.674025974025973,23.5575
J25 Healers 4,1,"Faith's Fetters",{3}{W},1109,769,340,1109,769,340,0.6934174932371506,89.24452462627492,95.22230218311675,1.9925925189472746,B,21.88296488946684,24.61470588235294
J25 Healers 4,1,"Qala, Ajani's Pridemate",{3}{W},1132,763,369,1132,763,369,0.6740282685512368,88.1530070893597,94.02076549753772,1.955919469392671,B,21.26605504587156,23.14363143631436
J25 Healers 4,1,"Rhox Faithmender",{3}{W},1150,755,395,1150,755,395,0.6565217391304348,70.48853512182198,76.42410306849321,1.9785226488904104,B,22.479470198675497,24.27848101265823
J25 Healers 4,1,"Ajani's Pridemate",{1}{W},1142,745,397,1142,745,397,0.6523642732049036,55.96519158561276,61.86366359687635,1.9661573370878636,C,21.02013422818792,23.037783375314863
J25 Healers 4,1,"Mesa Unicorn",{1}{W},1146,740,406,1146,740,406,0.6457242582897034,65.82464557026552,71.70467034405316,1.9600082579292155,C,21.67027027027027,23.322660098522167
J25 Healers 4,1,"Battlefield Promotion",{1}{W},1047,721,326,1047,721,326,0.6886341929321872,61.71799877075599,67.50514459034095,1.929048606528319,C,21.386962552011095,24.432515337423315
J25 Healers 4,1,"Revitalize",{1}{W},1053,660,393,1053,660,393,0.6267806267806267,39.118033377376534,44.974542546346214,1.9521697229898922,D,22.131818181818183,23.040712468193384
J25 Healers 4,1,"Brightmare",{2}{W},1005,630,375,1005,630,375,0.6268656716417911,61.714002377471466,67.4401275870075,1.9087084031786772,C,22.487301587301587,23.978666666666665
J25 Healers 4,1,"Felidar Sovereign",{4}{W}{W},867,585,282,867,585,282,0.6747404844290658,88.08423342735432,93.77487496653559,1.896880513060426,B,23.535042735042737,25.843971631205672
J25 Healers 4,1,"Divine Arrow",{1}{W},893,511,382,893,511,382,0.5722284434490481,50.537709904265895,56.33193107951378,1.931407058415961,C,23.37573385518591,23.876963350785342
J25 Heroes 1,1,"Chains of Custody",{2}{W},1118,588,530,1118,588,530,0.5259391771019678,60.114501457552265,65.76213665281972,1.8825450650891526,C,19.06972789115646,20.954716981132076
J25 Heroes 1,1,"Fencing Ace",{1}{W},1128,562,566,1128,562,566,0.49822695035460995,55.05514497891903,60.57446912279828,1.839774714626414,C,19.11387900355872,20.690812720848058
J25 Heroes 1,1,"Moment of Heroism",{1}{W},1033,553,480,1033,553,480,0.5353339787028074,60.85660691623002,66.40046312131349,1.847952068361157,C,19.537070524412297,21.852083333333333
J25 Heroes 1,1,"Dauntless Onslaught",{2}{W},952,549,403,952,549,403,0.5766806722689075,60.34551707352628,65.90850420451085,1.8543290436615225,C,19.550091074681237,21.193548387096776
J25 Heroes 1,1,"Brigone, Soldier of Meletis",{1}{W},1108,545,563,1108,545,563,0.4918772563176895,48.74738798337546,54.29605330789259,1.8495551081723764,C,19.55229357798165,20.5044404973357
J25 Heroes 1,1,"Valorous Stance",{1}{W},1021,528,493,1021,528,493,0.5171400587659157,68.55290227590493,74.0168598474118,1.8213191905022912,B,19.892045454545453,21.070993914807303
J25 Heroes 1,1,"Faithful Pikemaster",{3}{W},1083,524,559,1083,524,559,0.4838411819021237,46.808114478522334,52.3369850699236,1.842956863800422,C,20.112595419847327,20.840787119856888
J25 Heroes 1,1,"Defiant Strike",{W},778,523,255,778,523,255,0.6722365038560412,57.72960953023705,63.21822331674606,1.829537928836337,C,19.049713193116634,22.023529411764706
J25 Heroes 1,1,"Wingsteed Rider",{1}{W}{W},1047,523,524,1047,523,524,0.4995224450811843,62.513606210667696,68.00261960667245,1.8296711320015853,C,19.652007648183556,20.797709923664122
J25 Heroes 1,1,"Favored Hoplite",{W},1040,519,521,1040,519,521,0.49903846153846154,47.54402633581384,53.09828678349652,1.85142014922756,C,19.344894026974952,20.948176583493282
J25 Heroes 1,1,"Akroan Skyguard",{1}{W},1045,478,567,1045,478,567,0.4574162679425837,45.543288402844624,51.01356032403754,1.8234239737309728,C,19.422594142259413,20.566137566137566
J25 Heroes 1,1,"Tethmos High Priest",{2}{W},1007,452,555,1007,452,555,0.44885799404170806,60.086986444569476,65.52220734828553,1.811740301238687,C,20.08407079646018,21.05045045045045
J25 Heroes 2,1,"Gird for Battle",{W},1169,589,580,1169,589,580,0.5038494439692045,46.56051733858205,52.11981445305405,1.8530990381573318,C,18.33955857385399,20.18103448275862
J25 Heroes 2,1,"Brigone, Soldier of Meletis",{1}{W},1103,561,542,1103,561,542,0.5086128739800544,36.862937512601434,42.3785419810914,1.8385348228299887,D,18.663101604278076,20.900369003690038
J25 Heroes 2,1,"Elite Skirmisher",{2}{W},1133,550,583,1133,550,583,0.4854368932038835,42.91947436988546,48.60763533546715,1.896053655193899,D,19.136363636363637,20.797598627787306
J25 Heroes 2,1,"Chains of Custody",{2}{W},1002,535,467,1002,535,467,0.5339321357285429,61.313725451120966,66.81467232975217,1.8336489595437346,C,19.482242990654207,21.376873661670235
J25 Heroes 2,1,"Valorous Stance",{1}{W},1047,531,516,1047,531,516,0.5071633237822349,62.1094521922109,67.67936205263058,1.8566366201398934,C,19.717514124293785,21.218992248062015
J25 Heroes 2,1,"Fencing Ace",{1}{W},1078,531,547,1078,531,547,0.49257884972170685,57.62390877417989,63.10790240038389,1.8279978754013337,C,19.001883239171374,20.939670932358318
J25 Heroes 2,1,"Favored Hoplite",{W},1030,519,511,1030,519,511,0.503883495145631,55.18122953158516,60.776281838061706,1.8650174354921811,C,18.803468208092486,21.367906066536204
J25 Heroes 2,1,"Defiant Strike",{W},739,500,239,739,500,239,0.6765899864682002,56.21577669494554,61.792974324635466,1.8590658765633092,C,19.068,22.15062761506276
J25 Heroes 2,1,"Wingsteed Rider",{1}{W}{W},973,480,493,973,480,493,0.4933196300102775,63.68593925666822,69.18739652018036,1.8338190878373797,C,19.770833333333332,21.18661257606491
J25 Heroes 2,1,"Ojutai Exemplars",{2}{W}{W},991,476,515,991,476,515,0.4803229061553986,66.03728881641148,71.46453769549952,1.809082959696014,C,19.95798319327731,21.11844660194175
J25 Heroes 2,1,"Faithful Pikemaster",{3}{W},956,476,480,956,476,480,0.497907949790795,51.18282420646306,56.66448491740407,1.8272202369803352,C,19.907563025210084,21.520833333333332
J25 Heroes 2,1,"Repel the Darkness",{2}{W},764,297,467,764,297,467,0.3887434554973822,33.659531980358864,39.302789577967225,1.8810858658694534,D,21.757575757575758,21.70235546038544
J25 Icky 1,1,"Fumulus, the Infestation",{3}{B},1065,675,390,1065,675,390,0.6338028169014085,90.04031910641973,95.36188485839139,1.773855250657218,A,19.46074074074074,20.692307692307693
J25 Icky 1,1,"Go for the Throat",{1}{B},1114,655,459,1114,655,459,0.5879712746858169,75.9817023916696,81.47272713858963,1.8303415823066773,B,19.963358778625953,20.437908496732025
J25 Icky 1,1,"Subtle Strike",{1}{B},1114,598,516,1114,598,516,0.5368043087971275,47.5691324017196,52.90320882377526,1.7780254740185526,C,19.827759197324415,19.874031007751938
J25 Icky 1,1,"Eaten Alive",{B},1107,596,511,1107,596,511,0.5383920505871725,45.155758215760066,50.42340335199492,1.7558817120782853,C,20.558724832214764,20.524461839530332
J25 Icky 1,1,"Heartstabber Mosquito",{3}{B},1072,577,495,1072,577,495,0.5382462686567164,57.55594501684868,62.81365861337174,1.7525711988410202,C,19.998266897746966,20.15959595959596
J25 Icky 1,1,"Durable Coilbug",{1}{B},1035,537,498,1035,537,498,0.518840579710145,61.00251276045449,66.36518614296293,1.7875577941694778,C,20.217877094972067,20.23293172690763
J25 Icky 1,1,"Devouring Swarm",{1}{B}{B},996,526,470,996,526,470,0.5281124497991968,58.93434888357722,64.15833836347282,1.7413298266318675,C,20.157794676806084,20.33404255319149
J25 Icky 1,1,"Nantuko Husk",{2}{B},961,513,448,961,513,448,0.5338189386056191,60.51426194178338,65.98092424896191,1.82222076905951,C,20.499025341130604,20.439732142857142
J25 Icky 1,1,"Fretwork Colony",{1}{B},965,510,455,965,510,455,0.5284974093264249,49.79700791707468,54.98453851406428,1.729176865663201,C,19.50392156862745,19.76923076923077
J25 Icky 1,1,"Wriggling Grub",{1}{B},896,496,400,896,496,400,0.5535714285714286,63.779909347248804,69.14705226668084,1.7890476398106805,C,20.393145161290324,21.4025
J25 Icky 1,1,"Village Rites",{B},835,408,427,835,408,427,0.48862275449101794,1.049063374495545,6.424534560558939,1.791823728687798,E,20.676470588235293,20.161592505854802
J25 Icky 1,1,"Swarm of Bloodflies",{4}{B},633,349,284,633,349,284,0.5513428120063191,79.21465767784976,84.31577348747177,1.700371936540674,B,21.544412607449857,21.735915492957748
J25 Icky 2,1,"Fumulus, the Infestation",{3}{B},1057,664,393,1057,664,393,0.6281929990539262,96.79005725986451,102.3136839960594,1.8412089120649597,A,19.923192771084338,19.73027989821883
J25 Icky 2,1,"Go for the Throat",{1}{B},1095,621,474,1095,621,474,0.5671232876712329,50.139481837457524,55.63967628200395,1.8333981481821422,C,20.41867954911433,20.540084388185655
J25 Icky 2,1,"Torment of Scarabs",{3}{B},1049,598,451,1049,598,451,0.5700667302192565,64.87105747223276,70.14049546476852,1.756479330845252,C,20.52173913043478,18.997782705099777
J25 Icky 2,1,"Eaten Alive",{B},1043,586,457,1043,586,457,0.5618408437200384,50.527343246639106,55.752402144961636,1.741686299440843,C,21.18430034129693,20.396061269146607
J25 Icky 2,1,"Subtle Strike",{1}{B},1110,578,532,1110,578,532,0.5207207207207207,48.995466914927995,54.37822301155728,1.7942520322097624,C,20.40484429065744,19.597744360902254
J25 Icky 2,1,"Heartstabber Mosquito",{3}{B},1030,555,475,1030,555,475,0.5388349514563107,59.85438912789558,65.1273146816769,1.757641851260442,C,20.484684684684684,19.913684210526316
J25 Icky 2,1,"Nantuko Husk",{2}{B},946,524,422,946,524,422,0.5539112050739958,68.98719963861433,74.21115983633543,1.7413200659070307,B,20.419847328244273,20.379146919431278
J25 Icky 2,1,"Devouring Swarm",{1}{B}{B},933,517,416,933,517,416,0.5541264737406216,59.11078598550173,64.47192603362085,1.7870466827063725,C,20.431334622823986,20.266826923076923
J25 Icky 2,1,"Wriggling Grub",{1}{B},925,506,419,925,506,419,0.547027027027027,55.38975671030072,60.76928194710335,1.7931750789342096,C,20.58300395256917,20.608591885441527
J25 Icky 2,1,"Virus Beetle",{1}{B},912,501,411,912,501,411,0.5493421052631579,36.1125926465564,41.70999252992034,1.865799961121314,D,20.724550898203592,20.16301703163017
J25 Icky 2,1,"Morkrut Necropod",{5}{B},699,432,267,699,432,267,0.6180257510729614,104.0171167384989,109.377365666995,1.7867496428320369,A,21.40509259259259,21.756554307116104
J25 Icky 2,1,"Endless Cockroaches",{1}{B}{B},786,385,401,786,385,401,0.48982188295165396,52.90047642663274,58.22430078711044,1.7746081201592316,C,21.815584415584414,20.925187032418954
J25 Illusions,1,"Oneirophage",{3}{U},1062,638,424,1062,638,424,0.60075329566855,91.19737736181678,96.47140063910757,1.7580077590969319,A,19.572100313479623,19.169811320754718
J25 Illusions,1,"Phantasmal Shieldback",{U},1094,622,472,1094,622,472,0.5685557586837294,55.57124298554258,61.14117956530657,1.8566455265879978,C,19.586816720257236,19.322033898305083
J25 Illusions,1,"Krovikan Mist",{1}{U},1086,620,466,1086,620,466,0.570902394106814,65.51535418864282,70.95594305524855,1.8135296222019097,C,19.043548387096774,19.358369098712448
J25 Illusions,1,"Phantom Ninja",{1}{U}{U},1095,617,478,1095,617,478,0.5634703196347032,59.16244645382738,64.37101096593143,1.736188170701351,C,19.21555915721232,19.190376569037657
J25 Illusions,1,"Haunting Figment",{1}{U},1134,590,544,1134,590,544,0.5202821869488536,52.95786411854035,58.455764068306564,1.8326333165887372,C,19.39830508474576,18.96323529411765
J25 Illusions,1,"Supreme Will",{2}{U},1134,578,556,1134,578,556,0.5097001763668431,13.80128750651597,19.097753637822223,1.765488710435417,E,20.275086505190313,19.02158273381295
J25 Illusions,1,"Murmuring Mystic",{3}{U},1049,575,474,1049,575,474,0.5481410867492851,82.51044732055743,87.94914436382534,1.8128990144226336,B,20.76,20.023206751054854
J25 Illusions,1,"Lord of the Unreal",{U}{U},1020,568,452,1020,568,452,0.5568627450980392,74.85563076593996,80.0902403623522,1.7448698654707477,B,19.455985915492956,19.758849557522122
J25 Illusions,1,"Opt",{U},1137,560,577,1137,560,577,0.4925241864555849,14.126074316992607,19.426004354005386,1.7666433456709265,E,19.52857142857143,18.984402079722702
J25 Illusions,1,"Pol Jamaar, Illusionist",{4}{U}{U},818,544,274,818,544,274,0.6650366748166259,78.88997525801291,84.35707371778055,1.8223661532558804,B,20.316176470588236,20.71897810218978
J25 Inventive 1,1,"Chief of the Foundry",{3},1224,683,541,1224,683,541,0.5580065359477124,81.57974309082334,86.87080376479251,1.7636868913230581,B,20.7701317715959,21.00739371534196
J25 Inventive 1,1,"Seat of the Synod",no cost,1247,637,610,1247,637,610,0.5108259823576584,26.101847672992996,31.55662993875665,1.818260755254552,D,21.392464678178964,21.23934426229508
J25 Inventive 1,1,"Filigree Attendant",{2}{U}{U},1038,577,461,1038,577,461,0.5558766859344894,80.34300843594295,85.6426983281012,1.7665632973860859,B,21.781629116117852,22.08459869848156
J25 Inventive 1,1,"Eager Construct",{2},1113,573,540,1113,573,540,0.5148247978436657,45.429310677119005,50.81087754179894,1.7938556215599764,C,21.1064572425829,22.03148148148148
J25 Inventive 1,1,"Blink of an Eye",{1}{U},1204,556,648,1204,556,648,0.46179401993355484,29.598826359530083,34.97444389792809,1.7918725127993353,D,21.72841726618705,21.60030864197531
J25 Inventive 1,1,"Bury in Books",{4}{U},1106,556,550,1106,556,550,0.5027124773960217,49.34574264430613,54.710391114954,1.7882161568826251,C,22.116906474820144,22.407272727272726
J25 Inventive 1,1,"Ornithopter of Paradise",{2},1106,551,555,1106,551,555,0.49819168173598555,47.76437205470046,53.26413921122607,1.833255718841871,C,21.696914700544465,21.75855855855856
J25 Inventive 1,1,"Gilded Scuttler",{2}{U},1072,530,542,1072,530,542,0.4944029850746269,59.27831044368433,64.55834510023428,1.7600115521833135,C,21.99056603773585,21.891143911439116
J25 Inventive 1,1,"Sai, Master Thopterist",{2}{U},1064,529,535,1064,529,535,0.49718045112781956,50.210552037958664,55.50765744263501,1.7657018015587826,C,22.22873345935728,21.91588785046729
J25 Inventive 1,1,"Gearseeker Serpent",{5}{U}{U},928,484,444,928,484,444,0.521551724137931,66.95669532464169,72.33838193141104,1.7938955355897825,C,22.34917355371901,23.024774774774773
J25 Inventive 1,1,"Experimental Aviator",{3}{U}{U},841,447,394,841,447,394,0.5315101070154578,78.24014040116106,83.62740430506351,1.7957546346341486,B,22.876957494407158,24.215736040609137
J25 Inventive 1,1,"Whirlermaker",{3},976,434,542,976,434,542,0.444672131147541,53.44079810803133,58.73914354886331,1.7661151469439924,C,22.891705069124423,21.53321033210332
J25 Inventive 1,1,"Prophetic Prism",{2},4,2,2,4,2,2,0.5,71.11851926743029,96.02459140754323,8.302024046704316,B,18.0,17.5
J25 Inventive 2,1,"Chief of the Foundry",{3},1136,572,564,1136,572,564,0.5035211267605634,66.89807046452874,72.31297598157671,1.8049685056826579,C,20.293706293706293,19.404255319148938
J25 Inventive 2,1,"Seat of the Synod",no cost,1146,537,609,1146,537,609,0.468586387434555,23.85592212463532,29.33315506326006,1.8257443128749142,D,20.84171322160149,19.430213464696223
J25 Inventive 2,1,"Fireshrieker",{3},1183,507,676,1183,507,676,0.42857142857142855,63.119243977791335,68.510156260005,1.7969707607378902,C,20.723865877712033,18.440828402366865
J25 Inventive 2,1,"Ornithopter of Paradise",{2},1036,505,531,1036,505,531,0.4874517374517375,50.15286026275924,55.50900594942469,1.7853818955551497,C,20.7009900990099,20.04708097928437
J25 Inventive 2,1,"Treasure Keeper",{4},986,481,505,986,481,505,0.48782961460446245,59.17250570082469,64.46562617732535,1.7643734921668848,C,21.2972972972973,19.84950495049505
J25 Inventive 2,1,"Universal Solvent",{1},1069,478,591,1069,478,591,0.4471468662301216,52.1924920000893,57.680217349679126,1.829241783196608,C,21.38702928870293,19.11844331641286
J25 Inventive 2,1,"Eager Construct",{2},1014,468,546,1014,468,546,0.46153846153846156,49.174094716372544,54.64041171091761,1.822105664848355,C,20.965811965811966,19.76007326007326
J25 Inventive 2,1,"Gilded Scuttler",{2}{U},920,439,481,920,439,481,0.4771739130434783,66.46014546565857,71.70769829016247,1.7491842748346351,C,21.261958997722097,20.006237006237008
J25 Inventive 2,1,"Sai, Master Thopterist",{2}{U},983,434,549,983,434,549,0.44150559511698884,47.90030438448952,53.36757720904696,1.8224242748524773,C,21.702764976958527,19.92896174863388
J25 Inventive 2,1,"Shimmer Dragon",{4}{U}{U},745,426,319,745,426,319,0.5718120805369128,74.67921373882508,79.8935538085332,1.738113356569373,B,21.15962441314554,20.46394984326019
J25 Inventive 2,1,"Experimental Aviator",{3}{U}{U},714,385,329,714,385,329,0.5392156862745098,80.4918844627436,85.83332543054718,1.7804803226011952,B,22.174025974025973,21.65045592705167
J25 Inventive 2,1,"Prophetic Prism",{2},27,17,10,27,17,10,0.6296296296296297,65.6330831555318,76.81042376933488,3.725780204601023,C,23.941176470588236,17.8
J25 Inventive 3,1,"Chief of the Foundry",{3},1351,718,633,1351,718,633,0.5314581791265729,70.72900753782454,76.39500678826538,1.8886664168136091,B,20.738161559888578,20.941548183254344
J25 Inventive 3,1,"Fading Hope",{U},1316,648,668,1316,648,668,0.49240121580547114,49.80073063487558,55.5965034607425,1.9319242752889723,C,21.14351851851852,20.842814371257486
J25 Inventive 3,1,"Seat of the Synod",no cost,1257,607,650,1257,607,650,0.48289578361177404,22.571008684996016,28.270781433574335,1.8999242495261057,D,20.935749588138385,20.709230769230768
J25 Inventive 3,1,"Ornithopter of Paradise",{2},1168,575,593,1168,575,593,0.4922945205479452,41.284351165230724,46.93803809429413,1.8845623096878006,D,21.227826086956522,21.27655986509275
J25 Inventive 3,1,"Patchwork Automaton",{2},1153,561,592,1153,561,592,0.4865568083261058,57.92036164363774,63.47637056854599,1.8520029749694158,C,21.262032085561497,21.01858108108108
J25 Inventive 3,1,"Padeem, Consul of Innovation",{3}{U},1104,559,545,1104,559,545,0.5063405797101449,36.11400149320233,42.05382638633315,1.9799416310436062,D,21.94991055456172,21.047706422018347
J25 Inventive 3,1,"Thought Monitor",{6}{U},944,529,415,944,529,415,0.5603813559322034,54.29040476951298,59.910089436899824,1.8732282224622816,C,21.984877126654066,22.14457831325301
J25 Inventive 3,1,"Myr Enforcer",{7},972,504,468,972,504,468,0.5185185185185185,57.63107140871513,63.29321132695489,1.887379972746586,C,22.08531746031746,22.46794871794872
J25 Inventive 3,1,"Gilded Scuttler",{2}{U},1080,489,591,1080,489,591,0.4527777777777778,50.757039037900014,56.53311780863642,1.9253595902454683,C,22.132924335378323,21.219966159052454
J25 Inventive 3,1,"Experimental Aviator",{3}{U}{U},913,481,432,913,481,432,0.5268346111719606,76.75492984761065,82.45860435425375,1.901224835547698,B,22.16008316008316,23.185185185185187
J25 Inventive 3,1,"Thoughtcast",{4}{U},1046,475,571,1046,475,571,0.4541108986615679,13.790718120098866,19.622515535569857,1.9439324718236632,E,21.95157894736842,21.19264448336252
J25 Inventive 3,1,"Prophetic Prism",{2},5,3,2,5,3,2,0.6,56.1310389093654,77.54514006024972,7.138033716961439,C,24.666666666666668,35.0
J25 Inventive 4,1,"Chief of the Foundry",{3},1331,714,617,1331,714,617,0.5364387678437266,81.05609825118133,86.44363025049861,1.7958439997724303,B,21.102240896358545,21.573743922204216
J25 Inventive 4,1,"Blink of an Eye",{1}{U},1285,626,659,1285,626,659,0.48715953307392995,46.85730472651391,52.30788458532053,1.8168599529355405,C,21.575079872204473,21.74051593323217
J25 Inventive 4,1,"Seat of the Synod",no cost,1235,621,614,1235,621,614,0.5028340080971659,37.21607104054448,42.78512232972764,1.8563504297277207,D,21.03864734299517,21.35667752442997
J25 Inventive 4,1,"Bury in Books",{4}{U},1200,593,607,1200,593,607,0.49416666666666664,43.17667509088945,48.707408207165756,1.8435777054254374,D,21.73018549747049,22.71169686985173
J25 Inventive 4,1,"Eager Construct",{2},1209,584,625,1209,584,625,0.48304383788254757,47.13493359754483,52.585622166834824,1.816896189763331,C,21.263698630136986,21.8736
J25 Inventive 4,1,"Ornithopter of Paradise",{2},1163,562,601,1163,562,601,0.4832330180567498,46.17427715126241,51.65820016513537,1.8279743379576536,C,21.03914590747331,21.913477537437604
J25 Inventive 4,1,"Treasure Keeper",{4},1100,543,557,1100,543,557,0.49363636363636365,54.28007149581371,59.78802611517516,1.8359848731204822,C,21.76427255985267,22.166965888689408
J25 Inventive 4,1,"Gilded Scuttler",{2}{U},1083,529,554,1083,529,554,0.4884579870729455,54.12881931359068,59.544063415888715,1.805081367432677,C,22.1531190926276,22.290613718411553
J25 Inventive 4,1,"Padeem, Consul of Innovation",{3}{U},1036,517,519,1036,517,519,0.49903474903474904,26.92724552329905,32.580741559740645,1.8844986788138647,D,22.09284332688588,22.134874759152215
J25 Inventive 4,1,"Shardless Outlander",{7},1124,516,608,1124,516,608,0.45907473309608543,47.60405466528799,53.038059040324235,1.8113347916787486,C,22.13372093023256,21.598684210526315
J25 Inventive 4,1,"Guardian Idol",{2},1112,508,604,1112,508,604,0.4568345323741007,38.66078728688978,44.06532610640322,1.8015129398378142,D,22.246062992125985,22.043046357615893
J25 Inventive 4,1,"Experimental Aviator",{3}{U}{U},932,481,451,932,481,451,0.5160944206008584,79.47109027418611,84.94868652601068,1.8258654172748572,B,22.513513513513512,23.813747228381374
J25 Inventive 4,1,"Prophetic Prism",{2},51,24,27,51,24,27,0.47058823529411764,36.36210660352019,44.42319999535688,2.6870311306122296,D,21.458333333333332,22.962962962962962
J25 Landfall 1,1,"Canopy Baloth",{3}{G},1081,600,481,1081,600,481,0.5550416281221091,67.29835184329956,72.58518435653346,1.7622775044113002,C,19.053333333333335,20.14137214137214
J25 Landfall 1,1,"Bite Down",{1}{G},1056,582,474,1056,582,474,0.5511363636363636,66.65779648162358,72.05911815611056,1.8004405581623253,C,19.195876288659793,20.556962025316455
J25 Landfall 1,1,"Snapping Gnarlid",{1}{G},1069,578,491,1069,578,491,0.5406922357343311,60.73250254115521,65.99512965086751,1.7542090365707659,C,19.086505190311417,20.071283095723015
J25 Landfall 1,1,"Lotus Cobra",{1}{G},999,553,446,999,553,446,0.5535535535535535,59.72777623967903,65.08813243550006,1.7867853986070092,C,18.70886075949367,20.45067264573991
J25 Landfall 1,1,"Harrow",{2}{G},1116,550,566,1116,550,566,0.492831541218638,32.028033007535015,37.310488869135284,1.7608186205334242,D,19.16,18.87102473498233
J25 Landfall 1,1,"Sutina, Speaker of the Tajuru",{2}{G},1010,549,461,1010,549,461,0.5435643564356436,58.51315835626177,63.702113477493526,1.7296517070772528,C,19.586520947176684,20.175704989154013
J25 Landfall 1,1,"Skyclave Pick-Axe",{G},1090,542,548,1090,542,548,0.4972477064220184,48.37230978813208,53.62830831111995,1.7519995076626238,C,19.105166051660518,19.604014598540147
J25 Landfall 1,1,"Undergrowth Champion",{1}{G}{G},950,540,410,950,540,410,0.5684210526315789,75.09175785866259,80.3603375766471,1.7561932393281707,B,19.598148148148148,20.62439024390244
J25 Landfall 1,1,"Evolving Wilds",no cost,985,530,455,985,530,455,0.5380710659898477,28.978649646709684,34.16589343052392,1.7290812612714137,D,19.211320754716983,19.556043956043958
J25 Landfall 1,1,"Kazandu Stomper",{5}{G},913,488,425,913,488,425,0.5345016429353778,76.01738775299327,81.28728460529393,1.7566322841002218,B,20.0327868852459,20.668235294117647
J25 Landfall 1,1,"Adventure Awaits",{1}{G},918,457,461,918,457,461,0.49782135076252726,18.89729314914176,24.035621368947186,1.7127760732684763,E,19.805251641137854,19.852494577006507
J25 Landfall 1,1,"Baloth Woodcrasher",{4}{G}{G},764,417,347,764,417,347,0.5458115183246073,78.85255818717067,83.86459137316193,1.6706777286637513,B,20.227817745803357,21.518731988472624
J25 Landfall 2,1,"Bite Down",{1}{G},1155,692,463,1155,692,463,0.5991341991341992,64.27964781362556,69.4390320843962,1.7197947569235486,C,21.429190751445088,21.41900647948164
J25 Landfall 2,1,"Bond of Flourishing",{1}{G},1223,687,536,1223,687,536,0.5617334423548651,28.945464002934912,34.351392342678025,1.801976113247704,D,21.87481804949054,20.813432835820894
J25 Landfall 2,1,"Canopy Baloth",{3}{G},1157,682,475,1157,682,475,0.5894554883318929,68.42696079486184,73.62152252187795,1.731520575672035,B,21.076246334310852,21.178947368421053
J25 Landfall 2,1,"Sutina, Speaker of the Tajuru",{2}{G},1106,644,462,1106,644,462,0.5822784810126582,57.743155174816565,62.97696973998731,1.7446048550569162,C,21.343167701863354,21.474025974025974
J25 Landfall 2,1,"Snapping Gnarlid",{1}{G},1084,628,456,1084,628,456,0.5793357933579336,57.23402724644543,62.50501735424167,1.7569967025987479,C,21.78503184713376,21.55482456140351
J25 Landfall 2,1,"Territorial Scythecat",{2}{G},1066,599,467,1066,599,467,0.5619136960600375,64.93315017831257,70.25017132549978,1.7723403823957349,C,21.53923205342237,21.21199143468951
J25 Landfall 2,1,"Kazandu Nectarpot",{1}{G},1012,578,434,1012,578,434,0.5711462450592886,62.9193019338672,68.2022540388202,1.7609840349843326,C,22.58477508650519,22.308755760368662
J25 Landfall 2,1,"Evolving Wilds",no cost,987,573,414,987,573,414,0.5805471124620061,29.935738165492218,35.28454105096202,1.7829342951566,D,21.586387434554975,20.782608695652176
J25 Landfall 2,1,"Ancient Greenwarden",{4}{G}{G},878,567,311,878,567,311,0.6457858769931663,87.48350115728664,92.95091294409534,1.822470595602898,B,23.423280423280424,24.266881028938908
J25 Landfall 2,1,"Kazandu Stomper",{5}{G},955,560,395,955,560,395,0.5863874345549738,70.47549792628351,75.76428801589499,1.7629300298704946,B,22.77857142857143,22.4253164556962
J25 Landfall 2,1,"Retreat to Kazandu",{2}{G},956,530,426,956,530,426,0.5543933054393305,64.5236840094996,69.75611347585918,1.7441431554531914,C,22.930188679245283,21.572769953051644
J25 Landfall 2,1,"Krosan Tusker",{5}{G}{G},903,495,408,903,495,408,0.5481727574750831,44.78937143763909,50.06905213154329,1.7598935646347336,D,23.280808080808082,22.58823529411765
J25 Landfall 3,1,"Scythecat Cub",{1}{G},1071,711,360,1071,711,360,0.6638655462184874,82.42639852385764,87.5677158881832,1.7137724547751887,B,17.251758087201125,19.913888888888888
J25 Landfall 3,1,"Bite Down",{1}{G},1063,640,423,1063,640,423,0.6020696142991533,61.26390047121234,66.4761587692818,1.737419432689818,C,18.8984375,19.86761229314421
J25 Landfall 3,1,"Harrow",{2}{G},1132,611,521,1132,611,521,0.5397526501766784,23.52212428108527,28.605956243433212,1.694610654115981,D,18.79378068739771,18.896353166986565
J25 Landfall 3,1,"Cliffhaven Kitesail",{1},1092,592,500,1092,592,500,0.5421245421245421,51.99916559405315,57.06893482774619,1.6899230778976804,C,18.55743243243243,18.688
J25 Landfall 3,1,"Canopy Baloth",{3}{G},995,579,416,995,579,416,0.5819095477386935,79.28860511768168,84.45990895982881,1.7237679473823762,B,19.088082901554404,19.66346153846154
J25 Landfall 3,1,"Snapping Gnarlid",{1}{G},923,534,389,923,534,389,0.5785482123510293,57.921659100339994,63.27794984646991,1.7854302487099718,C,18.737827715355806,19.709511568123393
J25 Landfall 3,1,"Sutina, Speaker of the Tajuru",{2}{G},916,534,382,916,534,382,0.5829694323144105,60.38723175669772,65.60087995893569,1.737882734079324,C,19.211610486891384,20.63350785340314
J25 Landfall 3,1,"Territorial Scythecat",{2}{G},900,529,371,900,529,371,0.5877777777777777,59.96603435155701,65.16286119173195,1.732275613391644,C,19.24007561436673,19.7277628032345
J25 Landfall 3,1,"Evolving Wilds",no cost,923,525,398,923,525,398,0.5687973997833152,27.211465194834375,32.36880070502413,1.7191118367299179,D,18.64190476190476,19.41959798994975
J25 Landfall 3,1,"Murasa Ranger",{3}{G},916,483,433,916,483,433,0.527292576419214,71.62260548042063,76.8233165470733,1.7335703555508901,B,19.89648033126294,19.59584295612009
J25 Landfall 3,1,"Kazandu Stomper",{5}{G},734,443,291,734,443,291,0.603542234332425,96.9917629959994,102.2061241251868,1.7381203763958042,A,20.71783295711061,20.49484536082474
J25 Landfall 3,1,"Retreat to Kazandu",{2}{G},771,420,351,771,420,351,0.5447470817120622,52.24140825156254,57.24887107787053,1.6691542754359974,C,20.576190476190476,20.145299145299145
J25 Landfall 4,1,"Scythecat Cub",{1}{G},996,597,399,996,597,399,0.5993975903614458,82.05847002666776,87.33735096826986,1.7596269805340312,B,16.892797319933,19.88972431077694
J25 Landfall 4,1,"Bite Down",{1}{G},1023,566,457,1023,566,457,0.5532746823069403,54.56619828575267,59.907878405426416,1.7805600398912487,C,18.618374558303888,20.336980306345733
J25 Landfall 4,1,"Evolving Wilds",no cost,932,539,393,932,539,393,0.5783261802575107,31.908050059309918,37.32237174539713,1.8047738953624033,D,18.194805194805195,19.979643765903308
J25 Landfall 4,1,"Groundswell",{G},911,538,373,911,538,373,0.5905598243688255,54.6388901146303,60.04436189037064,1.801823925246778,C,17.890334572490705,19.9142091152815
J25 Landfall 4,1,"Snapping Gnarlid",{1}{G},937,525,412,937,525,412,0.5602988260405549,60.74254405744463,66.13669130716956,1.798049083241642,C,18.304761904761904,20.62135922330097
J25 Landfall 4,1,"Harrow",{2}{G},1042,521,521,1042,521,521,0.5,29.358883657732832,34.65262283980715,1.7645797273581059,D,18.12476007677543,19.383877159309023
J25 Landfall 4,1,"Canopy Baloth",{3}{G},961,519,442,961,519,442,0.5400624349635796,75.28269821578945,80.66533305984248,1.7942116146843416,B,18.736030828516377,19.789592760180994
J25 Landfall 4,1,"Skyclave Pick-Axe",{G},994,501,493,994,501,493,0.5040241448692153,42.45447158267601,47.76211428273515,1.7692142333530478,D,18.347305389221557,19.20689655172414
J25 Landfall 4,1,"Sutina, Speaker of the Tajuru",{2}{G},879,482,397,879,482,397,0.5483503981797497,61.00246232843827,66.25269861830839,1.750078763290038,C,18.858921161825727,20.614609571788414
J25 Landfall 4,1,"Grazing Gladehart",{2}{G},846,442,404,846,442,404,0.5224586288416075,54.90587638328353,60.15734662791917,1.750490081545215,C,19.653846153846153,20.72772277227723
J25 Landfall 4,1,"Sporemound",{3}{G}{G},800,414,386,800,414,386,0.5175,61.5222797036166,66.78593636272767,1.7545522197036905,C,19.85024154589372,20.435233160621763
J25 Landfall 4,1,"Baloth Woodcrasher",{4}{G}{G},710,377,333,710,377,333,0.5309859154929577,69.10619615005835,74.20750964814641,1.7004378326960197,B,19.604774535809018,20.77177177177177
J25 Legion 1,1,"Dawnwing Marshal",{1}{W},1076,705,371,1076,705,371,0.6552044609665427,80.02546700682115,85.51723731202185,1.8305901017335666,B,18.7645390070922,20.76010781671159
J25 Legion 1,1,"Adeline, Resplendent Cathar",{1}{W}{W},1029,682,347,1029,682,347,0.6627793974732751,78.11267779264267,83.58067067401535,1.822664293790893,B,18.93841642228739,21.15850144092219
J25 Legion 1,1,"Recruitment Officer",{W},1041,675,366,1041,675,366,0.6484149855907781,56.88931378586355,62.55371710736516,1.888134440500536,C,18.10074074074074,20.516393442622952
J25 Legion 1,1,"Pacifism",{1}{W},1059,657,402,1059,657,402,0.6203966005665722,70.6369541312588,76.1470544436069,1.8367001041160345,B,19.356164383561644,20.101990049751244
J25 Legion 1,1,"Hinterland Sanctifier",{W},998,651,347,998,651,347,0.6523046092184369,39.40187218571452,45.37771975833688,1.9919491908741203,D,19.032258064516128,21.265129682997117
J25 Legion 1,1,"Mentor of the Meek",{2}{W},1044,630,414,1044,630,414,0.603448275862069,44.54980533140401,50.27022234256808,1.9068056703880247,D,19.331746031746032,20.304347826086957
J25 Legion 1,1,"Ancestral Blade",{1}{W},1023,629,394,1023,629,394,0.6148582600195504,43.36938884075034,48.98068030811639,1.870430489122018,D,18.88871224165342,20.64720812182741
J25 Legion 1,1,"Argivian Phalanx",{5}{W},1023,623,400,1023,623,400,0.6089931573802542,63.3045389169092,68.90369893001149,1.8663866710340946,C,19.59550561797753,21.175
J25 Legion 1,1,"Search Party Captain",{3}{W},904,581,323,904,581,323,0.6426991150442478,37.61660005076988,43.2137819066551,1.8657272852950735,D,19.40619621342513,20.777089783281735
J25 Legion 1,1,"Dauntless Unity",{1}{W},910,566,344,910,566,344,0.621978021978022,46.50204694693237,52.06464708393276,1.8542000456667995,C,18.558303886925795,20.322674418604652
J25 Legion 1,1,"Make a Stand",{2}{W},894,551,343,894,551,343,0.616331096196868,49.17457836827613,54.63098721938309,1.8188029503689869,C,19.056261343012704,20.387755102040817
J25 Legion 1,1,"Raise the Alarm",{1}{W},833,504,329,833,504,329,0.6050420168067226,59.54212287158026,65.18735486150184,1.881743996640529,C,19.099206349206348,21.26139817629179
J25 Legion 2,1,"Dawnwing Marshal",{1}{W},1133,733,400,1133,733,400,0.646954986760812,66.75073692105704,72.17638033627604,1.8085478050730008,C,19.442019099590723,20.3425
J25 Legion 2,1,"Adeline, Resplendent Cathar",{1}{W}{W},1032,707,325,1032,707,325,0.685077519379845,73.88294042890176,79.55043178880163,1.8891637866332909,B,19.407355021216407,21.498461538461537
J25 Legion 2,1,"Hinterland Sanctifier",{W},1062,698,364,1062,698,364,0.6572504708097928,48.06307087910939,53.75116533097014,1.896031483953584,C,19.634670487106018,21.14835164835165
J25 Legion 2,1,"Ancestral Blade",{1}{W},1093,695,398,1093,695,398,0.6358645928636779,61.7776001702883,67.40260454885404,1.8750014595219133,C,19.536690647482015,20.41457286432161
J25 Legion 2,1,"Memorial to Glory",no cost,1141,658,483,1141,658,483,0.5766871165644172,29.816396707916056,35.493314496938204,1.892305929674049,D,19.641337386018236,19.803312629399585
J25 Legion 2,1,"Mentor of the Meek",{2}{W},1079,653,426,1079,653,426,0.6051899907321594,34.62045570193447,40.20536318611927,1.8616358280616017,D,20.306278713629403,20.380281690140844
J25 Legion 2,1,"Recruitment Officer",{W},1031,646,385,1031,646,385,0.6265761396702231,41.822430041145324,47.51807519657142,1.8985483851420317,D,19.575851393188856,20.763636363636362
J25 Legion 2,1,"Dauntless Unity",{1}{W},931,594,337,931,594,337,0.6380236305048335,57.80433847422348,63.137489340516396,1.7777169554309717,C,19.64983164983165,20.774480712166174
J25 Legion 2,1,"Venerated Loxodon",{4}{W},904,573,331,904,573,331,0.6338495575221239,78.24757777367884,83.91175493078613,1.8880590523690968,B,20.783595113438047,21.250755287009063
J25 Legion 2,1,"Defend the Campus",{3}{W},891,565,326,891,565,326,0.6341189674523008,60.031754716213385,65.60165615795879,1.8566338139151344,C,20.178761061946904,21.309815950920246
J25 Legion 2,1,"Raise the Alarm",{1}{W},878,540,338,878,540,338,0.6150341685649203,58.081996674361164,63.72804890751756,1.8820174110521333,C,19.538888888888888,21.28698224852071
J25 Legion 2,1,"Conclave Tribunal",{3}{W},793,482,311,793,482,311,0.6078184110970997,65.35464526573843,70.90739567875514,1.8509168043389046,C,21.398340248962654,21.427652733118972
J25 Legion 2,1,"Triplicate Spirits",{4}{W}{W},705,458,247,705,458,247,0.649645390070922,76.54748844377247,82.01425966051707,1.8222570722482,B,21.578602620087338,22.931174089068826
J25 Modified,1,"Audacity",{G},1019,480,539,1019,480,539,0.47105004906771347,44.8771614838178,50.36840684935399,1.830415121845395,D,19.264583333333334,19.487940630797773
J25 Modified,1,"Defend the Celestus",{2}{G}{G},888,471,417,888,471,417,0.5304054054054054,74.79636294793441,80.15916826900228,1.7876017736892886,B,19.726114649681527,20.400479616306953
J25 Modified,1,"Cave of Temptation",no cost,1155,465,690,1155,465,690,0.4025974025974026,29.33337406104046,35.007701703979265,1.8914425476462688,D,19.483870967741936,19.515942028985506
J25 Modified,1,"Wolfrider's Saddle",{3}{G},995,450,545,995,450,545,0.45226130653266333,70.9608051909222,76.43671690384458,1.8253039043074617,B,19.877777777777776,20.748623853211008
J25 Modified,1,"Kodama of the West Tree",{2}{G},983,442,541,983,442,541,0.4496439471007121,62.33887505144954,67.99892213199544,1.8866823601819673,C,19.923076923076923,20.920517560073936
J25 Modified,1,"Gnarlid Colony",{1}{G},995,436,559,995,436,559,0.4381909547738693,49.68240261420758,55.138992653830954,1.8188633465411232,C,19.862385321100916,20.03577817531306
J25 Modified,1,"Snakeskin Veil",{G},914,435,479,914,435,479,0.4759299781181619,42.03197872841431,47.610865543559,1.8596289383815632,D,19.724137931034484,20.59498956158664
J25 Modified,1,"Reckless Amplimancer",{1}{G},1041,428,613,1041,428,613,0.4111431316042267,46.604134791269665,52.26093193390605,1.8855990475454625,C,20.0303738317757,20.270799347471453
J25 Modified,1,"Declare Dominance",{3}{G}{G},708,390,318,708,390,318,0.5508474576271186,61.89630177853801,67.37362577160226,1.8257746643547517,C,20.264102564102565,21.355345911949687
J25 Modified,1,"Saurian Symbiote",{3}{G},927,382,545,927,382,545,0.4120819848975189,61.61229277659458,67.3016040044609,1.8964370759554396,C,20.787958115183248,21.01467889908257
J25 Modified,1,"Orochi Merge-Keeper",{1}{G},951,382,569,951,382,569,0.40168243953732913,34.61138902522076,40.31752023551584,1.9020437367650282,D,20.714659685863875,20.272407732864675
J25 Modified,1,"Heir of the Ancient Fang",{2}{G},944,381,563,944,381,563,0.4036016949152542,47.17316267748248,52.887718124767524,1.9048518157616803,C,20.503937007874015,20.41918294849023
J25 Modified,1,"Shardless Outlander",{7},961,373,588,961,373,588,0.3881373569198751,33.17730160685802,38.690758899359906,1.8378190975006283,D,20.89544235924933,19.9421768707483
J25 Modified,1,"Cultivate",{2}{G},852,308,544,852,308,544,0.3615023474178404,31.11728085809069,36.654220439982694,1.8456465272973348,D,21.275974025974026,20.235294117647058
J25 Ne'er-do-wells 1,1,"Rev, Tithe Extractor",{3}{B},1204,739,465,1204,739,465,0.6137873754152824,83.65657337576638,89.1692124637043,1.8375463626459698,B,19.814614343707714,20.335483870967742
J25 Ne'er-do-wells 1,1,"Murder",{1}{B}{B},1139,697,442,1139,697,442,0.6119402985074627,66.0738031216534,71.7050438926409,1.8770802569958325,C,20.167862266857963,21.10633484162896
J25 Ne'er-do-wells 1,1,"Crooked Custodian",{1}{B},1147,651,496,1147,651,496,0.5675675675675675,62.292958589325416,67.89249454529504,1.8665119853232075,C,19.434715821812595,20.211693548387096
J25 Ne'er-do-wells 1,1,"Pilfering Imp",{B},1094,626,468,1094,626,468,0.5722120658135283,56.0172866364649,61.53750493037248,1.8400727646358597,C,19.789137380191693,20.566239316239315
J25 Ne'er-do-wells 1,1,"Foul Play",{1}{B},1086,602,484,1086,602,484,0.5543278084714549,50.771901710107656,56.41256495540823,1.880221081766858,C,20.686046511627907,20.58884297520661
J25 Ne'er-do-wells 1,1,"Fake Your Own Death",{1}{B},858,601,257,858,601,257,0.7004662004662005,65.5466512675498,71.14113869956746,1.8648291440058862,C,19.986688851913478,21.587548638132297
J25 Ne'er-do-wells 1,1,"Thieves' Tools",{1}{B},1123,594,529,1123,594,529,0.5289403383793411,55.711583305788324,61.31741155323371,1.8686094158151283,C,19.725589225589225,19.563327032136105
J25 Ne'er-do-wells 1,1,"Midnight Assassin",{2}{B},1078,584,494,1078,584,494,0.5417439703153989,57.918133146955164,63.58181909326291,1.8878953154359146,C,20.59246575342466,20.894736842105264
J25 Ne'er-do-wells 1,1,"Audacious Thief",{2}{B},1005,531,474,1005,531,474,0.5283582089552239,30.612104950842852,36.20663934511544,1.8648447980908633,D,20.357815442561204,20.727848101265824
J25 Ne'er-do-wells 1,1,"Morbid Opportunist",{2}{B},952,528,424,952,528,424,0.5546218487394958,26.89438041971527,32.50909596732977,1.8715718492048343,D,21.070075757575758,21.43632075471698
J25 Ne'er-do-wells 1,1,"Masked Blackguard",{1}{B},963,504,459,963,504,459,0.5233644859813084,51.06685171345112,56.56536791651267,1.8328387343538497,C,20.478174603174605,20.84967320261438
J25 Ne'er-do-wells 1,1,"Serpent Assassin",{3}{B}{B},833,483,350,833,483,350,0.5798319327731093,68.39376501324415,73.91850166126879,1.841578882674882,B,21.45134575569358,22.46
J25 Ne'er-do-wells 2,1,"Rev, Tithe Extractor",{3}{B},1136,713,423,1136,713,423,0.6276408450704225,67.79068050649441,73.13495490936347,1.7814248009563516,B,19.629733520336607,19.858156028368793
J25 Ne'er-do-wells 2,1,"Thieves' Guild Enforcer",{B},1103,695,408,1103,695,408,0.6300997280145059,65.08867475872658,70.4995949137015,1.8036400516583053,C,19.76546762589928,19.301470588235293
J25 Ne'er-do-wells 2,1,"Expedition Skulker",{1}{B},1018,609,409,1018,609,409,0.5982318271119843,63.5870141034494,69.1296553808071,1.8475470924525648,C,19.801313628899837,19.924205378973106
J25 Ne'er-do-wells 2,1,"Thieves' Tools",{1}{B},1112,602,510,1112,602,510,0.5413669064748201,40.29951064218524,45.6508907046488,1.7837933541545208,D,19.89202657807309,18.715686274509803
J25 Ne'er-do-wells 2,1,"Balustrade Spy",{3}{B},1010,598,412,1010,598,412,0.592079207920792,76.28546559267565,81.78810651470307,1.8342136406758083,B,20.464882943143813,20.135922330097088
J25 Ne'er-do-wells 2,1,"Grim Bounty",{2}{B}{B},991,583,408,991,583,408,0.5882946518668012,61.483339125575824,67.02110727759086,1.8459227173383452,C,20.614065180102916,20.607843137254903
J25 Ne'er-do-wells 2,1,"Audacious Thief",{2}{B},981,582,399,981,582,399,0.5932721712538226,43.480896164037645,49.025494709355556,1.8481995151059711,D,20.056701030927837,19.977443609022558
J25 Ne'er-do-wells 2,1,"Masked Blackguard",{1}{B},999,573,426,999,573,426,0.5735735735735735,59.2391291181379,64.70011092770882,1.8203272698569728,C,20.12041884816754,20.208920187793428
J25 Ne'er-do-wells 2,1,"Fake Your Own Death",{1}{B},821,567,254,821,567,254,0.6906211936662606,66.01421878092674,71.65653556442224,1.8807722611651652,C,19.90652557319224,21.346456692913385
J25 Ne'er-do-wells 2,1,"Foul Play",{1}{B},1009,567,442,1009,567,442,0.5619425173439049,52.055148477735045,57.64154599843438,1.8621325068997785,C,20.292768959435627,20.221719457013574
J25 Ne'er-do-wells 2,1,"Bloodtithe Collector",{4}{B},875,528,347,875,528,347,0.6034285714285714,60.03621572481092,65.5186744879312,1.8274862543734234,C,20.579545454545453,20.927953890489913
J25 Ne'er-do-wells 2,1,"Morbid Opportunist",{2}{B},945,524,421,945,524,421,0.5544973544973545,34.47593996448301,39.859143726926135,1.7944012541477081,D,20.44465648854962,19.667458432304038
J25 Nefarious,1,"Oneirophage",{3}{U},1027,622,405,1027,622,405,0.6056475170399221,82.93760234360386,88.17101339031507,1.7444703489037392,B,19.483922829581992,19.65432098765432
J25 Nefarious,1,"Phantom Ninja",{1}{U}{U},1035,615,420,1035,615,420,0.5942028985507246,76.03427128957864,81.34383802880738,1.7698555797429127,B,19.497560975609755,19.626190476190477
J25 Nefarious,1,"Phantasmal Shieldback",{U},1063,600,463,1063,600,463,0.5644402634054563,51.50534559894878,56.781976315972756,1.7588769056746583,C,19.628333333333334,19.751619870410366
J25 Nefarious,1,"Haunting Figment",{1}{U},1085,590,495,1085,590,495,0.543778801843318,52.90813293199554,58.35152187697588,1.8144629816601132,C,19.26101694915254,19.591919191919192
J25 Nefarious,1,"Krovikan Mist",{1}{U},972,589,383,972,589,383,0.6059670781893004,68.49234068336868,73.90543106860662,1.804363461745979,B,19.492359932088284,19.77023498694517
J25 Nefarious,1,"Pol Jamaar, Illusionist",{4}{U}{U},805,584,221,805,584,221,0.7254658385093168,88.4907715517688,93.97402738255498,1.8277519435953944,B,20.28767123287671,21.20361990950226
J25 Nefarious,1,"Opt",{U},1075,575,500,1075,575,500,0.5348837209302325,17.0471471098124,22.469390202431896,1.8074143642064986,E,19.563478260869566,19.144
J25 Nefarious,1,"Supreme Will",{2}{U},1065,563,502,1065,563,502,0.5286384976525822,30.330360779538296,35.77817676399202,1.815938661484575,D,20.158081705150977,19.213147410358566
J25 Nefarious,1,"Murmuring Mystic",{3}{U},988,559,429,988,559,429,0.5657894736842105,64.38818026013527,69.87016365558839,1.8273277984843688,C,20.42397137745975,20.75990675990676
J25 Nefarious,1,"Lord of the Unreal",{U}{U},921,532,389,921,532,389,0.5776330076004343,72.85616643992552,78.13223277409143,1.7586887780553078,B,19.75563909774436,20.110539845758353
J25 Ninjas,1,"Smoke Shroud",{1}{U},1081,578,503,1081,578,503,0.5346901017576319,76.29275839605071,81.57196725386461,1.7597362859379677,B,18.804498269896193,19.216699801192842
J25 Ninjas,1,"Prosperous Thief",{2}{U},1137,524,613,1137,524,613,0.4608619173262973,60.76152173257983,66.19680217047862,1.8117601459662636,C,18.923664122137403,19.99347471451876
J25 Ninjas,1,"Fading Hope",{U},1164,495,669,1164,495,669,0.4252577319587629,35.047775425094066,40.59179213271159,1.848005569205842,D,19.123232323232322,19.949177877428998
J25 Ninjas,1,"Ninja of the Deep Hours",{3}{U},1020,478,542,1020,478,542,0.46862745098039216,44.89187613135521,50.28923442418116,1.7991194309419825,D,19.39121338912134,20.011070110701105
J25 Ninjas,1,"Moonsnare Specialist",{3}{U},1024,474,550,1024,474,550,0.462890625,58.161630647696995,63.58203740812874,1.8068022534772483,C,19.68776371308017,20.792727272727273
J25 Ninjas,1,"Taeko, the Patient Avalanche",{3}{U},1028,461,567,1028,461,567,0.448443579766537,71.38352729207777,76.62529321022984,1.7472553060506881,B,19.327548806941433,19.735449735449734
J25 Ninjas,1,"Moon-Circuit Hacker",{1}{U},979,459,520,979,459,520,0.46884576098059244,44.27051368981934,49.72965169665997,1.8197126689468783,D,19.004357298474947,20.08653846153846
J25 Ninjas,1,"Nightveil Sprite",{1}{U},1024,453,571,1024,453,571,0.4423828125,55.279953723982416,60.74553160588728,1.8218592939682883,C,19.364238410596027,20.208406304728545
J25 Ninjas,1,"Network Disruptor",{U},955,439,516,955,439,516,0.45968586387434557,61.79000962812287,67.20712013662795,1.8057035028350266,C,18.93621867881549,20.17829457364341
J25 Ninjas,1,"Phantom Ninja",{1}{U}{U},942,438,504,942,438,504,0.46496815286624205,62.62241386619967,67.97237338071211,1.783319838170813,C,19.51826484018265,19.938492063492063
J25 Ninjas,1,"Whirlwind Denial",{2}{U},1129,396,733,1129,396,733,0.3507528786536758,17.445928496439766,22.842215781161194,1.7987624282404757,E,19.86111111111111,18.924965893587995
J25 Of the Coast 1,1,"Kapsho Kitefins",{4}{U}{U},968,461,507,968,461,507,0.4762396694214876,82.95869171230657,88.45126729224793,1.83085852664712,B,22.744034707158352,21.942800788954635
J25 Of the Coast 1,1,"Omen of the Sea",{1}{U},1230,422,808,1230,422,808,0.34308943089430893,24.87626954532893,30.634665818544253,1.9194654244051068,D,22.770142180094787,19.685643564356436
J25 Of the Coast 1,1,"Yarok's Wavecrasher",{3}{U},1180,421,759,1180,421,759,0.35677966101694913,51.40233689085945,57.01208079540079,1.8699146348471125,C,22.97624703087886,20.64558629776021
J25 Of the Coast 1,1,"Run Ashore",{4}{U}{U},1013,415,598,1013,415,598,0.4096742349457058,48.79254974104821,54.29791093841584,1.8351203991225427,C,23.26024096385542,21.846153846153847
J25 Of the Coast 1,1,"Shorecomber Crab",{U},1148,376,772,1148,376,772,0.32752613240418116,38.44668281455331,44.1664217399872,1.9065796418112952,D,22.638297872340427,20.382124352331605
J25 Of the Coast 1,1,"Tidepool Turtle",{3}{U},1164,367,797,1164,367,797,0.31529209621993126,54.7414361020113,60.42180086162658,1.8934549198717592,C,23.713896457765667,20.71267252195734
J25 Of the Coast 1,1,"Sigiled Starfish",{1}{U},1067,366,701,1067,366,701,0.3430178069353327,47.18110021944836,52.82341185455752,1.880770545036387,C,23.1448087431694,20.756062767475036
J25 Of the Coast 1,1,"Gilded Scuttler",{2}{U},965,362,603,965,362,603,0.37512953367875645,56.3188375727336,61.91507401597197,1.8654121477461216,C,23.044198895027623,20.613598673300167
J25 Of the Coast 1,1,"Lonely Sandbar",no cost,1129,350,779,1129,350,779,0.3100088573959256,29.17917807932209,34.95466183594648,1.9251612522081312,D,22.474285714285713,19.45186136071887
J25 Of the Coast 1,1,"Plagon, Lord of the Beach",{2}{U},807,337,470,807,337,470,0.41759603469640644,22.8075860570023,28.418526387174097,1.8703134433905992,D,23.19287833827893,21.6
J25 Of the Coast 1,1,"Delightful Discovery",{4}{U},997,334,663,997,334,663,0.3350050150451354,34.9855767755024,40.71477201581729,1.9097317467716293,D,23.194610778443113,20.479638009049772
J25 Of the Coast 1,1,"Purple-Crystal Crab",{1}{U},1028,334,694,1028,334,694,0.32490272373540857,34.6203630306748,40.30764452424917,1.8957604978581228,D,22.550898203592816,20.360230547550433
J25 Of the Coast 2,1,"Run Ashore",{4}{U}{U},1116,466,650,1116,466,650,0.4175627240143369,45.714462835913196,51.22722351223895,1.8375868921085852,C,24.8519313304721,23.295384615384616
J25 Of the Coast 2,1,"Azure Drake",{3}{U},1157,452,705,1157,452,705,0.39066551426101986,65.98931707569542,71.72422958793932,1.9116375040812994,C,24.303097345132745,22.134751773049647
J25 Of the Coast 2,1,"Opt",{U},1289,448,841,1289,448,841,0.3475562451512801,19.775115690982062,25.456410882468234,1.8937650638287244,E,23.645089285714285,21.26397146254459
J25 Of the Coast 2,1,"Shorecomber Crab",{U},1151,421,730,1151,421,730,0.365768896611642,53.78048103721585,59.41436019167347,1.8779597181525383,C,24.04750593824228,21.982191780821918
J25 Of the Coast 2,1,"Lonely Sandbar",no cost,1194,399,795,1194,399,795,0.3341708542713568,32.765480270203625,38.51399606503379,1.9161719316100536,D,24.082706766917294,20.655345911949684
J25 Of the Coast 2,1,"Glimmerbell",{1}{U},1206,397,809,1206,397,809,0.32918739635157546,49.707692258169345,55.33611165332756,1.8761397983860724,C,24.65994962216625,21.64771322620519
J25 Of the Coast 2,1,"Gilded Scuttler",{2}{U},1002,389,613,1002,389,613,0.38822355289421157,61.5462224246447,67.0983867213993,1.8507214322515335,C,24.010282776349616,22.123980424143557
J25 Of the Coast 2,1,"Delightful Discovery",{4}{U},1019,385,634,1019,385,634,0.3778213935230618,25.126294272511508,30.717710974465206,1.863805567317899,D,24.7012987012987,22.261829652996845
J25 Of the Coast 2,1,"Sigiled Starfish",{1}{U},1125,382,743,1125,382,743,0.33955555555555555,33.979036375882025,39.62895964533095,1.8833077564829759,D,24.277486910994764,21.543741588156124
J25 Of the Coast 2,1,"Shipwreck Dowser",{3}{U}{U},998,378,620,998,378,620,0.3787575150300601,52.71191848059069,58.35746959307227,1.8818503708271925,C,25.275132275132275,22.962903225806453
J25 Of the Coast 2,1,"Tidepool Turtle",{3}{U},1150,366,784,1150,366,784,0.3182608695652174,60.44410439365761,66.17170336277175,1.9091996563713807,C,25.418032786885245,21.73341836734694
J25 Of the Coast 2,1,"Plagon, Lord of the Beach",{2}{U},844,358,486,844,358,486,0.42417061611374407,19.032034080591306,24.511414121453104,1.826460013620599,E,24.064245810055866,22.66460905349794
J25 Prideful,1,"Dawnwing Marshal",{1}{W},1018,666,352,1018,666,352,0.6542239685658153,94.58176654751564,99.83445862106873,1.7508973578510292,A,17.9024024024024,21.633522727272727
J25 Prideful,1,"King of the Pride",{2}{W},1022,659,363,1022,659,363,0.6448140900195695,61.0363350507744,66.51908306142826,1.8275826702179536,C,18.412746585735963,21.228650137741045
J25 Prideful,1,"Brimaz, King of Oreskos",{1}{W}{W},961,619,342,961,619,342,0.644120707596254,75.65685394888516,81.09569982814678,1.8129486264205381,B,18.294022617124394,21.690058479532162
J25 Prideful,1,"Leonin of the Lost Pride",{1}{W},989,615,374,989,615,374,0.621840242669363,53.27130799394558,58.78844337028619,1.83904512544687,C,18.977235772357723,21.336898395721924
J25 Prideful,1,"Leonin Vanguard",{W},988,614,374,988,614,374,0.6214574898785425,49.3733539582554,54.820660911442594,1.8157689843957316,C,18.249185667752442,21.548128342245988
J25 Prideful,1,"Savannah Lions",{W},1010,613,397,1010,613,397,0.6069306930693069,53.10250027898571,58.60197788754671,1.833159202853668,C,18.760195758564436,21.486146095717885
J25 Prideful,1,"Pacifism",{1}{W},1012,600,412,1012,600,412,0.5928853754940712,58.21681412628834,63.70751255783256,1.830232810514739,C,19.208333333333332,21.24514563106796
J25 Prideful,1,"Take Up the Shield",{1}{W},917,593,324,917,593,324,0.6466739367502726,54.516467470234225,60.05783476445441,1.8471224314067296,C,19.39797639123103,21.953703703703702
J25 Prideful,1,"Leonin Scimitar",{1},1069,593,476,1069,593,476,0.5547240411599625,39.23793271891076,44.615058983438225,1.792375421509154,D,19.08263069139966,20.73739495798319
J25 Prideful,1,"Basri's Acolyte",{2}{W}{W},871,538,333,871,538,333,0.6176808266360505,75.23521634412553,80.57232110686077,1.7790349209117469,B,19.570631970260223,22.43843843843844
J25 Prideful,1,"Ingenious Leonin",{4}{W},822,482,340,822,482,340,0.5863746958637469,75.70841779726298,80.97389903356694,1.7551604121013185,B,20.441908713692946,21.761764705882353
J25 Prideful,1,"Impeccable Timing",{1}{W},689,352,337,689,352,337,0.5108853410740203,43.12171411058961,48.42933786191631,1.7692079171089004,D,20.863636363636363,22.100890207715132
J25 Snakes,1,"Smoke Shroud",{1}{U},1111,568,543,1111,568,543,0.5112511251125113,63.03196178625311,68.28733730685968,1.7517918402021904,C,18.568661971830984,19.316758747697975
J25 Snakes,1,"Fading Hope",{U},1106,503,603,1106,503,603,0.45479204339963836,46.74881732096084,52.300621881200705,1.8506015200799557,C,19.357852882703778,19.865671641791046
J25 Snakes,1,"Prosperous Thief",{2}{U},1060,490,570,1060,490,570,0.46226415094339623,61.842724751029195,67.19611504514788,1.7844634313728946,C,18.973469387755102,19.96842105263158
J25 Snakes,1,"Moonsnare Specialist",{3}{U},999,466,533,999,466,533,0.46646646646646645,59.260538721752695,64.53960638854349,1.759689222263598,C,19.77038626609442,20.641651031894934
J25 Snakes,1,"Ninja of the Deep Hours",{3}{U},1032,465,567,1032,465,567,0.45058139534883723,47.80609033846672,53.30305005555957,1.832319905697617,C,19.49247311827957,20.137566137566136
J25 Snakes,1,"Taeko, the Patient Avalanche",{3}{U},1022,456,566,1022,456,566,0.4461839530332681,74.97476360192695,80.18339765202244,1.7362113500318301,B,19.214912280701753,19.25441696113074
J25 Snakes,1,"Nightveil Sprite",{1}{U},1014,450,564,1014,450,564,0.4437869822485207,47.815702648774796,53.17039425446828,1.7848972018978269,C,19.397777777777776,20.0177304964539
J25 Snakes,1,"Phantom Ninja",{1}{U}{U},913,438,475,913,438,475,0.47973713033953996,75.98262488697472,81.12501223182775,1.714129114951013,B,19.536529680365298,20.32
J25 Snakes,1,"Moon-Circuit Hacker",{1}{U},988,433,555,988,433,555,0.4382591093117409,41.96514288763944,47.42247194178165,1.819109684714072,D,18.84757505773672,20.05045045045045
J25 Snakes,1,"Network Disruptor",{U},952,415,537,952,415,537,0.43592436974789917,48.06013558349257,53.27214769392632,1.7373373701445836,C,18.88433734939759,19.873370577281193
J25 Snakes,1,"Whirlwind Denial",{2}{U},1145,391,754,1145,391,754,0.3414847161572052,18.931075681795214,24.30397496028968,1.7909664261648215,E,19.833759590792837,18.725464190981434
J25 Soaring 1,1,"Cynette, Jelly Drover",{3}{U},1159,738,421,1159,738,421,0.636755823986195,105.73089406000368,111.0178028163564,1.7623029187842385,A,18.471544715447155,21.70308788598575
J25 Soaring 1,1,"Aerial Guide",{2}{U},1155,599,556,1155,599,556,0.5186147186147186,76.05014821129306,81.37171716474064,1.7738563178158604,B,18.924874791318864,20.43884892086331
J25 Soaring 1,1,"Warden of Evos Isle",{2}{U},1124,571,553,1124,571,553,0.5080071174377224,52.81266481371711,58.21367420299251,1.8003364630917975,C,19.280210157618214,20.55877034358047
J25 Soaring 1,1,"Gust of Wind",{3}{U},1030,538,492,1030,538,492,0.5223300970873787,40.974188371316295,46.41288690993748,1.8128995128737277,D,19.648698884758364,21.121951219512194
J25 Soaring 1,1,"Nightveil Sprite",{1}{U},1080,534,546,1080,534,546,0.49444444444444446,58.03869455080497,63.469357836821914,1.810221095338982,C,19.078651685393258,20.61904761904762
J25 Soaring 1,1,"Tide Skimmer",{3}{U},1079,519,560,1079,519,560,0.4810009267840593,52.60730146576062,58.061076111945496,1.8179248820616243,C,19.16955684007707,20.619642857142857
J25 Soaring 1,1,"Waterkin Shaman",{1}{U},1026,482,544,1026,482,544,0.4697855750487329,52.013791886784894,57.50384474611411,1.8300176197764055,C,19.38589211618257,20.529411764705884
J25 Soaring 1,1,"Winged Words",{2}{U},993,461,532,993,461,532,0.46424974823766363,16.852597147205127,22.422462751203227,1.8566218679993665,E,19.835140997830802,20.9906015037594
J25 Soaring 1,1,"Windreader Sphinx",{5}{U}{U},677,410,267,677,410,267,0.6056129985228951,76.73305352774288,82.32737534665581,1.8647739396376428,B,20.978048780487804,23.850187265917604
J25 Soaring 2,1,"Cynette, Jelly Drover",{3}{U},1229,919,310,1229,919,310,0.7477624084621644,112.06772586874885,117.3787957713815,1.770356634210883,A,18.14145810663765,20.62258064516129
J25 Soaring 2,1,"Cartouche of Knowledge",{1}{U},1070,737,333,1070,737,333,0.688785046728972,51.26363664424482,56.768571279680344,1.834978211811841,C,18.420624151967434,19.56156156156156
J25 Soaring 2,1,"Majestic Metamorphosis",{2}{U},1129,728,401,1129,728,401,0.6448184233835252,45.674216931068116,51.070644771642506,1.7988092801914626,C,18.90521978021978,19.17206982543641
J25 Soaring 2,1,"Gust of Wind",{3}{U},1078,700,378,1078,700,378,0.6493506493506493,29.194381991387026,34.51874836528724,1.7747887913000702,D,19.277142857142856,20.16931216931217
J25 Soaring 2,1,"Warden of Evos Isle",{2}{U},1114,690,424,1114,690,424,0.6193895870736086,64.76477077561051,70.0618845672834,1.7657045972242935,C,19.017391304347825,19.56367924528302
J25 Soaring 2,1,"Aerial Guide",{2}{U},1114,673,441,1114,673,441,0.604129263913824,61.863960315178026,67.11246055865924,1.749500081160403,C,19.056463595839524,19.485260770975056
J25 Soaring 2,1,"Shorecomber Crab",{U},1073,662,411,1073,662,411,0.6169617893755824,46.26237064898073,51.66474078595252,1.800790045657264,C,19.629909365558913,19.883211678832115
J25 Soaring 2,1,"Tide Skimmer",{3}{U},1064,648,416,1064,648,416,0.6090225563909775,55.26430803333445,60.627459725425666,1.7877172306970721,C,19.501543209876544,20.004807692307693
J25 Soaring 2,1,"Owl Familiar",{1}{U},1012,643,369,1012,643,369,0.6353754940711462,45.915921243469164,51.29591246414981,1.793330406893548,C,18.880248833592535,20.124661246612465
J25 Soaring 2,1,"Cavalier of Gales",{2}{U}{U}{U},871,629,242,871,629,242,0.722158438576349,89.38744295456625,94.76481910585771,1.7924587170971515,B,19.583465818759937,20.260330578512395
J25 Soaring 2,1,"Trial of Knowledge",{3}{U},735,426,309,735,426,309,0.5795918367346938,6.182741514544498,11.629265653852764,1.8155080464360887,E,20.8075117370892,20.233009708737864
J25 Soaring 3,1,"Cynette, Jelly Drover",{3}{U},1206,918,288,1206,918,288,0.7611940298507462,111.09640772246657,116.71397567256743,1.8725226500336223,A,17.98148148148148,21.069444444444443
J25 Soaring 3,1,"Windstorm Drake",{4}{U},1150,800,350,1150,800,350,0.6956521739130435,91.94958147474978,97.40780408279488,1.8194075360150328,A,18.31875,20.65714285714286
J25 Soaring 3,1,"Mu Yanling, Sky Dancer",{1}{U}{U},1108,785,323,1108,785,323,0.7084837545126353,86.73749432949926,92.06351220551839,1.7753392920063804,B,18.314649681528664,20.86996904024768
J25 Soaring 3,1,"Gust of Wind",{3}{U},1019,692,327,1019,692,327,0.6790971540726202,42.33625122002081,47.85521092851444,1.8396532361645426,D,18.735549132947977,20.700305810397552
J25 Soaring 3,1,"Aerial Guide",{2}{U},1102,663,439,1102,663,439,0.6016333938294011,66.22417617762484,71.69523268921114,1.8236855038620972,C,18.47209653092006,19.83599088838269
J25 Soaring 3,1,"Thopter Mechanic",{1}{U},1020,653,367,1020,653,367,0.6401960784313725,66.37289617790664,71.89585951808044,1.8409877800579333,C,18.699846860643184,20.427792915531334
J25 Soaring 3,1,"Cloudkin Seer",{2}{U},962,623,339,962,623,339,0.6476091476091476,59.11486772644574,64.46030737545783,1.7818132163373654,C,18.614767255216695,20.342182890855458
J25 Soaring 3,1,"Malcator's Watcher",{1}{U},974,616,358,974,616,358,0.6324435318275154,46.95782676194595,52.3635655228053,1.8019129202864506,C,18.579545454545453,20.681564245810055
J25 Soaring 3,1,"Tide Skimmer",{3}{U},977,601,376,977,601,376,0.6151484135107472,57.247499872165776,62.746325422735254,1.832941850189826,C,18.875207986688853,20.117021276595743
J25 Soaring 3,1,"Winged Words",{2}{U},919,580,339,919,580,339,0.6311207834602829,15.156067205505495,20.647704257808048,1.830545684100851,E,19.098275862068967,20.710914454277287
J25 Soaring 4,1,"Cynette, Jelly Drover",{3}{U},1149,761,388,1149,761,388,0.6623150565709313,107.30826064660567,112.89822033743215,1.8633198969421596,A,17.749014454664916,21.02577319587629
J25 Soaring 4,1,"Sprite Noble",{1}{U}{U},1170,647,523,1170,647,523,0.552991452991453,61.757916071014826,67.22398335954145,1.8220224295088752,C,18.55950540958269,19.952198852772465
J25 Soaring 4,1,"Majestic Metamorphosis",{2}{U},1104,606,498,1104,606,498,0.5489130434782609,35.95995896193732,41.388541260244736,1.8095274327691386,D,18.207920792079207,19.853413654618475
J25 Soaring 4,1,"Faerie Seer",{U},1053,595,458,1053,595,458,0.5650522317188984,60.411210140851466,65.89511931682391,1.8279697253241471,C,17.873949579831933,19.99126637554585
J25 Soaring 4,1,"Aerial Guide",{2}{U},1092,576,516,1092,576,516,0.5274725274725275,66.87158331273498,72.33354106551867,1.8206525842612293,C,18.29861111111111,20.06782945736434
J25 Soaring 4,1,"Nightveil Sprite",{1}{U},1050,576,474,1050,576,474,0.5485714285714286,50.03413565195992,55.45046157515297,1.805441974397684,C,18.34375,20.147679324894515
J25 Soaring 4,1,"Opt",{U},1139,559,580,1139,559,580,0.49078138718173836,28.093317664077347,33.449128252587144,1.7852701961699318,D,18.726296958855098,19.58103448275862
J25 Soaring 4,1,"Air Elemental",{3}{U}{U},953,524,429,953,524,429,0.5498426023084995,81.62710428428169,87.06517018310737,1.812688632941894,B,19.16030534351145,21.333333333333332
J25 Soaring 4,1,"Tide Skimmer",{3}{U},1002,500,502,1002,500,502,0.499001996007984,63.55726641769366,68.94376294778999,1.795498843365443,C,18.904,20.175298804780876
J25 Soaring 4,1,"Winged Words",{2}{U},950,469,481,950,469,481,0.4936842105263158,12.87706614900507,18.345489943011277,1.822807931335402,E,19.19829424307036,20.2016632016632
J25 Soaring 4,1,"Stolen by the Fae",{X}{U}{U},232,92,140,232,92,140,0.39655172413793105,47.427434923992855,52.94726217608475,1.8399424173639654,C,20.75,21.59285714285714
J25 Stalwart 1,1,"Banishing Light",{2}{W},1071,688,383,1071,688,383,0.642390289449113,68.57887959776463,74.19440985848166,1.8718434202390115,B,20.325581395348838,20.919060052219322
J25 Stalwart 1,1,"Generous Pup",{1}{W},1048,627,421,1048,627,421,0.5982824427480916,71.47691198638684,76.85199211884714,1.7916933774867647,B,19.984051036682615,20.653206650831354
J25 Stalwart 1,1,"Take Up the Shield",{1}{W},939,622,317,939,622,317,0.6624068157614483,57.06291133605324,62.45285403427734,1.7966475660746988,C,20.090032154340836,21.19558359621451
J25 Stalwart 1,1,"Steadfast Sentry",{2}{W},1024,598,426,1024,598,426,0.583984375,59.2915112309107,64.69522471124995,1.8012378267797489,C,20.357859531772576,20.56338028169014
J25 Stalwart 1,1,"Angelic Cub",{1}{W},951,563,388,951,563,388,0.5920084121976866,53.566747878327675,58.849297177490314,1.7608497663875469,C,19.822380106571938,21.02319587628866
J25 Stalwart 1,1,"Urdnan, Dromoka Warrior",{1}{W},884,559,325,884,559,325,0.6323529411764706,65.36692101517241,70.5478446740152,1.7269745529475962,C,19.88908765652952,21.07076923076923
J25 Stalwart 1,1,"Gavony Silversmith",{3}{W},888,558,330,888,558,330,0.6283783783783784,69.25551536138889,74.67059813199161,1.8050275902009056,B,20.553763440860216,21.39090909090909
J25 Stalwart 1,1,"Patron of the Valiant",{3}{W}{W},713,529,184,713,529,184,0.7419354838709677,104.03564924304293,109.3824602718331,1.7822703429300573,A,20.64272211720227,23.10326086956522
J25 Stalwart 1,1,"Sandsteppe Outcast",{2}{W},888,523,365,888,523,365,0.588963963963964,62.86149596587051,68.11458495307464,1.7510296624013768,C,20.688336520076483,20.991780821917807
J25 Stalwart 1,1,"Ajani, Adversary of Tyrants",{2}{W}{W},796,520,276,796,520,276,0.6532663316582915,89.2509899417104,94.58596990341248,1.7783266539006901,B,20.88269230769231,22.003623188405797
J25 Stalwart 1,1,"Swift Response",{1}{W},864,468,396,864,468,396,0.5416666666666666,58.48794511227405,63.80866825448017,1.7735743807353739,C,21.23076923076923,20.805555555555557
J25 Stalwart 1,1,"Squad Captain",{4}{W},809,452,357,809,452,357,0.5587144622991347,63.86271622746251,69.26200133126075,1.7997617012660787,C,21.77433628318584,20.935574229691877
J25 Stalwart 2,1,"Banishing Light",{2}{W},1076,652,424,1076,652,424,0.6059479553903345,68.26533291623291,73.71441642637906,1.8163611700487172,B,20.595092024539877,21.278301886792452
J25 Stalwart 2,1,"Cave of Temptation",no cost,1185,644,541,1185,644,541,0.5434599156118144,32.879880088962324,38.318226545551084,1.8127821521962542,D,19.872670807453417,20.212569316081332
J25 Stalwart 2,1,"Battlefield Promotion",{1}{W},963,637,326,963,637,326,0.6614745586708204,58.87235155339441,64.37631465016106,1.8346543655888854,C,20.376766091051806,21.97239263803681
J25 Stalwart 2,1,"Basri's Solidarity",{1}{W},1074,589,485,1074,589,485,0.5484171322160148,55.095815225298686,60.53442991567866,1.8128715634599895,C,20.517826825127333,20.437113402061854
J25 Stalwart 2,1,"Basri's Lieutenant",{3}{W},991,586,405,991,586,405,0.591321897073663,75.45567193176208,80.92851094000196,1.824279669413292,B,20.899317406143346,21.575308641975308
J25 Stalwart 2,1,"Steadfast Sentry",{2}{W},1018,578,440,1018,578,440,0.5677799607072691,60.85915252077384,66.34340810212286,1.8280851937830085,C,20.32006920415225,20.811363636363637
J25 Stalwart 2,1,"Star Pupil",{W},958,558,400,958,558,400,0.5824634655532359,43.95794041275086,49.446304674454524,1.8294547539012223,D,20.025089605734767,21.2825
J25 Stalwart 2,1,"Lightwalker",{1}{W},983,553,430,983,553,430,0.5625635808748728,60.87174737489604,66.3755756130711,1.8346094127250216,C,20.38517179023508,21.004651162790697
J25 Stalwart 2,1,"Patron of the Valiant",{3}{W}{W},760,537,223,760,537,223,0.7065789473684211,100.39428090508774,105.80390042300108,1.8032065059711126,A,20.91247672253259,23.183856502242154
J25 Stalwart 2,1,"Urdnan, Dromoka Warrior",{1}{W},904,526,378,904,526,378,0.581858407079646,46.89837249575665,52.38593503236037,1.8291875122012413,C,19.94866920152091,21.608465608465607
J25 Stalwart 2,1,"Sandsteppe Outcast",{2}{W},919,520,399,919,520,399,0.5658324265505985,60.58394685138438,66.18648700908979,1.867513385901803,C,20.782692307692308,21.551378446115287
J25 Stalwart 2,1,"Basri's Acolyte",{2}{W}{W},887,518,369,887,518,369,0.5839909808342728,72.82903847062795,78.27250461847702,1.8144887159496896,B,21.376447876447877,21.45528455284553
J25 Stalwart 2,1,"Swift Response",{1}{W},947,466,481,947,466,481,0.49208025343189016,53.837892084333355,59.30465902708623,1.8222556475842928,C,21.448497854077253,20.83160083160083
J25 Stalwart 3,1,"Banishing Light",{2}{W},1042,619,423,1042,619,423,0.5940499040307101,63.21569465870125,68.58913520306773,1.7911468481221593,C,20.66720516962843,21.444444444444443
J25 Stalwart 3,1,"Shoulder to Shoulder",{2}{W},1033,607,426,1033,607,426,0.5876089060987415,44.71466353188994,49.953445897768745,1.7462607886262675,D,20.443163097199342,20.011737089201876
J25 Stalwart 3,1,"Take Up the Shield",{1}{W},934,595,339,934,595,339,0.6370449678800857,61.60363277024262,66.79383392034136,1.730067050032912,C,20.221848739495798,21.56637168141593
J25 Stalwart 3,1,"Steadfast Unicorn",{W},1028,593,435,1028,593,435,0.5768482490272373,78.96045776328252,83.92518303058917,1.6549084224355481,B,20.17706576728499,19.98390804597701
J25 Stalwart 3,1,"Generous Pup",{1}{W},1007,592,415,1007,592,415,0.5878848063555114,62.59956762972777,67.79483195478012,1.73175477501745,C,20.10641891891892,20.597590361445782
J25 Stalwart 3,1,"Sandsteppe Outcast",{2}{W},886,504,382,886,504,382,0.5688487584650113,64.1650351620381,69.40778660486579,1.7475838142758982,C,20.785714285714285,21.50261780104712
J25 Stalwart 3,1,"Urdnan, Dromoka Warrior",{1}{W},835,501,334,835,501,334,0.6,62.017870286091885,67.1567686692519,1.7129661277200054,C,20.039920159680637,21.29940119760479
J25 Stalwart 3,1,"Swift Response",{1}{W},962,484,478,962,484,478,0.5031185031185031,58.005318183970395,63.2485871999439,1.7477563386578343,C,21.380165289256198,20.989539748953973
J25 Stalwart 3,1,"Paladin of the Bloodstained",{3}{W},776,453,323,776,453,323,0.5837628865979382,66.77662898401267,72.11702939507538,1.7801334703542349,C,21.47019867549669,21.681114551083592
J25 Stalwart 3,1,"Relief Captain",{2}{W}{W},784,449,335,784,449,335,0.5727040816326531,67.67002870416965,72.88341074590095,1.7377940139104318,B,21.051224944320712,21.232835820895524
J25 Stalwart 3,1,"Expedition Raptor",{3}{W}{W},728,420,308,728,420,308,0.5769230769230769,65.77420171312706,70.9111435428294,1.712313943234113,C,21.273809523809526,22.094155844155843
J25 Stalwart 3,1,"Jubilant Mascot",{2}{W},832,413,419,832,413,419,0.4963942307692308,76.36776434770874,81.43494758521781,1.6890610791696925,B,21.506053268765132,20.365155131264917
J25 Stalwart 4,1,"Banishing Light",{2}{W},1024,682,342,1024,682,342,0.666015625,73.67543672987885,79.24796717358656,1.8575101479025697,B,19.964809384164223,21.149122807017545
J25 Stalwart 4,1,"Sunhome Stalwart",{1}{W},1018,639,379,1018,639,379,0.6277013752455796,53.55916024521991,58.77792073162392,1.7395868288013394,C,19.247261345852895,20.311345646437996
J25 Stalwart 4,1,"Gird for Battle",{W},1043,626,417,1043,626,417,0.6001917545541706,48.65817448840662,54.084854266315695,1.8088932593030236,C,19.60702875399361,19.913669064748202
J25 Stalwart 4,1,"Battlefield Promotion",{1}{W},914,625,289,914,625,289,0.6838074398249453,66.01451364134145,71.4256225174977,1.8037029587187516,C,19.68,21.044982698961938
J25 Stalwart 4,1,"Steadfast Sentry",{2}{W},997,612,385,997,612,385,0.6138415245737212,59.11148588161616,64.33697712020454,1.7418304128627917,C,19.93954248366013,20.16103896103896
J25 Stalwart 4,1,"Mikaeus, the Lunarch",{X}{W},922,598,324,922,598,324,0.648590021691974,76.78364968986409,82.01961279634699,1.7453210354943012,B,19.93645484949833,20.376543209876544
J25 Stalwart 4,1,"Urdnan, Dromoka Warrior",{1}{W},899,580,319,899,580,319,0.6451612903225806,67.93529190155807,73.18187165108831,1.7488599165100818,B,19.748275862068965,21.103448275862068
J25 Stalwart 4,1,"Parhelion Patrol",{3}{W},929,574,355,929,574,355,0.6178686759956943,81.76918425582656,86.98832366098473,1.739713135052723,B,20.090592334494772,20.825352112676057
J25 Stalwart 4,1,"Sandsteppe Outcast",{2}{W},897,555,342,897,555,342,0.6187290969899666,62.577270904199935,67.8972670043126,1.7733320333708873,C,19.843243243243244,21.672514619883042
J25 Stalwart 4,1,"Gavony Silversmith",{3}{W},835,499,336,835,499,336,0.5976047904191617,65.00047594013976,70.25482268938154,1.751448916413927,C,20.55310621242485,21.5
J25 Stalwart 4,1,"Swift Response",{1}{W},886,496,390,886,496,390,0.5598194130925508,63.60729071965566,68.79799636120575,1.73023521385003,C,20.683467741935484,20.712820512820514
J25 Stalwart 4,1,"Light of the Legion",{4}{W}{W},689,455,234,689,455,234,0.660377358490566,101.05311178982797,106.25028694990328,1.732391720025105,A,20.89010989010989,22.17948717948718
J25 Stoked 1,1,"Cleon, Merry Champion",{2}{R},1054,509,545,1054,509,545,0.4829222011385199,58.61797787077509,63.995699049408486,1.7925737262111325,C,17.4950884086444,19.847706422018348
J25 Stoked 1,1,"Roil Eruption",{1}{R},1039,447,592,1039,447,592,0.4302213666987488,56.23725753416518,61.9072101658286,1.8899842105544733,C,17.850111856823265,19.888513513513512
J25 Stoked 1,1,"Titan's Strength",{R},857,447,410,857,447,410,0.5215869311551925,51.111505635730786,56.584624524182914,1.8243729628173764,C,17.39821029082774,20.7390243902439
J25 Stoked 1,1,"Uncaged Fury",{2}{R},895,440,455,895,440,455,0.49162011173184356,66.99711110709508,72.39297873054629,1.798622541150404,C,17.668181818181818,20.52967032967033
J25 Stoked 1,1,"Hearts on Fire",{1}{R},775,404,371,775,404,371,0.5212903225806451,59.23215986691342,64.6662851136915,1.811375082259359,C,17.972772277227723,20.447439353099732
J25 Stoked 1,1,"Satyr Hoplite",{R},966,397,569,966,397,569,0.4109730848861284,34.452412293919394,39.9397469405135,1.8291115488647036,D,18.16876574307305,19.70474516695958
J25 Stoked 1,1,"Resistance Skywarden",{3}{R}{R},820,397,423,820,397,423,0.4841463414634146,89.08544260188371,94.58152549337058,1.8320276304956227,B,19.256926952141058,21.465721040189127
J25 Stoked 1,1,"Arena Athlete",{1}{R},959,395,564,959,395,564,0.4118873826903024,47.32954320149849,52.8219998610755,1.8308188865256694,C,18.394936708860758,19.847517730496453
J25 Stoked 1,1,"Twinferno",{1}{R},881,394,487,881,394,487,0.44721906923950056,46.40109165425714,51.90438823028665,1.8344321920098383,C,17.705583756345177,19.981519507186857
J25 Stoked 1,1,"Kiln Fiend",{1}{R},954,388,566,954,388,566,0.40670859538784065,45.703585727028965,51.33700756106769,1.8778072780129094,C,17.719072164948454,20.125441696113075
J25 Stoked 1,1,"Frontline Heroism",{2}{R},881,341,540,881,341,540,0.3870601589103292,43.358410091114905,48.872867577587265,1.8381524954907862,D,19.020527859237536,19.794444444444444
J25 Stoked 1,1,"Scholar of Combustion",{3}{R},3,1,2,3,1,2,0.3333333333333333,57.5442308294967,77.45491830841657,6.636895826306621,C,25.0,20.5
J25 Stoked 2,1,"Roil Eruption",{1}{R},1166,567,599,1166,567,599,0.4862778730703259,56.623015480198845,62.34863440772466,1.9085396425086059,C,19.11463844797178,20.287145242070117
J25 Stoked 2,1,"Cleon, Merry Champion",{2}{R},1076,526,550,1076,526,550,0.4888475836431227,57.433283176878874,62.94643682836265,1.8377178838279253,C,18.543726235741445,20.39818181818182
J25 Stoked 2,1,"Titan's Strength",{R},912,476,436,912,476,436,0.5219298245614035,54.948675931259785,60.359664417956694,1.8036628288989693,C,18.25,20.378440366972477
J25 Stoked 2,1,"Dreadhorde Arcanist",{1}{R},1065,476,589,1065,476,589,0.4469483568075117,55.862800775430436,61.40984939841654,1.8490162076620351,C,19.66176470588235,20.140916808149406
J25 Stoked 2,1,"Satyr Hoplite",{R},1055,465,590,1055,465,590,0.44075829383886256,47.57451465389478,53.19439458909142,1.8732933117322126,C,19.15268817204301,20.28813559322034
J25 Stoked 2,1,"Resistance Skywarden",{3}{R}{R},897,464,433,897,464,433,0.5172798216276477,92.82899626467689,98.42691270049394,1.8659721452723506,A,20.448275862068964,21.69745958429561
J25 Stoked 2,1,"Hearts on Fire",{1}{R},873,458,415,873,458,415,0.5246277205040092,54.896251069716136,60.40298689303155,1.8355786077718057,C,18.997816593886462,20.643373493975904
J25 Stoked 2,1,"Arena Athlete",{1}{R},1067,444,623,1067,444,623,0.41611996251171507,53.22483242265554,58.81207157693021,1.8624130514248889,C,19.56981981981982,20.308186195826647
J25 Stoked 2,1,"Coordinated Assault",{R},837,438,399,837,438,399,0.5232974910394266,50.40391513648878,55.90013258773806,1.8320724837497595,C,18.595890410958905,20.81954887218045
J25 Stoked 2,1,"Hero of the Games",{2}{R},1049,430,619,1049,430,619,0.4099142040038132,51.7018928933833,57.33144695998148,1.8765180221993916,C,19.406976744186046,20.537964458804524
J25 Stoked 2,1,"Kiln Fiend",{1}{R},972,428,544,972,428,544,0.4403292181069959,49.93526151962641,55.509073199216246,1.857937226529945,C,19.36682242990654,20.46323529411765
J25 Stoked 2,1,"Unleash Fury",{1}{R},47,34,13,47,34,13,0.723404255319149,88.39756523684686,96.99923011214007,2.8672216250977383,B,21.61764705882353,21.076923076923077
J25 Stoked 3,1,"Roil Eruption",{1}{R},1067,491,576,1067,491,576,0.46016869728209936,58.21320258388944,63.67422562349911,1.8203410132032243,C,18.682281059063136,19.677083333333332
J25 Stoked 3,1,"Mirrorwing Dragon",{3}{R}{R},870,489,381,870,489,381,0.5620689655172414,108.94791332020299,114.20967539676698,1.753920692188,A,19.556237218813905,20.11023622047244
J25 Stoked 3,1,"Titan's Strength",{R},893,488,405,893,488,405,0.5464725643896976,66.62210672674153,71.93430989483203,1.770734389363495,C,18.34426229508197,19.493827160493826
J25 Stoked 3,1,"Cleon, Merry Champion",{2}{R},1040,487,553,1040,487,553,0.46826923076923077,61.44466614591853,66.85550498444636,1.803612946175942,C,17.983572895277206,19.21157323688969
J25 Stoked 3,1,"Akroan Crusader",{R},1002,445,557,1002,445,557,0.4441117764471058,55.677052401760264,61.2142773248996,1.8457416410464433,C,18.642696629213482,19.427289048473966
J25 Stoked 3,1,"Hearts on Fire",{1}{R},836,444,392,836,444,392,0.5311004784688995,56.93590603562961,62.30952573539966,1.7912065665900174,C,18.443693693693692,19.6734693877551
J25 Stoked 3,1,"Young Pyromancer",{1}{R},947,441,506,947,441,506,0.4656810982048574,62.66670255527611,68.20020646859633,1.844501304440074,C,18.444444444444443,19.177865612648223
J25 Stoked 3,1,"Twinferno",{1}{R},958,414,544,958,414,544,0.4321503131524008,37.37263941760184,42.75254750273224,1.7933026950434676,D,18.61111111111111,19.34926470588235
J25 Stoked 3,1,"Arena Athlete",{1}{R},999,408,591,999,408,591,0.4084084084084084,42.40216777769937,47.855142363961214,1.8176581954206148,D,18.69607843137255,19.003384094754654
J25 Stoked 3,1,"Frontline Heroism",{2}{R},911,346,565,911,346,565,0.37980241492864986,53.780529723576336,59.236615821908515,1.818695366110725,C,19.71965317919075,19.323893805309734
J25 Stoked 3,1,"Unleash Fury",{1}{R},40,24,16,40,24,16,0.6,68.56916356486119,76.782745726788,2.7378607206422716,B,19.708333333333332,20.0625
J25 Stoked 3,1,"Scholar of Combustion",{3}{R},1,1,0,1,1,0,1.0,77.25313034360204,100.00232986695453,7.583066507784165,B,22.0,NaN
J25 Stoked 4,1,"Roil Eruption",{1}{R},1118,594,524,1118,594,524,0.5313059033989267,61.12988936597546,66.68390628371576,1.8513389725800993,C,19.377104377104377,20.68320610687023
J25 Stoked 4,1,"Cleon, Merry Champion",{2}{R},1058,564,494,1058,564,494,0.5330812854442344,76.83061774338339,82.57450677585122,1.9146296774892757,B,18.76418439716312,20.483805668016196
J25 Stoked 4,1,"Young Pyromancer",{1}{R},993,510,483,993,510,483,0.513595166163142,55.599642946509945,61.189648983539556,1.8633353456765358,C,18.931372549019606,20.565217391304348
J25 Stoked 4,1,"Infuriate",{R},904,504,400,904,504,400,0.5575221238938053,58.232111179423285,63.806832953658954,1.858240591411891,C,18.702380952380953,21.11
J25 Stoked 4,1,"Akroan Crusader",{R},1051,499,552,1051,499,552,0.4747859181731684,40.167513448407945,45.820408816750614,1.8842984561142229,D,19.23446893787575,20.17391304347826
J25 Stoked 4,1,"Uncaged Fury",{2}{R},927,497,430,927,497,430,0.5361380798274002,58.61088399604192,64.04517882713199,1.8114316103633565,C,18.79678068410463,21.09767441860465
J25 Stoked 4,1,"Hearts on Fire",{1}{R},858,491,367,858,491,367,0.5722610722610723,49.820611650599965,55.47601583804432,1.885134729148118,C,19.075356415478616,20.95367847411444
J25 Stoked 4,1,"Arena Athlete",{1}{R},1014,489,525,1014,489,525,0.4822485207100592,45.84635468711217,51.26352853876139,1.8057246172164079,C,19.374233128834355,19.973333333333333
J25 Stoked 4,1,"Weaver of Lightning",{2}{R},965,482,483,965,482,483,0.49948186528497407,61.482701441595495,67.23475762980384,1.9173520627361154,C,20.313278008298756,21.546583850931675
J25 Stoked 4,1,"Hero of the Games",{2}{R},986,464,522,986,464,522,0.47058823529411764,48.34160379968701,54.03791333783793,1.898769846050306,C,19.648706896551722,20.77777777777778
J25 Stoked 4,1,"Goblin Dark-Dwellers",{3}{R}{R},504,274,230,504,274,230,0.5436507936507936,92.7696405813282,98.6574948247314,1.9626180811343998,A,21.437956204379564,21.830434782608695
J25 Stoked 4,1,"Crimson Wisps",{R},373,241,132,373,241,132,0.646112600536193,57.04186549957271,62.79391914411465,1.9173512148473144,C,19.29460580912863,21.189393939393938
J25 Surprise 1,1,"Opt",{U},1218,535,683,1218,535,683,0.43924466338259444,24.430974458379033,29.918964280664735,1.829329940761901,D,20.069158878504673,19.625183016105417
J25 Surprise 1,1,"Chrome Prowler",{2}{U},1176,533,643,1176,533,643,0.4532312925170068,72.76459188618816,78.15176702991961,1.7957250479104838,B,20.099437148217635,19.77293934681182
J25 Surprise 1,1,"Spectral Sailor",{U},1144,518,626,1144,518,626,0.4527972027972028,50.49631470353229,55.84576706753698,1.7831507880015642,C,20.135135135135137,19.468051118210862
J25 Surprise 1,1,"Slimebind",{1}{U},1094,488,606,1094,488,606,0.4460694698354662,55.96697992700372,61.57487379894131,1.8692979573125295,C,21.206967213114755,20.082508250825082
J25 Surprise 1,1,"Stinging Lionfish",{1}{U},1099,477,622,1099,477,622,0.4340309372156506,54.408270774939716,59.8260256239797,1.8059182830133287,C,20.22012578616352,19.993569131832796
J25 Surprise 1,1,"Brineborn Cutthroat",{1}{U},1094,469,625,1094,469,625,0.4287020109689214,48.562092385048125,54.01547724684198,1.8177949539312852,C,20.104477611940297,19.9936
J25 Surprise 1,1,"Thryx, the Sudden Storm",{3}{U}{U},844,466,378,844,466,378,0.5521327014218009,97.17498923950644,102.45834997989714,1.7611202467968972,A,21.36266094420601,21.66931216931217
J25 Surprise 1,1,"Delightful Discovery",{4}{U},998,400,598,998,400,598,0.40080160320641284,22.36724711533822,27.89903951964208,1.8439308014346203,E,21.74,19.68561872909699
J25 Surprise 1,1,"Wind Strider",{4}{U},686,335,351,686,335,351,0.48833819241982507,71.89119068173859,77.02254970837022,1.7104530088772074,B,22.182089552238807,22.085470085470085
J25 Surprise 1,1,"Crystacean",{3}{U},763,327,436,763,327,436,0.42857142857142855,64.34055345943013,69.80114270381532,1.820196414795065,C,22.143730886850154,21.64908256880734
J25 Surprise 1,1,"Undersea Invader",{4}{U}{U},636,291,345,636,291,345,0.45754716981132076,57.07259419151781,62.15977667092376,1.6957274931353168,C,22.670103092783506,22.107246376811595
J25 Surprise 2,1,"Pestermite",{2}{U},1168,532,636,1168,532,636,0.4554794520547945,64.95335594336167,70.18705606150212,1.7445667060468166,C,19.50563909774436,19.02201257861635
J25 Surprise 2,1,"Spectral Sailor",{U},1089,505,584,1089,505,584,0.4637281910009183,59.44843728057311,64.8445347359393,1.7986991517887312,C,19.36039603960396,19.102739726027398
J25 Surprise 2,1,"Opt",{U},1180,487,693,1180,487,693,0.41271186440677965,24.689438589499442,30.06754702345737,1.7927028113193086,D,19.78028747433265,18.893217893217894
J25 Surprise 2,1,"Stinging Lionfish",{1}{U},1080,469,611,1080,469,611,0.43425925925925923,52.840032319107365,58.08944238779294,1.7498033562285247,C,19.3091684434968,19.689034369885434
J25 Surprise 2,1,"Naiad of Hidden Coves",{2}{U},1090,457,633,1090,457,633,0.41926605504587156,60.66500021362516,66.07769439163346,1.8042313926694324,C,19.796498905908095,19.380726698262244
J25 Surprise 2,1,"Brineborn Cutthroat",{1}{U},1076,453,623,1076,453,623,0.42100371747211895,46.64758702981617,51.83219504300181,1.7282026710618803,C,19.73068432671082,19.515248796147674
J25 Surprise 2,1,"Thryx, the Sudden Storm",{3}{U}{U},750,417,333,750,417,333,0.556,100.04136556296731,105.27797266730147,1.7455357014447168,A,20.33812949640288,21.65765765765766
J25 Surprise 2,1,"Delightful Discovery",{4}{U},977,400,577,977,400,577,0.4094165813715456,27.967422720554932,33.41173863875997,1.8147719727350131,D,20.555,19.535528596187174
J25 Surprise 2,1,"Voracious Greatshark",{3}{U}{U},846,348,498,846,348,498,0.41134751773049644,74.86747938054233,80.0628502210783,1.7317902801786556,B,20.514367816091955,20.40963855421687
J25 Surprise 2,1,"Undersea Invader",{4}{U}{U},560,260,300,560,260,300,0.4642857142857143,64.72938214024681,69.94295266810515,1.737856842619444,C,21.74230769230769,21.986666666666668
J25 Surprise 3,1,"Venser, Shaper Savant",{2}{U}{U},1138,508,630,1138,508,630,0.44639718804920914,58.960032083241636,64.50485708964028,1.8482750021328822,C,19.793307086614174,21.052380952380954
J25 Surprise 3,1,"Pestermite",{2}{U},1149,492,657,1149,492,657,0.4281984334203655,73.7494090426598,79.1784261395207,1.8096723656202982,B,19.540650406504064,19.931506849315067
J25 Surprise 3,1,"Spectral Sailor",{U},1074,469,605,1074,469,605,0.4366852886405959,42.27808201064727,47.722433218070805,1.8147837358078458,D,19.884861407249467,20.054545454545455
J25 Surprise 3,1,"Breaching Hippocamp",{3}{U},837,402,435,837,402,435,0.48028673835125446,62.13647554123448,67.57066712855416,1.8113971957732269,C,20.385572139303484,21.445977011494254
J25 Surprise 3,1,"Naiad of Hidden Coves",{2}{U},1016,402,614,1016,402,614,0.3956692913385827,55.2642838196582,60.73599792501136,1.8239047017843857,C,20.14676616915423,20.85342019543974
J25 Surprise 3,1,"Brineborn Cutthroat",{1}{U},1032,394,638,1032,394,638,0.3817829457364341,43.34068830983711,48.78698859808664,1.8154334294165086,D,19.870558375634516,20.559561128526646
J25 Surprise 3,1,"Stinging Lionfish",{1}{U},975,378,597,975,378,597,0.38769230769230767,52.31779064435038,57.7768951700715,1.8197015085737043,C,19.780423280423282,20.46398659966499
J25 Surprise 3,1,"Opt",{U},1056,378,678,1056,378,678,0.35795454545454547,16.13702701716889,21.725578731545244,1.8628505714587842,E,19.928571428571427,19.93952802359882
J25 Surprise 3,1,"Supreme Will",{2}{U},996,367,629,996,367,629,0.3684738955823293,23.87247786994689,29.388379283308442,1.8386338044538497,D,20.69209809264305,20.200317965023846
J25 Surprise 3,1,"Wind Strider",{4}{U},784,298,486,784,298,486,0.38010204081632654,68.67261861641222,74.11015565208868,1.8125123452254863,B,21.533557046979865,21.52880658436214
J25 Surprise 4,1,"Venser, Shaper Savant",{2}{U}{U},1196,561,635,1196,561,635,0.4690635451505017,62.73908115535493,68.07220369890287,1.7777075145159786,C,19.89661319073084,21.29763779527559
J25 Surprise 4,1,"Spectral Sailor",{U},1155,527,628,1155,527,628,0.4562770562770563,46.83773311981618,52.08975125170251,1.7506727106287776,C,19.464895635673624,20.345541401273884
J25 Surprise 4,1,"Fading Hope",{U},1245,527,718,1245,527,718,0.42329317269076305,52.19999545374444,57.616218251017955,1.8054075990911718,C,19.893738140417458,20.643454038997213
J25 Surprise 4,1,"Stinging Lionfish",{1}{U},1152,484,668,1152,484,668,0.4201388888888889,51.1608192469926,56.52211647633332,1.7870990764469061,C,19.623966942148762,20.54191616766467
J25 Surprise 4,1,"Brineborn Cutthroat",{1}{U},1105,453,652,1105,453,652,0.4099547511312217,38.9722978220599,44.289487143296824,1.7723964404123085,D,19.777041942604857,20.780674846625768
J25 Surprise 4,1,"Wavebreak Hippocamp",{2}{U},1094,444,650,1094,444,650,0.40585009140767825,41.399576215002554,46.74431341546123,1.7815790668195577,D,20.24774774774775,20.584615384615386
J25 Surprise 4,1,"Vexing Gull",{2}{U},971,405,566,971,405,566,0.41709577754891863,68.15999998836709,73.33626279960029,1.7254209370777323,B,20.409876543209876,21.392226148409893
J25 Surprise 4,1,"Soul Read",{3}{U},1057,403,654,1057,403,654,0.3812677388836329,27.262737572224378,32.61922382082639,1.785495416200671,D,21.136476426799007,20.40519877675841
J25 Surprise 4,1,"Wind Strider",{4}{U},878,381,497,878,381,497,0.43394077448747154,64.21827950274192,69.37894299348714,1.7202211635817384,C,20.863517060367453,21.75452716297787
J25 Surprise 4,1,"Aven Reedstalker",{3}{U},880,367,513,880,367,513,0.41704545454545455,60.507659208492946,65.62457040199784,1.7056370645016325,C,20.743869209809265,21.871345029239766
J25 Too Many,2,"Brothers Yamazaki",{2}{R},1028,491,537,1661,793,868,0.477423239012643,79.00605784516605,84.23655748665568,1.7434998804965423,B,18.488020176544765,19.33294930875576
J25 Too Many,1,"Battle-Rattle Shaman",{3}{R},1031,468,563,1031,468,563,0.4539282250242483,60.377119609235734,65.77957924571712,1.800819878827126,C,18.67948717948718,19.364120781527532
J25 Too Many,1,"Fiendish Duo",{4}{R}{R},724,455,269,724,455,269,0.6284530386740331,96.69529265081373,102.07691811535244,1.793875154846238,A,19.327472527472526,20.87360594795539
J25 Too Many,1,"Mogg Flunkies",{1}{R},1001,443,558,1001,443,558,0.44255744255744256,47.77157816235757,53.12049076902766,1.7829708688900308,C,19.03160270880361,19.586021505376344
J25 Too Many,1,"Furious Reprisal",{3}{R},921,440,481,921,440,481,0.4777415852334419,69.18523313547739,74.68360013863219,1.832789001051597,B,19.477272727272727,19.881496881496883
J25 Too Many,1,"Goblin Surprise",{2}{R},909,438,471,909,438,471,0.48184818481848185,52.96462032092562,58.28586029952683,1.773746659533737,C,18.700913242009133,20.45859872611465
J25 Too Many,1,"Weaselback Redcap",{R},970,436,534,970,436,534,0.44948453608247424,54.10404074410116,59.4454417942099,1.780467016702912,C,18.738532110091743,19.38576779026217
J25 Too Many,1,"Reckless Impulse",{1}{R},1036,430,606,1036,430,606,0.41505791505791506,16.48311147866123,21.989200772865,1.8353630980679245,E,19.58139534883721,18.752475247524753
J25 Too Many,1,"Twinferno",{1}{R},864,415,449,864,415,449,0.48032407407407407,54.20956434199677,59.60953047681012,1.7999887116044526,C,19.18313253012048,19.741648106904233
J25 Too Many,1,"Pigment Storm",{3}{R}{R},817,408,409,817,408,409,0.49938800489596086,81.06125006551899,86.4354086825894,1.7913862056901353,B,19.735294117647058,20.469437652811735
J25 Too Many,1,"Krenko's Command",{1}{R},844,384,460,844,384,460,0.4549763033175355,53.00853376687054,58.367610660113115,1.7863589644141902,C,19.528645833333332,20.434782608695652
J25 Treasures 1,1,"Evereth, Viceroy of Plunder",{2}{B},1182,606,576,1182,606,576,0.5126903553299492,99.42915487958466,104.47444124267352,1.68176212102962,A,20.96039603960396,19.92534722222222
J25 Treasures 1,1,"Grim Bounty",{2}{B}{B},1082,538,544,1082,538,544,0.49722735674676527,67.72805440237005,73.06443698500219,1.778794194210712,B,22.07806691449814,21.452205882352942
J25 Treasures 1,1,"Shambling Ghast",{B},1084,517,567,1084,517,567,0.4769372693726937,53.02598490327214,58.43554207118666,1.8031857226381738,C,21.46615087040619,21.20458553791887
J25 Treasures 1,1,"Ruthless Knave",{2}{B},1128,509,619,1128,509,619,0.4512411347517731,48.59622848465675,53.929250156349575,1.7776738905642764,C,21.823182711198427,20.575121163166397
J25 Treasures 1,1,"Reassembling Skeleton",{1}{B},1153,493,660,1153,493,660,0.42758022549869906,63.55734883608709,68.75130699584659,1.7313193865865018,C,21.86004056795132,20.618181818181817
J25 Treasures 1,1,"Dire Fleet Hoarder",{1}{B},1096,480,616,1096,480,616,0.43795620437956206,47.33259185251558,52.698875654412646,1.7887612672990234,C,21.7875,21.045454545454547
J25 Treasures 1,1,"Deadly Dispute",{1}{B},1064,479,585,1064,479,585,0.450187969924812,17.944770417681866,23.26788802051428,1.7743725342774719,E,22.02087682672234,20.586324786324788
J25 Treasures 1,1,"Fake Your Own Death",{1}{B},758,435,323,758,435,323,0.5738786279683378,50.99995318630218,56.2915662597193,1.7638710244723736,C,21.46896551724138,21.57894736842105
J25 Treasures 1,1,"Ruthless Technomancer",{3}{B},1046,423,623,1046,423,623,0.4043977055449331,41.018009447490456,46.49615534025921,1.8260486309229171,D,22.94562647754137,20.91171749598716
J25 Treasures 1,1,"Undercity Scrounger",{2}{B},999,421,578,999,421,578,0.4214214214214214,39.19634944571821,44.74480603956802,1.8494855312832685,D,23.033254156769598,21.453287197231834
J25 Treasures 1,1,"Bastion of Remembrance",{2}{B},872,408,464,872,408,464,0.46788990825688076,60.52794981555428,65.90141648074389,1.791155555063203,C,22.747549019607842,21.34051724137931
J25 Treasures 1,1,"Pitiless Plunderer",{3}{B},912,392,520,912,392,520,0.4298245614035088,47.69051678780333,53.11134724419105,1.8069434854625719,C,23.2984693877551,21.7
J25 Treasures 2,1,"Evereth, Viceroy of Plunder",{2}{B},1162,570,592,1162,570,592,0.4905335628227194,102.77000260955673,107.83647519641575,1.6888241956196735,A,20.510526315789473,19.56587837837838
J25 Treasures 2,1,"Vault of Whispers",no cost,1153,512,641,1153,512,641,0.4440589765828274,30.834949820747887,36.16803492272121,1.777695033991108,D,21.00390625,19.889235569422777
J25 Treasures 2,1,"Shambling Ghast",{B},1059,502,557,1059,502,557,0.4740321057601511,38.6062589286102,44.06863624767146,1.820792439687087,D,20.689243027888445,20.082585278276483
J25 Treasures 2,1,"Ruthless Knave",{2}{B},1116,497,619,1116,497,619,0.4453405017921147,44.89337101463707,50.22979988911891,1.7788096248272807,D,21.22334004024145,20.12439418416801
J25 Treasures 2,1,"Deadly Dispute",{1}{B},997,472,525,997,472,525,0.47342026078234706,10.137140982319568,15.710546176266382,1.8578017313156046,E,21.421610169491526,20.15047619047619
J25 Treasures 2,1,"Dire Fleet Hoarder",{1}{B},980,465,515,980,465,515,0.4744897959183674,37.20558884671812,42.63816882017317,1.8108599911516832,D,21.344086021505376,20.679611650485437
J25 Treasures 2,1,"Contract Killing",{3}{B}{B},868,463,405,868,463,405,0.533410138248848,75.08198040679362,80.55235647955365,1.8234586909200108,B,22.064794816414686,21.933333333333334
J25 Treasures 2,1,"Reassembling Skeleton",{1}{B},1066,456,610,1066,456,610,0.4277673545966229,70.67265819027597,75.90837402788182,1.7452386125352848,B,21.592105263157894,20.037704918032787
J25 Treasures 2,1,"Fake Your Own Death",{1}{B},744,444,300,744,444,300,0.5967741935483871,59.25954027349027,64.77744129712566,1.8393003412117952,C,21.11036036036036,20.986666666666668
J25 Treasures 2,1,"Undercity Scrounger",{2}{B},956,426,530,956,426,530,0.4456066945606695,45.48250928542501,50.94518747068358,1.8208927284195218,C,22.338028169014084,20.90566037735849
J25 Treasures 2,1,"Powerstone Fracture",{1}{B},854,394,460,854,394,460,0.4613583138173302,45.355280861634675,50.902195543211874,1.8489715605257324,C,22.446700507614214,20.930434782608696
J25 Treasures 2,1,"Pitiless Plunderer",{3}{B},865,388,477,865,388,477,0.4485549132947977,46.40740231838079,52.05348819685385,1.8820286261576873,C,22.4020618556701,20.92243186582809
J25 Treasures 2,1,"Dusk Mangler",{5}{B}{B},567,328,239,567,328,239,0.5784832451499118,81.16437656342352,86.67951035325287,1.8383779299431156,B,23.088414634146343,23.246861924686193
J25 Vampires 1,1,"Urge to Feed",{B}{B},1172,698,474,1172,698,474,0.5955631399317406,65.44795710119465,70.86729474084444,1.8064458798832645,C,21.98567335243553,22.4831223628692
J25 Vampires 1,1,"Bleed Dry",{2}{B}{B},1155,681,474,1155,681,474,0.5896103896103896,72.96612199332571,78.4735018695386,1.8357932920709596,B,22.312775330396477,22.81645569620253
J25 Vampires 1,1,"Vampire of the Dire Moon",{B},1115,676,439,1115,676,439,0.6062780269058295,66.20125731251352,71.75915527865243,1.8526326553796364,C,21.73076923076923,22.954441913439634
J25 Vampires 1,1,"Scourge of the Undercity",{1}{B},1143,663,480,1143,663,480,0.5800524934383202,55.62678454241839,61.15828033917137,1.8438319322509933,C,21.81447963800905,22.48125
J25 Vampires 1,1,"Skymarch Bloodletter",{2}{B},1108,644,464,1108,644,464,0.5812274368231047,74.96175327540229,80.4181795345139,1.8188087530372032,B,21.66614906832298,22.489224137931036
J25 Vampires 1,1,"Bloodtithe Collector",{4}{B},1034,633,401,1034,633,401,0.6121856866537717,85.94010784613842,91.37544211987075,1.8117780912441124,B,22.175355450236967,23.336658354114714
J25 Vampires 1,1,"Gift of Fangs",{B},1076,627,449,1076,627,449,0.5827137546468402,51.70683018316691,57.20471444487467,1.8326280872359209,C,21.440191387559807,22.138084632516705
J25 Vampires 1,1,"Blood Burglar",{1}{B},1088,620,468,1088,620,468,0.5698529411764706,58.30624371303765,63.696870954785624,1.7968757472493244,C,21.748387096774195,22.594017094017094
J25 Vampires 1,1,"Nazar, the Velvet Fang",{3}{B},1064,592,472,1064,592,472,0.556390977443609,60.04877425655742,65.51111749729004,1.820781080244207,C,22.10810810810811,22.300847457627118
J25 Vampires 1,1,"Blood Fountain",{B},1083,565,518,1083,565,518,0.5216989843028624,40.01269081431913,45.462245241127846,1.8165181422695722,D,22.594690265486726,21.484555984555985
J25 Vampires 1,1,"Gluttonous Guest",{2}{B},1038,559,479,1038,559,479,0.5385356454720617,45.5959004524316,51.00143709168155,1.8018455464166512,C,22.559928443649373,22.68893528183716
J25 Vampires 2,1,"Bleed Dry",{2}{B}{B},1107,713,394,1107,713,394,0.6440831074977417,67.44886166608819,73.03547218681396,1.8622035069085894,B,21.842917251051894,22.03045685279188
J25 Vampires 2,1,"Vampire of the Dire Moon",{B},1125,709,416,1125,709,416,0.6302222222222222,67.08895734435903,72.60755293917204,1.8395318649376673,C,21.249647390691113,21.764423076923077
J25 Vampires 2,1,"Urge to Feed",{B}{B},1129,698,431,1129,698,431,0.6182462356067316,65.04003964664074,70.63546667013254,1.8651423411639354,C,21.62893982808023,21.392111368909514
J25 Vampires 2,1,"Scourge of the Undercity",{1}{B},1117,690,427,1117,690,427,0.6177260519247986,56.84588104752987,62.57261440535228,1.9089111192741361,C,21.615942028985508,21.69086651053864
J25 Vampires 2,1,"Bloodthirsty Aerialist",{1}{B}{B},1024,675,349,1024,675,349,0.6591796875,78.54426659234346,83.94642225240281,1.8007185533531158,B,20.765925925925927,21.702005730659025
J25 Vampires 2,1,"Creeping Bloodsucker",{1}{B},1036,668,368,1036,668,368,0.6447876447876448,67.57442548785217,73.08443632648545,1.8366702795444243,B,20.5748502994012,21.184782608695652
J25 Vampires 2,1,"Nazar, the Velvet Fang",{3}{B},1053,631,422,1053,631,422,0.5992402659069326,52.63664510101396,58.06392942837857,1.809094775788204,C,21.76703645007924,21.502369668246445
J25 Vampires 2,1,"Sanctum Seeker",{2}{B}{B},969,598,371,969,598,371,0.6171310629514963,83.74794619845129,89.19509934472454,1.8157177154244175,B,21.399665551839465,21.60377358490566
J25 Vampires 2,1,"Alchemist's Gift",{B},854,592,262,854,592,262,0.6932084309133489,82.78074704676621,88.40588494959772,1.8750459676105042,B,21.763513513513512,22.362595419847327
J25 Vampires 2,1,"Gluttonous Guest",{2}{B},1011,576,435,1011,576,435,0.56973293768546,46.63153062637637,52.17542698673518,1.8479654534529384,C,22.336805555555557,21.46206896551724
J25 Vampires 2,1,"Blood Fountain",{B},1050,572,478,1050,572,478,0.5447619047619048,39.50345367555809,45.1060577205508,1.8675346816642378,D,22.28146853146853,20.460251046025103
J25 Vampires 2,1,"Crossway Troublemakers",{5}{B},741,483,258,741,483,258,0.6518218623481782,77.29451355958884,82.83264536243242,1.8460439342811916,B,23.867494824016564,23.294573643410853
J25 Vampires 3,1,"Scourge of the Undercity",{1}{B},1119,726,393,1119,726,393,0.6487935656836461,63.025196809932694,68.59211256191632,1.8556385839945435,C,20.147382920110193,21.353689567430024
J25 Vampires 3,1,"Go for the Throat",{1}{B},1116,702,414,1116,702,414,0.6290322580645161,68.46644848881051,74.08388051451666,1.8724773419020495,B,20.56125356125356,21.070048309178745
J25 Vampires 3,1,"Skymarch Bloodletter",{2}{B},1073,685,388,1073,685,388,0.6383970177073626,71.1473279478237,76.66594276640193,1.8395382728594076,B,20.067153284671534,20.7319587628866
J25 Vampires 3,1,"Thirsting Bloodlord",{2}{B}{B},1059,681,378,1059,681,378,0.6430594900849859,70.40520642146629,75.87078645497286,1.8218600111688583,B,19.951541850220263,20.761904761904763
J25 Vampires 3,1,"Gift of Fangs",{B},1090,676,414,1090,676,414,0.6201834862385321,66.23636934351052,71.68604614116363,1.8165589325510387,C,20.27810650887574,21.219806763285025
J25 Vampires 3,1,"Vicious Conquistador",{B},1087,668,419,1087,668,419,0.6145354185832567,58.16840410128756,63.72787191051364,1.8531559364086956,C,19.510479041916167,21.17422434367542
J25 Vampires 3,1,"Creeping Bloodsucker",{1}{B},1046,662,384,1046,662,384,0.6328871892925431,75.265216232835,80.66908471268762,1.8012894932842063,B,19.73716012084592,21.041666666666668
J25 Vampires 3,1,"Bleed Dry",{2}{B}{B},1067,633,434,1067,633,434,0.5932521087160263,59.68921507115507,65.2173822438,1.8427223908816457,C,21.028436018957347,21.235023041474655
J25 Vampires 3,1,"Nazar, the Velvet Fang",{3}{B},1023,604,419,1023,604,419,0.5904203323558163,69.0898192278402,74.53776429319954,1.815981688453116,B,20.379139072847682,20.630071599045348
J25 Vampires 3,1,"Gluttonous Guest",{2}{B},1011,574,437,1011,574,437,0.5677546983184966,52.353925363564564,57.75695137446321,1.8010086702995494,C,21.11672473867596,21.2929061784897
J25 Vampires 3,1,"Blood Fountain",{B},995,559,436,995,559,436,0.5618090452261306,44.37030851498571,49.79525869960564,1.8083167282066426,D,21.057245080500895,19.85091743119266
J25 Vampires 3,1,"Necropolis Regent",{3}{B}{B}{B},773,556,217,773,556,217,0.7192755498059509,107.69170434276263,113.09945717812667,1.8025842784546808,A,20.922661870503596,22.258064516129032
J25 Vampires 4,1,"Bleed Dry",{2}{B}{B},1205,774,431,1205,774,431,0.6423236514522822,70.60509733800886,76.33840458012968,1.911102414040273,B,23.26485788113695,22.765661252900234
J25 Vampires 4,1,"Vampire Nighthawk",{1}{B}{B},1135,756,379,1135,756,379,0.6660792951541851,100.47933734652474,106.19049421161188,1.9037189550290434,A,23.154761904761905,22.91029023746702
J25 Vampires 4,1,"Moment of Craving",{1}{B},1192,752,440,1192,752,440,0.6308724832214765,60.33207236709384,65.93437400432,1.8674338790753873,C,23.31781914893617,22.797727272727272
J25 Vampires 4,1,"Vampire of the Dire Moon",{B},1144,744,400,1144,744,400,0.6503496503496503,67.14269655557534,72.76653952399161,1.8746143228054233,C,22.9502688172043,23.06
J25 Vampires 4,1,"Scourge of the Undercity",{1}{B},1204,723,481,1204,723,481,0.6004983388704319,46.50132766022349,52.196453172995376,1.8983751709239631,C,22.95850622406639,22.14137214137214
J25 Vampires 4,1,"Blood Burglar",{1}{B},1092,670,422,1092,670,422,0.6135531135531136,62.310536607931105,67.91169346381133,1.8670522852934093,C,22.791044776119403,22.83175355450237
J25 Vampires 4,1,"Nazar, the Velvet Fang",{3}{B},1085,659,426,1085,659,426,0.6073732718894009,55.04087455057654,60.72476685743153,1.8946307689516642,C,23.352048558421853,22.098591549295776
J25 Vampires 4,1,"Exsanguinate",{X}{B}{B},1024,654,370,1024,654,370,0.638671875,61.762197841532924,67.33097409821482,1.856258752227301,C,23.53058103975535,23.0
J25 Vampires 4,1,"Rodolf Duskbringer",{5}{B},866,635,231,866,635,231,0.733256351039261,118.19355186463885,123.91377024925382,1.9067394615383213,S,24.248818897637797,24.554112554112553
J25 Vampires 4,1,"Epicure of Blood",{4}{B},1005,625,380,1005,625,380,0.6218905472636815,71.32313943286275,76.80884544302708,1.8285686700547799,B,23.6,22.955263157894738
J25 Vampires 4,1,"Blood Fountain",{B},1076,619,457,1076,619,457,0.5752788104089219,54.10110251711006,59.687612967627686,1.8621701501725438,C,23.67366720516963,21.288840262582056
J25 Vampires 4,1,"Gluttonous Guest",{2}{B},1076,618,458,1076,618,458,0.5743494423791822,46.941479510121695,52.60741953511783,1.8886466749987105,C,23.75566343042071,22.08296943231441
J25 Warriors 1,1,"Gornog, the Red Reaper",{2}{R},1112,664,448,1112,664,448,0.5971223021582733,85.03202821061872,90.28455626669762,1.7508426853596317,B,17.876506024096386,20.323660714285715
J25 Warriors 1,1,"Soul Sear",{2}{R},1050,577,473,1050,577,473,0.5495238095238095,57.726512301136445,63.29621218794874,1.8565666289374323,C,19.499133448873483,20.443974630021142
J25 Warriors 1,1,"Goma Fada Vanguard",{1}{R},980,520,460,980,520,460,0.5306122448979592,56.98306877036738,62.34643849321236,1.787789907614993,C,19.03846153846154,20.121739130434783
J25 Warriors 1,1,"Pyrophobia",{1}{R},966,520,446,966,520,446,0.5383022774327122,53.94533889163457,59.47576866274326,1.8434765903695647,C,19.79230769230769,20.690582959641254
J25 Warriors 1,1,"Relic Axe",{2},983,519,464,983,519,464,0.5279755849440488,49.85375552289466,55.063488198793806,1.7365775586330499,C,18.961464354527937,19.724137931034484
J25 Warriors 1,1,"Boggart Brute",{2}{R},986,518,468,986,518,468,0.5253549695740365,57.593551289732375,62.96747301359477,1.7913072412874638,C,19.19111969111969,20.487179487179485
J25 Warriors 1,1,"Kruin Striker",{1}{R},948,517,431,948,517,431,0.5453586497890295,49.61876000147866,55.074619046565836,1.8186196816957245,C,18.62669245647969,20.723897911832946
J25 Warriors 1,1,"Ghitu Encampment",no cost,1106,509,597,1106,509,597,0.4602169981916817,28.642862157300957,34.03220195226575,1.7964465983215983,D,18.98624754420432,18.943048576214405
J25 Warriors 1,1,"Expedition Champion",{2}{R},895,499,396,895,499,396,0.5575418994413408,64.90132049008972,70.42165631794201,1.8401119426174313,C,19.583166332665332,21.237373737373737
J25 Warriors 1,1,"Kindled Fury",{R},812,482,330,812,482,330,0.5935960591133005,45.18952295103048,50.711080719303474,1.840519256090997,C,19.29045643153527,21.136363636363637
J25 Warriors 1,1,"Wrecking Crew",{4}{R},808,471,337,808,471,337,0.5829207920792079,75.59587958377084,81.11929445878073,1.8411382916699621,B,20.43099787685775,22.160237388724035
J25 Warriors 1,1,"Keldon Raider",{2}{R}{R},844,441,403,844,441,403,0.5225118483412322,58.43501500199316,63.8740052981063,1.8129967653710468,C,20.102040816326532,20.878411910669975
J25 Warriors 1,1,"Boldwyr Intimidator",{5}{R}{R},397,209,188,397,209,188,0.5264483627204031,66.30202140677915,71.80813863795396,1.835372410391606,C,23.63157894736842,24.00531914893617
J25 Warriors 2,1,"Gornog, the Red Reaper",{2}{R},1131,668,463,1131,668,463,0.5906277630415562,83.69064742404238,89.15348336060843,1.8209453121886843,B,17.269461077844312,20.384449244060477
J25 Warriors 2,1,"Kargan Intimidator",{1}{R},1096,585,511,1096,585,511,0.5337591240875912,53.3894118464371,58.82927034091698,1.8132861648266272,C,17.894017094017094,20.71819960861057
J25 Warriors 2,1,"Soul Sear",{2}{R},1142,582,560,1142,582,560,0.5096322241681261,57.337798981316084,62.91493303290903,1.859044683864317,C,19.010309278350515,20.84285714285714
J25 Warriors 2,1,"Daybreak Combatants",{2}{R},1010,576,434,1010,576,434,0.5702970297029702,67.07710933276654,72.671179164416,1.8646899438831532,C,18.010416666666668,20.997695852534562
J25 Warriors 2,1,"Pyrophobia",{1}{R},1059,532,527,1059,532,527,0.502360717658168,58.07211355679079,63.75045815279867,1.892781532002628,C,19.19736842105263,21.10246679316888
J25 Warriors 2,1,"Ghitu Encampment",no cost,1189,519,670,1189,519,670,0.43650126156433977,30.80228249259354,36.43976306105812,1.8791601894881942,D,18.427745664739884,19.46268656716418
J25 Warriors 2,1,"Relic Axe",{2},1026,511,515,1026,511,515,0.4980506822612086,51.874126623870914,57.30794799067573,1.8112737889349377,C,18.50880626223092,20.246601941747574
J25 Warriors 2,1,"Unstoppable Ogre",{2}{R},917,510,407,917,510,407,0.5561613958560524,58.07403142417429,63.339483011831106,1.7551505292189402,C,18.949019607843137,20.92874692874693
J25 Warriors 2,1,"Goma Fada Vanguard",{1}{R},947,487,460,947,487,460,0.5142555438225976,46.224474031253465,51.72677542849382,1.8341004657467872,C,18.745379876796715,21.286956521739132
J25 Warriors 2,1,"Infuriate",{R},851,485,366,851,485,366,0.5699177438307873,53.50054998336037,59.04042683170637,1.8466256161153314,C,18.756701030927836,21.672131147540984
J25 Warriors 2,1,"Wrecking Crew",{4}{R},762,384,378,762,384,378,0.5039370078740157,72.46086296361473,77.94183549974278,1.8269908453760182,B,21.533854166666668,22.164021164021165
J25 Warriors 2,1,"Keldon Raider",{2}{R}{R},765,372,393,765,372,393,0.48627450980392156,63.39038475163715,68.865286970675,1.8249674063459507,C,20.629032258064516,21.778625954198475
J25 Warriors 2,1,"Boldwyr Intimidator",{5}{R}{R},389,168,221,389,168,221,0.4318766066838046,60.56719189494223,66.1840838213907,1.8722973088161559,C,25.327380952380953,24.963800904977376
J25 Wizards 1,1,"Cloudkin Seer",{2}{U},1164,651,513,1164,651,513,0.5592783505154639,50.4570313905727,55.90051544621436,1.8144946852138848,C,20.425499231950845,21.762183235867447
J25 Wizards 1,1,"Academy Journeymage",{4}{U},1128,610,518,1128,610,518,0.5407801418439716,68.76667544565454,74.19255740164564,1.8086273186637025,B,20.89016393442623,22.93050193050193
J25 Wizards 1,1,"Faerie Seer",{U},1167,586,581,1167,586,581,0.5021422450728363,52.883845303102305,58.1834105880902,1.766521761662632,C,20.6740614334471,21.944922547332187
J25 Wizards 1,1,"Naban, Dean of Iteration",{1}{U},1154,583,571,1154,583,571,0.5051993067590987,50.161963779139015,55.60580123172721,1.8146124841960662,C,20.72384219554031,21.833625218914186
J25 Wizards 1,1,"Augur of Bolas",{1}{U},1180,582,598,1180,582,598,0.49322033898305084,42.2836980518396,47.6471595399171,1.787820496025832,D,20.826460481099655,21.861204013377925
J25 Wizards 1,1,"Remand",{1}{U},1082,574,508,1082,574,508,0.5304990757855823,42.47339437718489,47.797199766424285,1.7746017964131324,D,20.986062717770036,22.478346456692915
J25 Wizards 1,1,"Windcaller Aven",{4}{U}{U},1132,574,558,1132,574,558,0.5070671378091873,60.954795303443554,66.28146649193123,1.7755570628292248,C,21.0801393728223,21.724014336917563
J25 Wizards 1,1,"Exclusion Mage",{2}{U},1036,531,505,1036,531,505,0.5125482625482626,59.15357690260359,64.6004975880815,1.8156402284926358,C,21.295668549905837,22.954455445544554
J25 Wizards 1,1,"Concentrate",{2}{U}{U},1018,509,509,1018,509,509,0.5,11.332428639988434,16.617645179789797,1.7617388466004544,E,21.48919449901768,22.387033398821217
J25 Wizards 1,1,"Archaeomancer",{2}{U}{U},925,423,502,925,423,502,0.4572972972972973,36.22227253409118,41.41722260266744,1.7316500228587508,D,22.224586288416077,22.46812749003984
J25 Wizards 1,1,"Choking Tethers",{3}{U},652,202,450,652,202,450,0.3098159509202454,39.06911774305974,44.54006497755388,1.8236490781647137,D,24.58910891089109,24.08
J25 Wizards 2,1,"Frost Trickster",{2}{U},1236,685,551,1236,685,551,0.5542071197411004,80.04196226610581,85.41698196556767,1.791673233153951,B,19.951824817518247,21.88021778584392
J25 Wizards 2,1,"Faerie Seer",{U},1224,657,567,1224,657,567,0.5367647058823529,57.31988571956819,62.80001491404688,1.8267097314928964,C,19.992389649923897,21.57848324514991
J25 Wizards 2,1,"Aether Channeler",{2}{U},1093,607,486,1093,607,486,0.555352241537054,54.15541154098521,59.74195219650228,1.86218021850569,C,20.327841845140032,22.506172839506174
J25 Wizards 2,1,"Expedition Diviner",{3}{U},1154,597,557,1154,597,557,0.5173310225303293,61.659555976065015,67.13148939240237,1.8239778054457867,C,20.711892797319933,21.61938958707361
J25 Wizards 2,1,"Augur of Bolas",{1}{U},1116,590,526,1116,590,526,0.5286738351254481,49.77030154924737,55.17439294904085,1.8013637999311602,C,20.891525423728815,22.456273764258555
J25 Wizards 2,1,"Naban, Dean of Iteration",{1}{U},1078,547,531,1078,547,531,0.5074211502782932,51.83614748799873,57.308753685481534,1.8242020658276026,C,20.312614259597805,22.227871939736346
J25 Wizards 2,1,"Academy Journeymage",{4}{U},1017,539,478,1017,539,478,0.5299901671583087,47.92540411202473,53.48172738701457,1.8521077583299483,C,21.21892393320965,23.230125523012553
J25 Wizards 2,1,"Remand",{1}{U},950,496,454,950,496,454,0.5221052631578947,34.89284352876393,40.422688861696386,1.8432817776441515,D,21.072580645161292,22.73127753303965
J25 Wizards 2,1,"Shipwreck Dowser",{3}{U}{U},958,490,468,958,490,468,0.511482254697286,63.481325101878994,68.93111050352185,1.8165951338809525,C,21.84285714285714,22.628205128205128
J25 Wizards 2,1,"Opportunity",{4}{U}{U},757,381,376,757,381,376,0.5033025099075297,8.328532001311597,13.85848947714298,1.8433191586104607,E,22.63254593175853,22.904255319148938
J25 Wizards 2,1,"Chilling Trap",{U},857,285,572,857,285,572,0.33255542590431736,11.465983348527656,17.01817604087386,1.850730897448735,E,22.519298245614035,21.506993006993007
J25 Zealots 1,1,"Zealous Conscripts",{4}{R},967,546,421,967,546,421,0.5646328852119958,83.0142274137866,88.54043172161805,1.8420681026104826,B,17.045787545787547,19.947743467933492
J25 Zealots 1,1,"Ahn-Crop Crasher",{2}{R},1084,520,564,1084,520,564,0.4797047970479705,55.28706777268286,60.94270381779667,1.8852120150379363,C,17.471153846153847,19.578014184397162
J25 Zealots 1,1,"Anep, Vizier of Hazoret",{2}{R},1028,510,518,1028,510,518,0.4961089494163424,56.14025908784803,61.78326349975909,1.8810014706370188,C,17.65686274509804,19.936293436293436
J25 Zealots 1,1,"Flame-Blessed Bolt",{R},1027,506,521,1027,506,521,0.49269717624148,62.299122782265904,67.94737187274798,1.8827496968273587,C,18.177865612648223,20.378119001919387
J25 Zealots 1,1,"Bloodlust Inciter",{R},1030,497,533,1030,497,533,0.4825242718446602,38.77274264053801,44.38814419307792,1.871800517513303,D,17.527162977867203,19.662288930581614
J25 Zealots 1,1,"Trial of Zeal",{2}{R},979,467,512,979,467,512,0.4770173646578141,66.3600713594914,71.81546333096533,1.8184639904913091,C,18.402569593147753,20.0546875
J25 Zealots 1,1,"Brute Strength",{1}{R},843,452,391,843,452,391,0.5361803084223014,61.27391619684773,66.79342383652842,1.8398358798935623,C,17.50221238938053,20.245524296675192
J25 Zealots 1,1,"Nef-Crop Entangler",{1}{R},958,441,517,958,441,517,0.4603340292275574,52.11135594633399,57.59950049681318,1.8293815168263965,C,17.709750566893423,20.363636363636363
J25 Zealots 1,1,"Emberhorn Minotaur",{3}{R},945,434,511,945,434,511,0.45925925925925926,65.68203231700492,71.2100188239608,1.8426621689852902,C,18.42396313364055,20.117416829745597
J25 Zealots 1,1,"Desert of the Fervent",no cost,1026,430,596,1026,430,596,0.4191033138401559,33.243635665605154,38.819017514993234,1.858460616462692,D,18.011627906976745,19.409395973154364
J25 Zealots 1,1,"Battlefield Scavenger",{1}{R},930,421,509,930,421,509,0.45268817204301076,36.042790942820794,41.64892603496719,1.8687116973821325,D,18.08313539192399,20.32023575638507
J25 Zealots 1,1,"Cartouche of Zeal",{R},286,160,126,286,160,126,0.5594405594405595,71.26367730611013,76.81018384663123,1.848835513507038,B,19.0375,21.015873015873016
J25 Zealots 1,1,"Fling",{1}{R},5,3,2,5,3,2,0.6,56.18459509772359,75.28554778411188,6.366984228796099,C,21.333333333333332,16.0
J25 Zealots 2,1,"Ahn-Crop Crasher",{2}{R},1187,584,603,1187,584,603,0.4919966301600674,72.57588490305154,77.9653671906254,1.7964940958579498,B,18.351027397260275,19.77943615257048
J25 Zealots 2,1,"Flame-Blessed Bolt",{R},1157,563,594,1157,563,594,0.48660328435609335,65.0099985058219,70.53506234916009,1.8416879477793946,C,18.793960923623445,20.348484848484848
J25 Zealots 2,1,"Bloodlust Inciter",{R},1121,556,565,1121,556,565,0.495985727029438,40.01668949177338,45.71803657407182,1.9004490274328125,D,18.320143884892087,19.53274336283186
J25 Zealots 2,1,"Zealot of the God-Pharaoh",{3}{R},1058,536,522,1058,536,522,0.5066162570888468,77.78012454664601,83.0529623149358,1.7576125894299293,B,19.013059701492537,20.095785440613028
J25 Zealots 2,1,"Anep, Vizier of Hazoret",{2}{R},1058,525,533,1058,525,533,0.4962192816635161,50.45766045398167,55.99918924215845,1.8471762627255937,C,18.733333333333334,20.202626641651033
J25 Zealots 2,1,"Trial of Zeal",{2}{R},1063,499,564,1063,499,564,0.46942615239887114,65.38461126024609,70.86354884089498,1.8263125268829628,C,19.308617234468937,20.23758865248227
J25 Zealots 2,1,"Sandstorm Crasher",{3}{R},1024,481,543,1024,481,543,0.4697265625,57.74336717198614,63.231656214103836,1.8294296807058994,C,19.08939708939709,20.233885819521177
J25 Zealots 2,1,"Kindled Fury",{R},901,464,437,901,464,437,0.5149833518312985,51.66805044501148,57.0662375252889,1.7993956934258055,C,18.64008620689655,20.633867276887873
J25 Zealots 2,1,"Battlefield Scavenger",{1}{R},1028,457,571,1028,457,571,0.44455252918287935,48.38108379300035,53.84615389684477,1.8216900346148064,C,19.172866520787746,20.01926444833625
J25 Zealots 2,1,"Pathmaker Initiate",{1}{R},1000,453,547,1000,453,547,0.453,50.810564981322635,56.17103804838641,1.7868243556879246,C,19.36644591611479,19.508226691042047
J25 Zealots 2,1,"Cartouche of Zeal",{R},325,212,113,325,212,113,0.6523076923076923,69.39328184125725,75.27677443026583,1.9611641963361943,B,18.52358490566038,21.106194690265486
J25 Zealots 2,1,"Fling",{1}{R},1,0,1,1,0,1,0.0,70.947665860642,95.50035756166312,8.18423056700704,B,NaN,24.0
J25 Zealots 3,1,"Shock",{R},1160,505,655,1160,505,655,0.4353448275862069,55.73454575730207,61.526437802610914,1.9306306817696142,C,18.58019801980198,20.61679389312977
J25 Zealots 3,1,"Anep, Vizier of Hazoret",{2}{R},1088,485,603,1088,485,603,0.44577205882352944,67.02358365963896,72.80543926059832,1.927285200319787,C,18.65154639175258,20.334991708126037
J25 Zealots 3,1,"Combat Celebrant",{2}{R},1035,454,581,1035,454,581,0.4386473429951691,57.44290489181124,63.07111162168077,1.8760689099565104,C,18.292951541850222,20.356282271944924
J25 Zealots 3,1,"Bloodlust Inciter",{R},1028,454,574,1028,454,574,0.44163424124513617,41.39318272784746,47.14408187208436,1.916966381412299,D,18.409691629955947,19.928571428571427
J25 Zealots 3,1,"Trial of Zeal",{2}{R},1014,425,589,1014,425,589,0.41913214990138065,56.57420936570523,62.30806416389038,1.9112849327283825,C,19.188235294117646,20.263157894736842
J25 Zealots 3,1,"Nef-Crop Entangler",{1}{R},1037,408,629,1037,408,629,0.39344262295081966,47.48266205557601,52.9880703029135,1.8351360824458303,C,18.74019607843137,20.155802861685213
J25 Zealots 3,1,"Emberhorn Minotaur",{3}{R},952,405,547,952,405,547,0.4254201680672269,60.619425264761276,66.03330988568257,1.8046282069737636,C,19.019753086419755,20.47531992687386
J25 Zealots 3,1,"Battlefield Scavenger",{1}{R},1015,387,628,1015,387,628,0.3812807881773399,43.616370972278574,49.23287044645658,1.8721664913926694,D,18.839793281653748,20.372611464968152
J25 Zealots 3,1,"Trueheart Twins",{4}{R},894,385,509,894,385,509,0.4306487695749441,72.28425659391716,77.8953328048605,1.8703587369811134,B,20.025974025974026,20.968565815324165
J25 Zealots 3,1,"Hearts on Fire",{1}{R},837,382,455,837,382,455,0.45639187574671447,44.55917662951113,50.08469729806387,1.841840222850914,D,18.691099476439792,21.37142857142857
J25 Zealots 3,1,"Desert of the Fervent",no cost,1044,372,672,1044,372,672,0.3563218390804598,21.090440758083638,26.73240762548634,1.8806556224675663,E,19.241935483870968,19.700892857142858
J25 Zealots 3,1,"Cartouche of Zeal",{R},311,185,126,311,185,126,0.594855305466238,61.601541441090106,67.16289385386813,1.8537841375926731,C,18.71891891891892,21.634920634920636
J25 Zealots 4,1,"Zealous Conscripts",{4}{R},1001,498,503,1001,498,503,0.4975024975024975,79.85575293879478,85.37242954390477,1.8388922017033318,B,18.29116465863454,20.242544731610337
J25 Zealots 4,1,"Anep, Vizier of Hazoret",{2}{R},1067,484,583,1067,484,583,0.4536082474226804,63.335952112739314,68.98580357834551,1.8832838218687333,C,18.223140495867767,20.180102915951974
J25 Zealots 4,1,"Bloodlust Inciter",{R},1069,471,598,1069,471,598,0.44059869036482696,40.54225584470882,46.400668792050396,1.952804315780526,D,17.963906581740975,20.421404682274247
J25 Zealots 4,1,"Trial of Zeal",{2}{R},1034,445,589,1034,445,589,0.43036750483558994,56.595329502252085,62.037421047801104,1.8140305151830063,C,18.597752808988766,20.71816638370119
J25 Zealots 4,1,"Sandstorm Crasher",{3}{R},1020,444,576,1020,444,576,0.43529411764705883,64.6911580683981,70.13274207378137,1.8138613351277597,C,18.59234234234234,20.984375
J25 Zealots 4,1,"Minotaur Sureshot",{2}{R},1014,441,573,1014,441,573,0.4349112426035503,71.30517785158463,76.84660477015328,1.8471423061895507,B,18.96371882086168,20.923211169284468
J25 Zealots 4,1,"Battlefield Scavenger",{1}{R},1024,426,598,1024,426,598,0.416015625,58.99157401651574,64.62140649109352,1.8766108248592595,C,18.706572769953052,20.76086956521739
J25 Zealots 4,1,"Nef-Crop Entangler",{1}{R},997,424,573,997,424,573,0.42527582748244735,61.00524161129552,66.54081569283485,1.8451913605131114,C,18.92924528301887,20.457242582897035
J25 Zealots 4,1,"Kindled Fury",{R},850,388,462,850,388,462,0.45647058823529413,47.683890928462716,53.1819996221754,1.8327028979042264,C,19.121134020618555,21.696969696969695
J25 Zealots 4,1,"Trueheart Twins",{4}{R},886,367,519,886,367,519,0.4142212189616253,63.69754771001893,69.1436513307106,1.8153678735638894,C,19.498637602179837,21.26782273603083
J25 Zealots 4,1,"Cartouche of Zeal",{R},286,161,125,286,161,125,0.5629370629370629,61.441105579616895,67.44900389613542,2.002632772172842,C,18.51552795031056,22.704
J25 Zealots 4,1,"Fling",{1}{R},2,1,1,2,1,1,0.5,65.03858268403272,86.13751225593505,7.032976523967447,C,19.0,15.0
