Pack,nCopies,Card,Mana Cost,Adj. Games Played,Adj. Wins,Adj. Losses,Games Played,Wins,Losses,Win Rate,Conservative Rating,Mean,StdDev,Tier,Turns to Win,Turns to Lose
JMP Above the Clouds 1,1,"Inniaz, the Gale Force",{3}{U}{U},1134,691,443,1134,691,443,0.609347442680776,87.80706236703931,93.09964028555962,1.7641926395067673,B,19.732272069464543,22.327313769751694
JMP Above the Clouds 1,1,"Unsubstantiate",{1}{U},1204,639,565,1204,639,565,0.5307308970099668,46.26529309353322,51.64806807339771,1.7942583266214966,D,20.247261345852895,22.330973451327434
JMP Above the Clouds 1,1,"Mistral Singer",{2}{U},1130,609,521,1130,609,521,0.5389380530973451,63.68632171016987,68.89536216130695,1.7363468170456926,C,19.5944170771757,22.239923224568138
JMP Above the Clouds 1,1,"Warden of Evos Isle",{2}{U},1112,605,507,1112,605,507,0.5440647482014388,61.23132995495248,66.48418264369792,1.75095089624848,C,19.25619834710744,21.733727810650887
JMP Above the Clouds 1,1,"Tide Skimmer",{3}{U},1098,601,497,1098,601,497,0.5473588342440802,59.838201975423985,65.20772468386217,1.789840902812727,C,20.252911813643927,22.046277665995976
JMP Above the Clouds 1,1,"Roaming Ghostlight",{3}{U}{U},940,563,377,940,563,377,0.5989361702127659,79.59018990261306,84.82163650468195,1.7438155340229622,B,20.44404973357016,23.89920424403183
JMP Above the Clouds 1,1,"Keen Glidemaster",{1}{U},1060,542,518,1060,542,518,0.5113207547169811,51.96391322058621,57.28344560938155,1.7731774629317816,C,20.05719557195572,22.21814671814672
JMP Above the Clouds 1,1,"Wall of Runes",{U},1035,535,500,1035,535,500,0.5169082125603864,45.43792601517253,50.79958523623191,1.7872197403531285,D,20.54392523364486,22.776
JMP Above the Clouds 1,1,"Rain of Revelation",{3}{U},873,452,421,873,452,421,0.5177548682703322,29.744575263975893,34.95658055459149,1.737335096871866,D,20.988938053097346,22.736342042755343
JMP Above the Clouds 1,1,"Lofty Denial",{1}{U},739,435,304,739,435,304,0.5886332882273342,84.49689125157299,89.8941323206583,1.7990803563617705,B,20.383908045977012,22.848684210526315
JMP Above the Clouds 1,1,"Rookie Mistake",{U},148,64,84,148,64,84,0.43243243243243246,58.074767126613324,63.63454860034574,1.8532604912441384,C,24.703125,23.142857142857142
JMP Above the Clouds 2,1,"Inniaz, the Gale Force",{3}{U}{U},1034,702,332,1034,702,332,0.6789168278529981,103.65146691331371,108.96724228457988,1.771925123755389,A,19.78205128205128,21.683734939759034
JMP Above the Clouds 2,1,"Unsubstantiate",{1}{U},1187,665,522,1187,665,522,0.5602358887952822,42.1648485622621,47.38222905106652,1.7391268296014726,D,19.86015037593985,21.816091954022987
JMP Above the Clouds 2,1,"Serendib Efreet",{2}{U},1068,597,471,1068,597,471,0.5589887640449438,67.4474052071653,72.63374015690951,1.7287783165814037,C,19.212730318257957,20.745222929936304
JMP Above the Clouds 2,1,"Tide Skimmer",{3}{U},991,581,410,991,581,410,0.58627648839556,65.98356000634759,71.39886612757005,1.805102040407484,C,20.29432013769363,22.109756097560975
JMP Above the Clouds 2,1,"Mistral Singer",{2}{U},990,565,425,990,565,425,0.5707070707070707,61.432010710234614,66.75118920498042,1.7730594982486019,C,19.989380530973452,21.32470588235294
JMP Above the Clouds 2,1,"Keen Glidemaster",{1}{U},1013,543,470,1013,543,470,0.5360315893385982,54.77301992274985,60.029261662805894,1.7520805800186814,C,19.69244935543278,21.312765957446807
JMP Above the Clouds 2,1,"Wall of Runes",{U},962,533,429,962,533,429,0.5540540540540541,41.69429590227803,47.0328349588105,1.7795130188441561,D,20.25891181988743,21.82051282051282
JMP Above the Clouds 2,1,"Talrand's Invocation",{2}{U}{U},805,526,279,805,526,279,0.653416149068323,91.23196477963778,96.45997963187732,1.7426716174131807,B,20.688212927756656,23.61648745519713
JMP Above the Clouds 2,1,"Roaming Ghostlight",{3}{U}{U},816,496,320,816,496,320,0.6078431372549019,77.91919683674644,83.19547896120447,1.7587607081526784,B,20.661290322580644,23.653125
JMP Above the Clouds 2,1,"Rain of Revelation",{3}{U},827,456,371,827,456,371,0.5513905683192262,17.874822706436706,23.233909945499573,1.7863624130209552,E,21.162280701754387,22.043126684636118
JMP Above the Clouds 2,1,"Lofty Denial",{1}{U},686,422,264,686,422,264,0.6151603498542274,73.00119726469721,78.39989858416752,1.7995671064901018,C,19.87440758293839,22.803030303030305
JMP Above the Clouds 2,1,"Frost Breath",{2}{U},657,315,342,657,315,342,0.4794520547945205,52.05818623532722,57.41469557719199,1.785503113954924,C,22.41269841269841,23.301169590643276
JMP Above the Clouds 3,1,"Unsubstantiate",{1}{U},1395,742,653,1395,742,653,0.5318996415770609,39.59424359664538,45.214221263572746,1.8733258889757887,D,22.0,22.47626339969372
JMP Above the Clouds 3,1,"Warden of Evos Isle",{2}{U},1244,708,536,1244,708,536,0.5691318327974276,59.64957331509119,65.17468051499928,1.8417023999693638,C,21.03813559322034,22.47761194029851
JMP Above the Clouds 3,1,"Roaming Ghostlight",{3}{U}{U},1143,677,466,1143,677,466,0.5923009623797025,78.48004291885793,83.94025105912897,1.8200693800903467,B,21.95568685376662,23.61802575107296
JMP Above the Clouds 3,1,"Tide Skimmer",{3}{U},1218,644,574,1218,644,574,0.5287356321839081,56.44776703540794,61.95247520718769,1.8349027239265823,C,21.782608695652176,22.576655052264808
JMP Above the Clouds 3,1,"Keen Glidemaster",{1}{U},1234,643,591,1234,643,591,0.5210696920583469,56.510239952656114,61.957174895712,1.8156449810186288,C,21.956454121306376,22.416243654822335
JMP Above the Clouds 3,1,"Wall of Runes",{U},1234,633,601,1234,633,601,0.5129659643435981,44.893652674974064,50.46763260294681,1.857993309324248,D,22.391785150078988,22.943427620632278
JMP Above the Clouds 3,1,"Windreader Sphinx",{5}{U}{U},856,566,290,856,566,290,0.6612149532710281,70.33452094707675,75.84143999179243,1.835639681571889,C,22.648409893992934,24.76206896551724
JMP Above the Clouds 3,1,"Rain of Revelation",{3}{U},1019,559,460,1019,559,460,0.5485770363101079,16.036321063889815,21.623959434221955,1.862546123444047,E,22.40608228980322,23.056521739130435
JMP Above the Clouds 3,1,"Lofty Denial",{1}{U},818,472,346,818,472,346,0.5770171149144254,77.02452624161407,82.5161144659399,1.8305294081086132,B,21.978813559322035,23.17630057803468
JMP Above the Clouds 3,1,"Frost Breath",{2}{U},939,416,523,939,416,523,0.443024494142705,60.2712106082436,65.86534549769291,1.864711629816438,C,23.53125,23.479923518164437
JMP Above the Clouds 4,1,"Kira, Great Glass-Spinner",{1}{U}{U},1093,675,418,1093,675,418,0.6175663311985361,98.93697693169,104.05030104260773,1.7044413703059118,B,19.785185185185185,22.11004784688995
JMP Above the Clouds 4,1,"Windstorm Drake",{4}{U},1064,655,409,1064,655,409,0.6156015037593985,89.73891400669216,95.06240578015193,1.774497257819928,B,19.65496183206107,22.30562347188264
JMP Above the Clouds 4,1,"Mistral Singer",{2}{U},1122,620,502,1122,620,502,0.5525846702317291,65.09066730811561,70.24152323806369,1.7169519766493604,C,19.68225806451613,21.685258964143426
JMP Above the Clouds 4,1,"Keen Glidemaster",{1}{U},1184,619,565,1184,619,565,0.5228040540540541,54.32388423803007,59.566137323414736,1.7474176951282232,C,20.260096930533116,21.913274336283187
JMP Above the Clouds 4,1,"Unsubstantiate",{1}{U},1197,612,585,1197,612,585,0.5112781954887218,41.37131351791151,46.6435827747021,1.7574230855968629,D,20.4281045751634,21.613675213675215
JMP Above the Clouds 4,1,"Wall of Runes",{U},1035,573,462,1035,573,462,0.553623188405797,51.59139245160972,56.86055810716942,1.756388551853233,C,20.158813263525307,22.348484848484848
JMP Above the Clouds 4,1,"Tide Skimmer",{3}{U},1055,567,488,1055,567,488,0.5374407582938389,62.385449645960264,67.89481236634182,1.8364542401271877,C,20.202821869488535,22.149590163934427
JMP Above the Clouds 4,1,"Roaming Ghostlight",{3}{U}{U},951,557,394,951,557,394,0.5856992639327024,73.68644561363547,79.0493311032017,1.7876284965220763,C,20.69479353680431,22.961928934010153
JMP Above the Clouds 4,1,"Rain of Revelation",{3}{U},898,438,460,898,438,460,0.48775055679287305,15.538446489367308,20.85942015240645,1.773657887679714,E,21.294520547945204,22.27173913043478
JMP Above the Clouds 4,1,"Lofty Denial",{1}{U},755,434,321,755,434,321,0.5748344370860927,74.02719071105348,79.46071755139774,1.8111756134480876,C,20.207373271889402,22.950155763239877
JMP Above the Clouds 4,1,"Rookie Mistake",{U},144,73,71,144,73,71,0.5069444444444444,58.5681368191844,64.44072733227624,1.957530171030613,C,23.068493150684933,22.43661971830986
JMP Angels 1,1,"Baneslayer Angel",{3}{W}{W},848,644,204,848,644,204,0.7594339622641509,124.56010059748024,129.93323750506664,1.7910456358621323,A,19.964285714285715,21.32843137254902
JMP Angels 1,1,"Anointed Chorister",{W},1034,618,416,1034,618,416,0.597678916827853,64.63819261662488,69.90141782596407,1.7544084031130631,C,20.17799352750809,20.048076923076923
JMP Angels 1,1,"Angelic Page",{1}{W},1046,585,461,1046,585,461,0.5592734225621415,59.15608934524302,64.41636087251173,1.7534238424229032,C,19.9008547008547,19.585683297180044
JMP Angels 1,1,"Serra Angel",{3}{W}{W},871,583,288,871,583,288,0.669345579793341,95.12015071087511,100.4285527259542,1.7694673383596973,B,20.451114922813037,21.20138888888889
JMP Angels 1,1,"Feat of Resistance",{1}{W},971,565,406,971,565,406,0.5818743563336766,58.71485151558528,64.03479590531816,1.7733147965776273,C,20.43362831858407,20.11576354679803
JMP Angels 1,1,"Celestial Enforcer",{2}{W},1025,563,462,1025,563,462,0.5492682926829269,63.23857421362696,68.4824833737648,1.7479697200459434,C,20.57726465364121,20.060606060606062
JMP Angels 1,1,"Emancipation Angel",{1}{W}{W},936,552,384,936,552,384,0.5897435897435898,67.75542379907273,72.95738701751957,1.7339877394822765,C,19.97463768115942,19.8359375
JMP Angels 1,1,"Angelic Edict",{4}{W},870,526,344,870,526,344,0.6045977011494252,72.66890776358338,77.93210722971618,1.7543998220442667,C,21.226235741444867,21.037790697674417
JMP Angels 1,1,"Scroll of Avacyn",{1},1018,524,494,1018,524,494,0.5147347740667977,33.94536580812171,39.398429643787836,1.817687945222042,D,20.185114503816795,19.02834008097166
JMP Angels 1,1,"Guardian Idol",{2},974,513,461,974,513,461,0.526694045174538,41.46474011221233,46.68126990419206,1.7388432639932418,D,20.662768031189085,19.598698481561822
JMP Angels 1,1,"Voice of the Provinces",{4}{W}{W},635,401,234,635,401,234,0.631496062992126,78.14059164667995,83.25564779181333,1.70501871504446,B,21.705735660847882,22.02991452991453
JMP Angels 1,1,"Angelic Ascension",{1}{W},263,151,112,263,151,112,0.5741444866920152,69.56744804392866,74.87918849491487,1.7705801503287346,C,22.874172185430464,22.955357142857142
JMP Angels 2,1,"Linvala, Keeper of Silence",{2}{W}{W},1021,664,357,1021,664,357,0.6503428011753183,78.5173182193436,83.8285370998615,1.7704062935059701,B,20.025602409638555,20.551820728291318
JMP Angels 2,1,"Anointed Chorister",{W},1069,643,426,1069,643,426,0.6014967259120674,71.79836673380582,77.10792928709085,1.7698541844283444,C,20.53810264385692,20.481220657276996
JMP Angels 2,1,"Serra Angel",{3}{W}{W},865,573,292,865,573,292,0.6624277456647398,96.99598406764271,102.30551236527661,1.769842765877969,B,20.61431064572426,21.476027397260275
JMP Angels 2,1,"Take Heart",{W},913,567,346,913,567,346,0.6210295728368017,63.343318004569156,68.62374563077387,1.7601425420682375,C,20.818342151675484,20.286127167630056
JMP Angels 2,1,"Emancipation Angel",{1}{W}{W},948,561,387,948,561,387,0.5917721518987342,76.26901316933825,81.53026355035229,1.7537501270046765,C,20.29590017825312,19.96640826873385
JMP Angels 2,1,"Angelic Page",{1}{W},1016,548,468,1016,548,468,0.5393700787401575,58.45940542431127,63.66450286671362,1.7350324808007835,C,20.361313868613138,19.542735042735043
JMP Angels 2,1,"Guardian Idol",{2},975,538,437,975,538,437,0.5517948717948717,49.70506612786978,54.9169217607181,1.7372852109494394,D,21.061338289962826,19.759725400457665
JMP Angels 2,1,"Celestial Enforcer",{2}{W},988,538,450,988,538,450,0.5445344129554656,56.00089993182355,61.40647733234185,1.8018591335061012,C,20.95353159851301,20.17111111111111
JMP Angels 2,1,"Scroll of Avacyn",{1},985,502,483,985,502,483,0.5096446700507614,36.45841007813621,41.74029713702982,1.760629019631203,D,21.111553784860558,19.115942028985508
JMP Angels 2,1,"Angelic Edict",{4}{W},811,488,323,811,488,323,0.6017262638717632,76.26807062386888,81.43496248220748,1.7222972861128678,C,21.641393442622952,21.018575851393187
JMP Angels 2,1,"Angelic Arbiter",{5}{W}{W},488,342,146,488,342,146,0.7008196721311475,94.59235258333165,99.8314879523044,1.7463784563242497,B,23.549707602339183,23.472602739726028
JMP Angels 2,1,"Angelic Ascension",{1}{W},218,113,105,218,113,105,0.518348623853211,61.628143306846944,66.95722124689388,1.7763593133489797,C,24.24778761061947,23.295238095238094
JMP Archaeology 1,1,"Buried Ruin",no cost,1327,607,720,1327,607,720,0.45742275810097965,44.03578980023433,49.220202898270955,1.7281376993455404,D,22.635914332784186,20.647222222222222
JMP Archaeology 1,1,"Aether Spellbomb",{1},1179,574,605,1179,574,605,0.4868532654792197,50.159333677909196,55.53373804773049,1.7914681232737637,D,22.864111498257838,21.826446280991735
JMP Archaeology 1,1,"Juggernaut",{4},1141,571,570,1141,571,570,0.5004382120946538,77.10527035697244,82.27797752204336,1.7242357216903041,B,22.914185639229423,21.403508771929825
JMP Archaeology 1,1,"Lightning-Core Excavator",{1},1156,540,616,1156,540,616,0.4671280276816609,48.07632114811116,53.44065152207213,1.7881101246536555,D,23.366666666666667,21.274350649350648
JMP Archaeology 1,1,"Erratic Visionary",{1}{U},1151,536,615,1151,536,615,0.46568201563857514,42.24956407361583,47.491148513705724,1.747194813363299,D,23.276119402985074,21.289430894308943
JMP Archaeology 1,1,"Thirst for Knowledge",{2}{U},986,508,478,986,508,478,0.5152129817444219,21.19858519523292,26.566172214023354,1.789195672930145,E,23.612204724409448,21.60878661087866
JMP Archaeology 1,1,"Ancestral Statue",{4},991,498,493,991,498,493,0.5025227043390514,60.532446573540916,65.75259679589827,1.7400500741191185,C,23.70281124497992,22.33874239350913
JMP Archaeology 1,1,"Hedron Archive",{4},963,456,507,963,456,507,0.4735202492211838,38.92241798199771,44.223994147510254,1.7671920551708478,D,23.74122807017544,21.471400394477318
JMP Archaeology 1,1,"Meteor Golem",{7},719,439,280,719,439,280,0.6105702364394993,96.09909415709275,101.40796039219339,1.769622078366878,B,24.603644646924828,24.825
JMP Archaeology 1,2,"Archaeomender",{2}{U},914,416,498,1476,672,804,0.45528455284552843,53.410025687509496,58.61800723767897,1.7359938500564904,C,23.883928571428573,21.516169154228855
JMP Archaeology 1,1,"Scholar of the Lost Trove",{5}{U}{U},654,413,241,654,413,241,0.6314984709480123,100.05426001367509,105.24701456946974,1.7309181852648834,B,24.627118644067796,24.062240663900415
JMP Archaeology 1,1,"Chromatic Sphere",{1},9,5,4,9,5,4,0.5555555555555556,42.28361947373499,57.80540183489619,5.173927453720402,D,26.2,28.5
JMP Archaeology 2,1,"Buried Ruin",no cost,1338,598,740,1338,598,740,0.4469357249626308,38.941319756393,44.36385368742362,1.8075113103435407,D,22.734113712374583,20.19864864864865
JMP Archaeology 2,1,"Juggernaut",{4},1219,591,628,1219,591,628,0.48482362592288764,75.03607906078521,80.33365533795747,1.7658587590574193,C,22.62098138747885,21.011146496815286
JMP Archaeology 2,1,"Aether Spellbomb",{1},1221,577,644,1221,577,644,0.4725634725634726,50.46092814442996,55.832482271080295,1.79051804221678,D,22.790294627383016,21.430124223602483
JMP Archaeology 2,1,"Lightning-Core Excavator",{1},1140,539,601,1140,539,601,0.4728070175438597,53.357738994977446,58.67958113343753,1.7739473794866947,C,23.15213358070501,20.928452579034943
JMP Archaeology 2,1,"Erratic Visionary",{1}{U},1135,514,621,1135,514,621,0.452863436123348,44.847196938720714,50.29568626019331,1.81616310715753,D,23.311284046692606,20.92270531400966
JMP Archaeology 2,1,"Ancestral Statue",{4},965,486,479,965,486,479,0.5036269430051813,66.0811562596156,71.4722022440706,1.7970153281516699,C,24.03909465020576,22.075156576200417
JMP Archaeology 2,1,"Thirst for Knowledge",{2}{U},990,486,504,990,486,504,0.4909090909090909,23.287034302005093,28.62905317794659,1.780672958647166,E,23.25102880658436,21.04563492063492
JMP Archaeology 2,2,"Archaeomender",{2}{U},947,416,531,1530,672,858,0.4392156862745098,56.27238486712958,61.678262945591115,1.8019593594871788,C,23.848214285714285,21.138694638694638
JMP Archaeology 2,1,"Meteor Golem",{7},614,375,239,614,375,239,0.6107491856677525,86.91838200827155,92.39335554580491,1.8249911791777866,B,25.88,25.02092050209205
JMP Archaeology 2,1,"Scholar of the Lost Trove",{5}{U}{U},567,371,196,567,371,196,0.654320987654321,96.85507786232638,102.15431450585606,1.766412214509892,B,24.91374663072776,24.45408163265306
JMP Archaeology 2,1,"Dreamstone Hedron",{6},777,350,427,777,350,427,0.45045045045045046,31.85238595698813,37.278987824832555,1.8088672892814752,D,24.951428571428572,21.920374707259953
JMP Archaeology 2,1,"Terrarion",{1},9,5,4,9,5,4,0.5555555555555556,52.68478717764657,66.89426930038844,4.736494040913957,C,24.6,29.0
JMP Archaeology 3,1,"Buried Ruin",no cost,1352,643,709,1352,643,709,0.4755917159763314,42.09761605368551,47.48686972365877,1.796417889991087,D,23.21928460342146,20.059238363892806
JMP Archaeology 3,1,"Aether Spellbomb",{1},1148,599,549,1148,599,549,0.5217770034843205,54.28418429160244,59.72168642795066,1.8125007121160706,C,23.202003338898162,21.29872495446266
JMP Archaeology 3,1,"Juggernaut",{4},1153,582,571,1153,582,571,0.5047701647875108,67.1717342497499,72.54991122347857,1.7927256579095572,C,23.197594501718214,20.929947460595447
JMP Archaeology 3,1,"Sharding Sphinx",{4}{U}{U},924,560,364,924,560,364,0.6060606060606061,96.35420200943996,101.5826408936346,1.7428129613982157,B,23.8125,22.63736263736264
JMP Archaeology 3,1,"Lightning-Core Excavator",{1},1124,552,572,1124,552,572,0.49110320284697506,54.01167481052074,59.42644268147143,1.8049226236502312,C,23.59963768115942,20.774475524475523
JMP Archaeology 3,1,"Thirst for Knowledge",{2}{U},979,512,467,979,512,467,0.5229826353421859,21.666509405940758,26.991929381958904,1.7751399920060487,E,23.306640625,21.10706638115632
JMP Archaeology 3,1,"Ancestral Statue",{4},980,499,481,980,499,481,0.5091836734693878,62.15780564096026,67.45858866298757,1.7669276740091024,C,24.216432865731463,22.097713097713097
JMP Archaeology 3,1,"Hedron Archive",{4},891,457,434,891,457,434,0.5129068462401796,43.83232291709857,49.07701549875516,1.7482308605521963,D,23.934354485776804,21.612903225806452
JMP Archaeology 3,2,"Archaeomender",{2}{U},955,452,503,1542,730,812,0.47341115434500647,63.93828447746641,69.28366771590647,1.7817944128133538,C,23.62876712328767,20.832512315270936
JMP Archaeology 3,1,"Meteor Golem",{7},713,446,267,713,446,267,0.6255259467040674,87.96965825532712,93.30897021691932,1.7797706538640654,B,25.082959641255606,24.310861423220974
JMP Archaeology 3,1,"Vedalken Archmage",{2}{U}{U},840,406,434,840,406,434,0.48333333333333334,47.773711607931865,53.07238813873856,1.766225510268898,D,24.532019704433498,21.836405529953918
JMP Archaeology 3,1,"Prismite",{2},6,5,1,6,5,1,0.8333333333333334,50.7374073497399,71.3777705294548,6.880121059904971,D,31.2,22.0
JMP Archaeology 4,1,"Buried Ruin",no cost,1375,638,737,1375,638,737,0.464,41.69888217909083,47.04866876406928,1.783262194992815,D,22.253918495297807,20.485753052917232
JMP Archaeology 4,1,"Juggernaut",{4},1206,579,627,1206,579,627,0.48009950248756217,71.46866001065895,76.87251410854047,1.80128469929384,C,22.385146804835923,21.181818181818183
JMP Archaeology 4,1,"Aether Spellbomb",{1},1186,548,638,1186,548,638,0.4620573355817875,52.187870614718456,57.709649889346494,1.840593091542679,C,22.864963503649633,21.57523510971787
JMP Archaeology 4,1,"Short Sword",{1},1188,521,667,1188,521,667,0.4385521885521885,51.3095993237514,56.68435580336417,1.7915854932042579,C,22.614203454894433,20.896551724137932
JMP Archaeology 4,1,"Scuttlemutt",{3},1169,519,650,1169,519,650,0.4439692044482464,52.26676366790447,57.62636472553292,1.7865336858761505,C,22.826589595375722,21.052307692307693
JMP Archaeology 4,1,"Jousting Dummy",{2},1147,499,648,1147,499,648,0.4350479511769834,55.982236261424845,61.381521945284604,1.7997618946199185,C,22.691382765531063,21.27469135802469
JMP Archaeology 4,1,"Lightning-Core Excavator",{1},1117,489,628,1117,489,628,0.4377797672336616,49.65476836248141,55.025987588026,1.790406408514862,D,23.085889570552148,21.24044585987261
JMP Archaeology 4,1,"Scarecrone",{3},1092,473,619,1092,473,619,0.43315018315018317,66.6109017103939,71.94566078574434,1.778253025116813,C,23.414376321353064,20.935379644588046
JMP Archaeology 4,1,"Thirst for Knowledge",{2}{U},922,450,472,922,450,472,0.4880694143167028,22.829727875420996,28.173535312886777,1.7812691458219272,E,23.264444444444443,21.46186440677966
JMP Archaeology 4,2,"Archaeomender",{2}{U},913,404,509,1474,652,822,0.4423337856173677,56.76331492693681,62.08695288008398,1.77454598438239,C,23.16717791411043,21.638686131386862
JMP Archaeology 4,1,"Meteor Golem",{7},581,331,250,581,331,250,0.5697074010327022,90.63944651174718,95.93736739659651,1.7659736282831104,B,26.0392749244713,24.576
JMP Archaeology 4,1,"Signpost Scarecrow",{4},67,40,27,67,40,27,0.5970149253731343,61.46559071241111,69.41605420004556,2.650154495878153,C,23.725,25.037037037037038
JMP Basri,1,"Faith's Fetters",{3}{W},1098,640,458,1098,640,458,0.5828779599271403,59.53055384669037,64.79135271639679,1.7535996232354734,C,22.6875,23.133187772925766
JMP Basri,1,"Basri's Lieutenant",{3}{W},1033,638,395,1033,638,395,0.6176185866408519,86.79063052308354,92.21410142169249,1.8078236328696522,B,22.296238244514107,22.756962025316454
JMP Basri,1,"Basri's Solidarity",{1}{W},1148,632,516,1148,632,516,0.5505226480836237,46.50296718243269,51.84214392540648,1.779725580991264,D,22.07278481012658,21.199612403100776
JMP Basri,1,"Basri's Acolyte",{2}{W}{W},1023,614,409,1023,614,409,0.6001955034213099,68.5226399029979,73.747395775178,1.741585290726703,C,22.649837133550488,22.929095354523227
JMP Basri,1,"Feat of Resistance",{1}{W},1023,612,411,1023,612,411,0.5982404692082112,62.78642021831579,68.11374489676696,1.7757748928170565,C,21.681372549019606,22.226277372262775
JMP Basri,1,"Concordia Pegasus",{1}{W},1066,605,461,1066,605,461,0.5675422138836773,54.290654530665755,59.61619389948969,1.7751797896079784,C,22.320661157024794,22.290672451193057
JMP Basri,1,"Siege Striker",{2}{W},1066,581,485,1066,581,485,0.5450281425891182,49.70163826836672,55.080595330795624,1.792985687476301,D,22.287435456110156,22.115463917525773
JMP Basri,1,"Tempered Veteran",{1}{W},1046,579,467,1046,579,467,0.5535372848948374,55.98110831747539,61.169324238725046,1.7294053070832185,C,22.40587219343696,21.659528907922912
JMP Basri,1,"Staunch Shieldmate",{W},1003,577,426,1003,577,426,0.5752741774675972,55.61342278581218,60.904034074705194,1.763537096297671,C,22.02426343154246,21.906103286384976
JMP Basri,1,"Basri Ket",{1}{W}{W},946,550,396,946,550,396,0.5813953488372093,68.06976561591924,73.31498817583429,1.7484075199716853,C,22.472727272727273,22.641414141414142
JMP Basri,1,"Knight of the Tusk",{4}{W}{W},785,462,323,785,462,323,0.5885350318471337,78.54143073817465,83.81102044826073,1.7565299033620254,B,24.835497835497836,23.693498452012385
JMP Basri,1,"Legion's Judgment",{2}{W},782,439,343,782,439,343,0.5613810741687979,67.28623163207192,72.66978978527654,1.7945193844015375,C,23.16400911161731,22.708454810495628
JMP Cats 1,1,"Feline Sovereign",{2}{G},1182,729,453,1182,729,453,0.616751269035533,78.19255528107607,83.80516869794309,1.8708711389556723,B,19.66803840877915,22.28476821192053
JMP Cats 1,1,"Initiate's Companion",{1}{G},1108,643,465,1108,643,465,0.5803249097472925,66.86297608956737,72.42926418710482,1.8554293658458176,C,19.989113530326595,22.690322580645162
JMP Cats 1,1,"Nature's Way",{1}{G},1111,636,475,1111,636,475,0.5724572457245725,54.88342752590418,60.49468187086666,1.8704181149874914,C,20.11006289308176,22.458947368421054
JMP Cats 1,1,"Canopy Stalker",{3}{G},1082,614,468,1082,614,468,0.5674676524953789,58.848647837887825,64.37060990679575,1.8406540229693085,C,20.73127035830619,22.677350427350426
JMP Cats 1,1,"Sabertooth Mauler",{3}{G},1054,614,440,1054,614,440,0.5825426944971537,66.66723343879349,72.18162262297635,1.838129728060955,C,20.767100977198698,23.056818181818183
JMP Cats 1,1,"Enlarge",{3}{G}{G},852,608,244,852,608,244,0.7136150234741784,80.10326149644807,85.60399119652473,1.8335765666922221,B,19.85855263157895,23.360655737704917
JMP Cats 1,1,"Feral Prowler",{1}{G},1016,569,447,1016,569,447,0.5600393700787402,47.625955680196284,53.1639823242629,1.8460088813555406,D,20.641476274165203,22.914988814317674
JMP Cats 1,1,"Keeper of Fables",{3}{G}{G},942,554,388,942,554,388,0.5881104033970276,65.34533000673909,70.89991488880376,1.851528294021558,C,20.870036101083034,22.932989690721648
JMP Cats 1,1,"Feral Invocation",{2}{G},948,553,395,948,553,395,0.5833333333333334,57.749189487578924,63.37294804572244,1.8745861860478374,C,20.258589511754067,22.974683544303797
JMP Cats 1,1,"Pridemalkin",{2}{G},998,546,452,998,546,452,0.5470941883767535,58.75646941682008,64.20553092129575,1.8163538348252228,C,20.3003663003663,22.6858407079646
JMP Cats 1,1,"Pouncing Cheetah",{2}{G},939,507,432,939,507,432,0.5399361022364217,55.65206622231365,61.22804069475552,1.8586581574806236,C,20.962524654832347,22.77777777777778
JMP Cats 1,1,"Crushing Canopy",{2}{G},468,267,201,468,267,201,0.5705128205128205,66.44092963021258,71.93131212065893,1.8301274968154513,C,21.921348314606742,23.253731343283583
JMP Cats 2,1,"Feline Sovereign",{2}{G},1198,716,482,1198,716,482,0.5976627712854758,70.5548668306477,76.17805311356011,1.8743954276374728,C,20.53072625698324,22.319502074688796
JMP Cats 2,1,"Initiate's Companion",{1}{G},1159,665,494,1159,665,494,0.5737704918032787,54.85606213355969,60.59790278921345,1.913946885217921,C,20.62706766917293,22.087044534412957
JMP Cats 2,1,"Nature's Way",{1}{G},1077,637,440,1077,637,440,0.5914577530176416,60.57603911321452,66.14594982626244,1.8566369043493058,C,21.142857142857142,22.62727272727273
JMP Cats 2,1,"Feral Prowler",{1}{G},1053,583,470,1053,583,470,0.553656220322887,50.55897471350617,56.15129322011613,1.8641061688699887,D,21.169811320754718,22.306382978723406
JMP Cats 2,1,"Enlarge",{3}{G}{G},835,583,252,835,583,252,0.6982035928143713,86.52076089829413,91.95550755562111,1.8115822191089948,B,20.01715265866209,21.674603174603174
JMP Cats 2,1,"Canopy Stalker",{3}{G},1035,582,453,1035,582,453,0.5623188405797102,65.7326555197153,71.33017985243939,1.8658414442413636,C,21.13745704467354,22.282560706401767
JMP Cats 2,1,"Keeper of Fables",{3}{G}{G},987,579,408,987,579,408,0.5866261398176292,49.13544584007224,54.789774065781174,1.8847760752363136,D,21.14680483592401,22.55392156862745
JMP Cats 2,1,"Pridemalkin",{2}{G},1039,577,462,1039,577,462,0.5553416746871992,56.24284275701625,61.76973742679226,1.84229822325867,C,20.87521663778163,22.4004329004329
JMP Cats 2,1,"Penumbra Bobcat",{2}{G},1047,560,487,1047,560,487,0.5348615090735435,47.711863473022476,53.20408662270369,1.83074104989374,D,21.355357142857144,22.630390143737166
JMP Cats 2,1,"Feral Invocation",{2}{G},928,536,392,928,536,392,0.5775862068965517,62.35083642463165,67.83823706616566,1.8291335471780032,C,20.507462686567163,22.331632653061224
JMP Cats 2,1,"Lurking Predators",{4}{G}{G},623,312,311,623,312,311,0.5008025682182986,18.86334458823022,24.58598348236105,1.9075462980436102,E,23.78525641025641,22.620578778135048
JMP Cats 2,1,"Crushing Canopy",{2}{G},496,286,210,496,286,210,0.5766129032258065,54.59296737925311,60.00932020652501,1.8054509424239678,C,22.594405594405593,24.014285714285716
JMP Chandra,1,"Flames of the Firebrand",{2}{R},1190,563,627,1190,563,627,0.473109243697479,66.0415573761753,71.63701248572097,1.8651517031818885,C,20.900532859680283,22.49122807017544
JMP Chandra,1,"Fanatical Firebrand",{R},1248,549,699,1248,549,699,0.43990384615384615,49.06033802873867,54.69270640382427,1.8774561250285324,D,21.07103825136612,21.67238912732475
JMP Chandra,1,"Pillar of Flame",{R},1080,528,552,1080,528,552,0.4888888888888889,64.46267129177286,70.04323868749617,1.8601891319077697,C,21.242424242424242,22.69927536231884
JMP Chandra,1,"Young Pyromancer",{1}{R},1065,494,571,1065,494,571,0.463849765258216,52.672230634408926,58.160791662783645,1.8295203427915725,C,20.827935222672064,22.422066549912433
JMP Chandra,1,"Pyroclastic Elemental",{3}{R}{R},991,481,510,991,481,510,0.4853683148335015,73.20114321028235,78.55257592946496,1.7838109063942047,C,21.424116424116423,23.141176470588235
JMP Chandra,1,"Chandra's Pyreling",{1}{R},1119,473,646,1119,473,646,0.4226988382484361,43.211628637684534,48.7205419038268,1.8363044220474212,D,21.496828752642706,22.34984520123839
JMP Chandra,2,"Chandra's Magmutt",{1}{R},1102,467,635,1779,754,1025,0.4238336143901068,46.219405645336394,51.68362013593702,1.8214048302002084,D,21.092838196286472,21.708292682926828
JMP Chandra,1,"Chandra's Incinerator",{5}{R},780,462,318,780,462,318,0.5923076923076923,90.7906565014745,96.2377586777722,1.8157007254325686,B,21.82900432900433,23.69496855345912
JMP Chandra,1,"Chandra, Heart of Fire",{3}{R}{R},912,378,534,912,378,534,0.4144736842105263,84.14428448450018,89.47101237241485,1.7755759626382237,B,22.494708994708994,22.83895131086142
JMP Chandra,1,"Hungry Flames",{2}{R},364,319,45,364,319,45,0.8763736263736264,113.52100281715119,119.64597403274949,2.0416570718661013,A,20.26332288401254,25.266666666666666
JMP Chandra,1,"Thrill of Possibility",{1}{R},512,203,309,512,203,309,0.396484375,43.55064274628681,48.95327150747289,1.8008762537286922,D,21.31527093596059,21.83495145631068
JMP Devilish 1,1,"Spiteful Prankster",{2}{R},1106,596,510,1106,596,510,0.538878842676311,74.29637741957542,79.36664656152728,1.6900897139839515,C,18.91946308724832,20.641176470588235
JMP Devilish 1,1,"Zurzoth, Chaos Rider",{2}{R},1065,551,514,1065,551,514,0.5173708920187794,78.72416929093669,83.80348374976774,1.6931048196103489,B,19.19419237749546,21.019455252918288
JMP Devilish 1,1,"Hobblefiend",{1}{R},1094,549,545,1094,549,545,0.5018281535648994,65.45066424112682,70.66016843084981,1.7365013965743317,C,19.438979963570127,20.13394495412844
JMP Devilish 1,1,"Traitorous Greed",{3}{R},1062,534,528,1062,534,528,0.5028248587570622,56.54947720075022,61.79374547299479,1.748089424081526,C,19.49625468164794,20.202651515151516
JMP Devilish 1,1,"Torch Fiend",{1}{R},1013,477,536,1013,477,536,0.47087857847976305,44.11848569634078,49.261070599322224,1.7141949676604826,D,19.731656184486372,20.46455223880597
JMP Devilish 1,1,"Havoc Jester",{4}{R},866,461,405,866,461,405,0.5323325635103926,77.46411778269099,82.6829725687637,1.7396182620242373,B,20.685466377440346,21.31358024691358
JMP Devilish 1,1,"Heartfire",{1}{R},892,458,434,892,458,434,0.5134529147982063,53.06617248857818,58.253138282499215,1.7289885979736774,C,19.951965065502183,21.589861751152075
JMP Devilish 1,1,"Chained Brute",{1}{R},1022,432,590,1022,432,590,0.4227005870841487,39.33950178899591,44.473036019011644,1.7111780766719114,D,20.90509259259259,21.113559322033897
JMP Devilish 1,1,"Pitchburn Devils",{4}{R},850,426,424,850,426,424,0.5011764705882353,71.28415581960951,76.51291284129998,1.742919007230159,C,21.028169014084508,21.610849056603772
JMP Devilish 1,1,"Collateral Damage",{R},798,398,400,798,398,400,0.49874686716791977,58.326068422316226,63.38894386501006,1.6876251475646113,C,20.5678391959799,21.25
JMP Devilish 1,1,"Dance with Devils",{3}{R},734,352,382,734,352,382,0.47956403269754766,70.31056996730716,75.39731370454494,1.6955812457459258,C,21.545454545454547,21.994764397905758
JMP Devilish 1,1,"Forge Devil",{R},542,258,284,542,258,284,0.47601476014760147,57.319846015014065,62.57005976863333,1.7500712512064223,C,20.674418604651162,21.661971830985916
JMP Devilish 2,1,"Spiteful Prankster",{2}{R},1005,551,454,1005,551,454,0.5482587064676617,75.62814671815222,80.6943584330573,1.6887372383016925,C,18.816696914700543,20.801762114537446
JMP Devilish 2,1,"Zurzoth, Chaos Rider",{2}{R},995,508,487,995,508,487,0.5105527638190954,62.5221132746721,67.40510327065614,1.6276633319946798,C,19.001968503937007,21.11088295687885
JMP Devilish 2,1,"Traitorous Greed",{3}{R},1059,486,573,1059,486,573,0.45892351274787535,44.27047299175354,49.29937226856664,1.676299758937699,D,19.625514403292183,20.2478184991274
JMP Devilish 2,1,"Tibalt's Rager",{1}{R},986,485,501,986,485,501,0.4918864097363083,73.27096906680286,78.29225733866542,1.6737627572875182,C,19.6,20.381237524950098
JMP Devilish 2,1,"Havoc Jester",{4}{R},885,456,429,885,456,429,0.5152542372881356,75.722177386956,80.65610391599864,1.6446421763475465,C,20.460526315789473,21.545454545454547
JMP Devilish 2,2,"Torch Fiend",{1}{R},944,451,492,1524,729,795,0.47834645669291337,62.74917225378686,67.86799241263947,1.7062733862842014,C,19.270233196159122,20.1874213836478
JMP Devilish 2,1,"Heartfire",{1}{R},828,440,388,828,440,388,0.5314009661835749,68.1103017090233,73.16651869822972,1.6854056630688052,C,19.45909090909091,21.783505154639176
JMP Devilish 2,1,"Hobblefiend",{1}{R},1005,435,570,1005,435,570,0.43283582089552236,46.46836774835745,51.60401347361996,1.7118819084208357,D,19.285057471264366,20.210526315789473
JMP Devilish 2,1,"Chained Brute",{1}{R},977,413,564,977,413,564,0.4227226202661208,43.73910522485655,48.74808730043271,1.6696606918587187,D,20.498789346246973,20.72163120567376
JMP Devilish 2,1,"Collateral Damage",{R},826,410,416,826,410,416,0.4963680387409201,45.52517713121005,50.568077085191824,1.680966651327258,D,20.048780487804876,21.56971153846154
JMP Devilish 2,1,"Pitchburn Devils",{4}{R},758,375,383,758,375,383,0.4947229551451187,68.56395578374452,73.51727455818352,1.6511062581463325,C,20.722666666666665,21.87467362924282
JMP Devilish 3,1,"Spiteful Prankster",{2}{R},1057,536,521,1057,536,521,0.5070955534531694,73.66371855401609,78.72894696420592,1.688409470063279,C,19.76492537313433,19.879078694817657
JMP Devilish 3,1,"Traitorous Greed",{3}{R},1094,491,603,1094,491,603,0.44881170018281535,53.11642118664058,58.22083452426301,1.7014711125408106,C,20.533604887983707,19.50580431177446
JMP Devilish 3,1,"Hobblefiend",{1}{R},1059,461,598,1059,461,598,0.43531633616619453,59.46424383126844,64.44622007301575,1.6606587472491041,C,20.13015184381779,19.85284280936455
JMP Devilish 3,1,"Lightning-Core Excavator",{1},1012,459,553,1012,459,553,0.4535573122529644,52.860480941241086,58.062977380724604,1.734165479827839,C,20.62962962962963,20.21157323688969
JMP Devilish 3,1,"Torch Fiend",{1}{R},1008,456,552,1008,456,552,0.4523809523809524,51.766497440239036,56.88240100928377,1.7053011896815768,C,20.57675438596491,20.356884057971016
JMP Devilish 3,1,"Act of Treason",{2}{R},1116,438,678,1116,438,678,0.3924731182795699,37.62930498871469,42.9044329696692,1.7583759936515024,D,20.511415525114156,19.278761061946902
JMP Devilish 3,1,"Havoc Jester",{4}{R},915,438,477,915,438,477,0.4786885245901639,72.94687898701926,78.0360643815521,1.696395131510942,C,21.24200913242009,20.744234800838573
JMP Devilish 3,1,"Brash Taunter",{4}{R},840,404,436,840,404,436,0.48095238095238096,84.23065233675136,89.32336251244028,1.6975700585629745,B,21.928217821782177,21.059633027522935
JMP Devilish 3,1,"Chained Brute",{1}{R},984,361,623,984,361,623,0.366869918699187,38.98092651433886,44.19529481506726,1.7381227669094652,D,21.409972299168974,20.552166934189405
JMP Devilish 3,1,"Collateral Damage",{R},840,356,484,840,356,484,0.4238095238095238,44.95723332799822,50.17326090332672,1.7386758584428337,D,21.60112359550562,20.923553719008265
JMP Devilish 3,1,"Pitchburn Devils",{4}{R},727,349,378,727,349,378,0.48005502063273725,70.91095876872795,75.91137395849834,1.6668050632567963,C,22.249283667621775,21.582010582010582
JMP Devilish 3,1,"Dance with Devils",{3}{R},660,303,357,660,303,357,0.4590909090909091,64.67300508174749,69.8744764719885,1.7338237967470056,C,22.0,21.610644257703083
JMP Devilish 4,1,"Hellrider",{2}{R}{R},1083,607,476,1083,607,476,0.5604801477377654,82.50804681832624,87.49011740322975,1.6606901949678348,B,17.487644151565075,19.418067226890756
JMP Devilish 4,1,"Sin Prodder",{2}{R},1005,561,444,1005,561,444,0.5582089552238806,67.14103631673605,72.25437475605985,1.704446146441267,C,17.966131907308377,19.79954954954955
JMP Devilish 4,1,"Spiteful Prankster",{2}{R},979,549,430,979,549,430,0.5607763023493361,73.4595389633217,78.41139192974623,1.6506176554748435,C,18.27686703096539,20.144186046511628
JMP Devilish 4,1,"Traitorous Greed",{3}{R},1053,521,532,1053,521,532,0.49477682811016144,52.494039907201135,57.499913197369615,1.6686244300561606,C,18.21497120921305,19.332706766917294
JMP Devilish 4,1,"Lightning-Core Excavator",{1},1037,511,526,1037,511,526,0.4927675988428158,48.80073619223844,54.013758929786704,1.7376742458494208,D,18.94324853228963,20.022813688212928
JMP Devilish 4,1,"Act of Treason",{2}{R},1081,496,585,1081,496,585,0.4588344125809436,52.1422490971814,57.29056204346368,1.7161043154274267,C,18.70766129032258,18.916239316239317
JMP Devilish 4,1,"Hobblefiend",{1}{R},1014,496,518,1014,496,518,0.4891518737672584,59.33421414270482,64.33155919756568,1.6657816849536182,C,18.695564516129032,19.41119691119691
JMP Devilish 4,1,"Havoc Jester",{4}{R},872,464,408,872,464,408,0.5321100917431193,74.06345258706709,78.98342000132006,1.639989138084321,C,20.079741379310345,20.784313725490197
JMP Devilish 4,1,"Chained Brute",{1}{R},993,399,594,993,399,594,0.40181268882175225,37.315270158913,42.56087731751494,1.748535719533979,D,19.56892230576441,19.95286195286195
JMP Devilish 4,1,"Collateral Damage",{R},806,384,422,806,384,422,0.47642679900744417,43.54164337433869,48.609099333652324,1.6891519864378766,D,19.5390625,20.50473933649289
JMP Devilish 4,1,"Pitchburn Devils",{4}{R},761,372,389,761,372,389,0.4888304862023653,66.25692920948958,71.30634975720066,1.6831401825703602,C,20.567204301075268,21.372750642673523
JMP Dinosaurs 1,1,"Ghalta, Primal Hunger",{10}{G}{G},934,740,194,934,740,194,0.7922912205567452,109.80032694205572,115.05931370167399,1.7529955865394218,A,18.65135135135135,22.824742268041238
JMP Dinosaurs 1,1,"Orazca Frillback",{2}{G},1154,701,453,1154,701,453,0.6074523396880416,59.4773524425112,64.78888713096823,1.7705115628190133,C,18.98002853067047,21.187637969094922
JMP Dinosaurs 1,1,"Drowsing Tyrannodon",{1}{G},1046,662,384,1046,662,384,0.6328871892925431,63.015228266473336,68.4320624030962,1.8056113788742874,C,19.09667673716012,21.622395833333332
JMP Dinosaurs 1,1,"Ornery Dilophosaur",{3}{G},1066,630,436,1066,630,436,0.5909943714821764,60.554501347335936,65.84154053264798,1.7623463951040153,C,19.893650793650792,20.73394495412844
JMP Dinosaurs 1,1,"Thrashing Brontodon",{1}{G}{G},1031,618,413,1031,618,413,0.5994180407371484,67.1326894098665,72.39243490630892,1.7532484988141408,C,19.432038834951456,21.46489104116223
JMP Dinosaurs 1,1,"Colossal Dreadmaw",{4}{G}{G},942,616,326,942,616,326,0.6539278131634819,83.69066020365037,88.96374988252876,1.7576965596261322,B,19.727272727272727,22.233128834355828
JMP Dinosaurs 1,1,"Drover of the Mighty",{1}{G},1002,607,395,1002,607,395,0.6057884231536926,54.248509469142896,59.64948699159497,1.8003258408173572,C,18.56836902800659,20.810126582278482
JMP Dinosaurs 1,1,"Setessan Training",{1}{G},969,597,372,969,597,372,0.6160990712074303,33.65578156613153,39.10742638750916,1.8172149404592095,D,19.371859296482413,20.663978494623656
JMP Dinosaurs 1,1,"Commune with Dinosaurs",{G},997,574,423,997,574,423,0.5757271815446339,20.604051588718217,26.04298648999147,1.8129783004244178,E,19.360627177700348,20.47754137115839
JMP Dinosaurs 1,1,"Savage Stomp",{2}{G},924,573,351,924,573,351,0.6201298701298701,64.76167537692153,70.07938526189724,1.772569961658572,C,19.5043630017452,21.444444444444443
JMP Dinosaurs 1,1,"Cultivate",{2}{G},897,513,384,897,513,384,0.5719063545150501,39.47151959930846,44.794561801248534,1.7743474006466926,D,20.50877192982456,21.309895833333332
JMP Dinosaurs 1,1,"Crushing Canopy",{2}{G},453,250,203,453,250,203,0.5518763796909493,62.36805981792937,67.64950072123284,1.7604803011011556,C,20.772,21.458128078817733
JMP Dinosaurs 2,1,"Drowsing Tyrannodon",{1}{G},1133,658,475,1133,658,475,0.5807590467784642,67.15832257252325,72.60847666246417,1.816718029980307,C,20.566869300911854,21.84
JMP Dinosaurs 2,1,"Orazca Frillback",{2}{G},1194,657,537,1194,657,537,0.550251256281407,60.61331585892045,66.04010691099795,1.808930350692499,C,20.858447488584474,21.3780260707635
JMP Dinosaurs 2,1,"Colossal Dreadmaw",{4}{G}{G},989,588,401,989,588,401,0.5945399393326593,82.26507148718363,87.6809974028982,1.805308638571524,B,21.542517006802722,21.875311720698253
JMP Dinosaurs 2,1,"Ornery Dilophosaur",{3}{G},1104,573,531,1104,573,531,0.5190217391304348,64.83582872612399,70.33312562121311,1.8324322983630412,C,21.418848167539267,21.069679849340865
JMP Dinosaurs 2,1,"Savage Stomp",{2}{G},919,571,348,919,571,348,0.6213275299238302,71.29563846618511,76.72039152994255,1.8082510212524794,C,20.775831873905428,22.341954022988507
JMP Dinosaurs 2,1,"Drover of the Mighty",{1}{G},1028,557,471,1028,557,471,0.541828793774319,47.91624947432314,53.33436755574536,1.8060393604740737,D,20.54039497307002,21.420382165605094
JMP Dinosaurs 2,1,"Commune with Dinosaurs",{G},1072,551,521,1072,551,521,0.5139925373134329,30.988215132332996,36.54927680751693,1.8536872250613121,D,21.284936479128856,21.14587332053743
JMP Dinosaurs 2,1,"New Horizons",{2}{G},1041,527,514,1041,527,514,0.5062439961575408,51.8974250132852,57.184479767190545,1.7623515846351139,C,21.07020872865275,20.585603112840467
JMP Dinosaurs 2,1,"Selvala, Heart of the Wilds",{1}{G}{G},996,495,501,996,495,501,0.49698795180722893,56.30861405742612,61.81497723134173,1.8354543913052035,C,21.77171717171717,21.255489021956087
JMP Dinosaurs 2,1,"Thundering Spineback",{5}{G}{G},714,424,290,714,424,290,0.5938375350140056,82.81585317191373,88.26846920995982,1.8175386793486943,B,23.06132075471698,23.375862068965517
JMP Dinosaurs 2,1,"Garruk's Uprising",{2}{G},866,423,443,866,423,443,0.4884526558891455,36.30983197843199,41.65836357387222,1.7828438651467455,D,22.245862884160758,20.474040632054177
JMP Dinosaurs 2,1,"Crushing Canopy",{2}{G},569,307,262,569,307,262,0.539543057996485,61.23211630343111,66.66282181746372,1.8102351713442022,C,22.882736156351793,21.96946564885496
JMP Dinosaurs 3,1,"Ghalta, Primal Hunger",{10}{G}{G},875,701,174,875,701,174,0.8011428571428572,106.33686463870634,111.66513479979938,1.7760900536976743,A,19.20970042796006,21.701149425287355
JMP Dinosaurs 3,1,"Orazca Frillback",{2}{G},1156,689,467,1156,689,467,0.5960207612456747,68.29687070722079,73.7516596462935,1.818262979690905,C,19.066763425253992,19.957173447537475
JMP Dinosaurs 3,1,"Drowsing Tyrannodon",{1}{G},1096,672,424,1096,672,424,0.6131386861313869,57.33166718231566,62.75389551651762,1.8074094447339875,C,19.616071428571427,20.36556603773585
JMP Dinosaurs 3,1,"Drover of the Mighty",{1}{G},1009,634,375,1009,634,375,0.6283448959365708,56.97060261596878,62.390529010438776,1.8066421314899994,C,19.269716088328074,20.037333333333333
JMP Dinosaurs 3,1,"Ornery Dilophosaur",{3}{G},1076,619,457,1076,619,457,0.5752788104089219,61.46841499456326,66.9653168745789,1.8323006266718798,C,19.77382875605816,19.88183807439825
JMP Dinosaurs 3,1,"Commune with Dinosaurs",{G},1057,615,442,1057,615,442,0.5818353831598865,27.920698119260376,33.46619202590212,1.8484979688805807,D,19.416260162601628,19.622171945701357
JMP Dinosaurs 3,1,"Colossal Dreadmaw",{4}{G}{G},925,614,311,925,614,311,0.6637837837837838,85.10033106514308,90.32349705622438,1.7410553303604333,B,20.2442996742671,21.112540192926044
JMP Dinosaurs 3,1,"Savage Stomp",{2}{G},903,598,305,903,598,305,0.6622369878183831,78.61292282738515,84.16457607710974,1.850551083241533,B,19.705685618729095,20.465573770491805
JMP Dinosaurs 3,1,"Titanic Growth",{1}{G},900,554,346,900,554,346,0.6155555555555555,58.43674338777445,63.90327861636392,1.8221784095298235,C,19.689530685920577,20.13005780346821
JMP Dinosaurs 3,1,"Cultivate",{2}{G},925,546,379,925,546,379,0.5902702702702702,37.38612745924857,42.766035998259284,1.7933028463369045,D,20.115384615384617,19.514511873350923
JMP Dinosaurs 3,1,"Thundering Spineback",{5}{G}{G},676,448,228,676,448,228,0.6627218934911243,86.90838686784696,92.29691136404433,1.7961748320657935,B,21.986607142857142,22.0
JMP Dinosaurs 3,1,"Crushing Canopy",{2}{G},434,226,208,434,226,208,0.5207373271889401,46.323928143065274,51.620257066325806,1.765442974420177,D,21.442477876106196,20.51923076923077
JMP Dinosaurs 4,1,"Orazca Frillback",{2}{G},1147,688,459,1147,688,459,0.5998256320836965,66.91224242358396,72.32473993080633,1.8041658357407915,C,19.328488372093023,20.39433551198257
JMP Dinosaurs 4,1,"Drowsing Tyrannodon",{1}{G},1075,667,408,1075,667,408,0.6204651162790698,60.92065417579297,66.56489328731351,1.8814130371735143,C,19.69415292353823,20.32843137254902
JMP Dinosaurs 4,1,"Thrashing Brontodon",{1}{G}{G},1064,632,432,1064,632,432,0.5939849624060151,62.10123377967145,67.48323306312444,1.7939997611509964,C,20.026898734177216,20.71527777777778
JMP Dinosaurs 4,1,"Savage Stomp",{2}{G},918,618,300,918,618,300,0.673202614379085,67.75344034279209,73.24645423067481,1.831004629294243,C,19.461165048543688,20.966666666666665
JMP Dinosaurs 4,1,"Drover of the Mighty",{1}{G},1011,614,397,1011,614,397,0.6073194856577646,51.37544252620959,56.872707150850324,1.8324215415469116,C,19.4185667752443,20.632241813602015
JMP Dinosaurs 4,1,"Ornery Dilophosaur",{3}{G},1053,603,450,1053,603,450,0.5726495726495726,51.735326766138755,57.066880710703344,1.7771846481881977,C,20.235489220563846,20.326666666666668
JMP Dinosaurs 4,1,"Commune with Dinosaurs",{G},1065,600,465,1065,600,465,0.5633802816901409,31.21080458660687,36.54775620499309,1.7789838727954075,D,19.71,19.793548387096774
JMP Dinosaurs 4,1,"Primal Might",{X}{G},785,569,216,785,569,216,0.7248407643312101,82.63427748804193,87.98347433405723,1.783065615338436,B,19.75043936731107,21.27777777777778
JMP Dinosaurs 4,1,"New Horizons",{2}{G},998,560,438,998,560,438,0.561122244488978,50.22253683339145,55.644725015643374,1.8073960607506412,D,19.664285714285715,20.19178082191781
JMP Dinosaurs 4,1,"Colossal Dreadmaw",{4}{G}{G},820,532,288,820,532,288,0.6487804878048781,74.36671207255036,79.7417042084567,1.791664045302114,C,20.533834586466167,21.64236111111111
JMP Dinosaurs 4,1,"Rampaging Brontodon",{5}{G}{G},727,530,197,727,530,197,0.7290233837689133,100.50791146474226,105.7921657844897,1.7614181065824783,B,20.764150943396228,22.527918781725887
JMP Dinosaurs 4,1,"Garruk's Uprising",{2}{G},848,449,399,848,449,399,0.5294811320754716,32.645287298072695,37.912618337726116,1.7557770132178074,D,20.485523385300667,19.949874686716793
JMP Discarding 1,1,"Ravenous Chupacabra",{2}{B}{B},1069,790,279,1069,790,279,0.7390084190832554,84.13824878436783,89.58725585819472,1.816335691275631,B,20.663291139240506,22.043010752688172
JMP Discarding 1,1,"Fell Specter",{3}{B},973,693,280,973,693,280,0.7122302158273381,74.00590386063064,79.28794876717217,1.7606816355138446,C,20.704184704184705,21.507142857142856
JMP Discarding 1,1,"Burglar Rat",{1}{B},1009,674,335,1009,674,335,0.66798810703667,44.81021760286224,50.09471374583992,1.7614987143258922,D,21.155786350148368,21.176119402985076
JMP Discarding 1,1,"Tinybones, Trinket Thief",{1}{B},1047,672,375,1047,672,375,0.6418338108882522,60.21096524066273,65.30016405793506,1.6963996057574449,C,20.424107142857142,19.712
JMP Discarding 1,1,"Death's Approach",{B},1079,661,418,1079,661,418,0.6126042632066728,39.59652826872652,44.931233117639266,1.7782349496375818,D,21.446293494704992,20.820574162679424
JMP Discarding 1,1,"Phyrexian Rager",{2}{B},1007,657,350,1007,657,350,0.6524329692154915,38.951459589764255,44.16008942905154,1.736209946429094,D,21.094368340943685,20.597142857142856
JMP Discarding 1,1,"Entomber Exarch",{2}{B}{B},1019,654,365,1019,654,365,0.6418056918547596,52.799334586735625,57.985601140128395,1.7287555177975902,C,21.448012232415902,21.44931506849315
JMP Discarding 1,1,"Slate Street Ruffian",{2}{B},1066,641,425,1066,641,425,0.6013133208255159,49.505656383348736,54.73955052069128,1.7446313791141805,D,21.171606864274573,20.95294117647059
JMP Discarding 1,2,"Wight of Precinct Six",{1}{B},973,639,334,1572,1032,540,0.6564885496183206,60.45159473546325,65.80447620234175,1.7842938222928313,C,20.756782945736433,20.61111111111111
JMP Discarding 1,1,"Mind Rot",{2}{B},872,589,283,872,589,283,0.6754587155963303,34.49545799509238,39.85004598810802,1.7848626643385486,D,21.173174872665534,21.593639575971732
JMP Discarding 1,1,"Assassin's Strike",{4}{B}{B},765,534,231,765,534,231,0.6980392156862745,70.34121537704506,75.65218066266426,1.7703217618730684,C,22.06554307116105,22.58008658008658
JMP Discarding 2,1,"Ravenous Chupacabra",{2}{B}{B},1029,791,238,1029,791,238,0.7687074829931972,98.44468424246716,104.05171528396625,1.8690103471663628,B,20.72945638432364,22.68487394957983
JMP Discarding 2,1,"Burglar Rat",{1}{B},1011,684,327,1011,684,327,0.6765578635014837,47.122234374741886,52.57673827413801,1.8181679664653736,D,21.285087719298247,21.495412844036696
JMP Discarding 2,1,"Liliana's Reaver",{2}{B}{B},1006,684,322,1006,684,322,0.679920477137177,69.23967905854678,74.66637065069226,1.8088971973818264,C,21.194444444444443,22.059006211180126
JMP Discarding 2,1,"Nyxathid",{1}{B}{B},985,660,325,985,660,325,0.6700507614213198,70.6598654285814,75.89515644193068,1.7450970044497598,C,21.004545454545454,21.661538461538463
JMP Discarding 2,1,"Phyrexian Rager",{2}{B},964,655,309,964,655,309,0.6794605809128631,53.583721183003654,59.20880806623734,1.8750289610778959,C,21.11297709923664,21.433656957928804
JMP Discarding 2,2,"Wight of Precinct Six",{1}{B},997,650,347,1610,1049,561,0.6515527950310559,62.01247248485765,67.38456735358378,1.790698289575374,C,20.491897044804574,20.928698752228165
JMP Discarding 2,1,"Death's Approach",{B},1037,628,409,1037,628,409,0.6055930568948891,48.32876043966016,53.57233858174571,1.7478593806951832,D,21.538216560509554,20.594132029339853
JMP Discarding 2,1,"Fell Specter",{3}{B},860,605,255,860,605,255,0.7034883720930233,76.05886569340056,81.56278513249703,1.8346398130321548,C,21.004958677685952,22.070588235294117
JMP Discarding 2,1,"Slate Street Ruffian",{2}{B},992,601,391,992,601,391,0.6058467741935484,54.12355831729501,59.57524084508682,1.8172275092639378,C,21.382695507487522,21.529411764705884
JMP Discarding 2,1,"Entomber Exarch",{2}{B}{B},891,586,305,891,586,305,0.6576879910213244,52.8561206332518,58.22716156484009,1.7903469771960963,C,21.68941979522184,21.79016393442623
JMP Discarding 2,1,"Assassin's Strike",{4}{B}{B},714,498,216,714,498,216,0.6974789915966386,82.27327452832237,87.71666598087181,1.8144638175164784,B,22.32730923694779,23.15740740740741
JMP Doctor 1,1,"Anointed Chorister",{W},1245,723,522,1245,723,522,0.5807228915662651,68.9470628252515,74.28282211991099,1.7785864315531617,C,22.50484094052559,24.92528735632184
JMP Doctor 1,1,"Faith's Fetters",{3}{W},1174,713,461,1174,713,461,0.6073253833049403,72.30967716809249,77.83101976320957,1.8404475317056934,C,22.81907433380084,25.845986984815617
JMP Doctor 1,1,"Speaker of the Heavens",{W},1209,677,532,1209,677,532,0.5599669148056244,64.54509521861843,69.84462340071656,1.766509394032712,C,22.17282127031019,24.392857142857142
JMP Doctor 1,1,"Mesa Unicorn",{1}{W},1181,629,552,1181,629,552,0.5325994919559696,54.93211612629873,60.28123314318802,1.7830390056297625,C,22.59777424483307,24.768115942028984
JMP Doctor 1,1,"Basri's Acolyte",{2}{W}{W},1127,621,506,1127,621,506,0.5510204081632653,59.55823357363187,64.99344349508947,1.8117366404858664,C,23.239935587761675,25.47826086956522
JMP Doctor 1,1,"Take Heart",{W},1068,611,457,1068,611,457,0.5720973782771536,50.860981819465565,56.28085532886253,1.8066245031323218,D,22.880523731587562,24.47921225382932
JMP Doctor 1,1,"Griffin Aerie",{1}{W},1128,607,521,1128,607,521,0.5381205673758865,57.86007506185453,63.21698923700917,1.7856380583848817,C,23.062602965403624,23.562380038387715
JMP Doctor 1,1,"Revitalize",{1}{W},1116,593,523,1116,593,523,0.5313620071684588,40.198457756047915,45.59778728826379,1.7997765107386252,D,23.504215851602023,24.621414913957935
JMP Doctor 1,1,"Brightmare",{2}{W},1088,590,498,1088,590,498,0.5422794117647058,60.639585842546516,66.0613140382114,1.8072427318882973,C,23.65762711864407,25.01004016064257
JMP Doctor 1,1,"Swift Response",{1}{W},1106,563,543,1106,563,543,0.5090415913200723,56.23427069694222,61.59288306592063,1.7862041229928036,C,23.845470692717583,24.85451197053407
JMP Doctor 1,1,"Bulwark Giant",{5}{W},877,507,370,877,507,370,0.5781071835803877,93.62565018534897,99.0723374513341,1.8155624219950466,B,25.159763313609467,27.313513513513513
JMP Doctor 2,1,"Stone Haven Pilgrim",{1}{W},1149,636,513,1149,636,513,0.5535248041775457,60.560924049454215,65.92336682056168,1.7874809237024882,C,21.794025157232703,23.200779727095515
JMP Doctor 2,1,"Anointed Chorister",{W},1129,628,501,1129,628,501,0.5562444641275465,61.914880556353,67.11603573949101,1.7337183943793364,C,21.883757961783438,23.105788423153694
JMP Doctor 2,1,"Speaker of the Heavens",{W},1113,621,492,1113,621,492,0.5579514824797843,69.52749242016338,74.7577767897305,1.7434281231890387,C,22.262479871175522,22.896341463414632
JMP Doctor 2,1,"Angel of Mercy",{4}{W},973,608,365,973,608,365,0.6248715313463515,96.69614437436823,102.10506059020565,1.8029720719458096,B,22.86513157894737,23.715068493150685
JMP Doctor 2,1,"Basri's Acolyte",{2}{W}{W},1086,607,479,1086,607,479,0.5589318600368324,63.44599157968502,68.9340903247842,1.8293662483663917,C,23.17298187808896,23.434237995824635
JMP Doctor 2,1,"Griffin Aerie",{1}{W},1088,599,489,1088,599,489,0.5505514705882353,64.51459753249543,69.91767776706314,1.8010267448559039,C,21.968280467445744,22.41717791411043
JMP Doctor 2,1,"Moment of Heroism",{1}{W},1011,592,419,1011,592,419,0.5855588526211671,62.652926538224925,68.04288815422407,1.7966538719997154,C,22.510135135135137,23.98090692124105
JMP Doctor 2,1,"Revitalize",{1}{W},1043,539,504,1043,539,504,0.5167785234899329,37.469714208469554,42.966812734116324,1.8323661752155902,D,23.020408163265305,22.998015873015873
JMP Doctor 2,1,"Brightmare",{2}{W},1017,537,480,1017,537,480,0.528023598820059,65.39845390892879,70.81252293967187,1.8046896769143603,C,23.387337057728118,23.8125
JMP Doctor 2,1,"Swift Response",{1}{W},1015,509,506,1015,509,506,0.5014778325123153,57.33282420007012,62.73956279430375,1.8022461980778763,C,23.1335952848723,23.42490118577075
JMP Doctor 2,1,"Secure the Scene",{4}{W},977,505,472,977,505,472,0.5168884339815762,57.79889597377002,63.04868711721241,1.749930381147462,C,24.40990099009901,23.847457627118644
JMP Doctor 3,1,"Faith's Fetters",{3}{W},1218,766,452,1218,766,452,0.6288998357963875,77.14041137979373,82.73052484899316,1.8633711563998094,B,24.990861618798956,26.986725663716815
JMP Doctor 3,1,"Rhox Faithmender",{3}{W},1213,751,462,1213,751,462,0.6191261335531739,70.57499757749041,76.24733661164466,1.8907796780514172,C,25.6271637816245,26.893939393939394
JMP Doctor 3,1,"Mesa Unicorn",{1}{W},1210,731,479,1210,731,479,0.6041322314049586,60.42142454482437,66.03778105684371,1.872118837339782,C,24.522571819425444,25.555323590814197
JMP Doctor 3,1,"Anointed Chorister",{W},1232,720,512,1232,720,512,0.5844155844155844,62.47896326863902,67.84972327802339,1.7902533364614563,C,24.430555555555557,25.068359375
JMP Doctor 3,1,"Angel of Mercy",{4}{W},1100,720,380,1100,720,380,0.6545454545454545,83.73781815244801,89.20221689416059,1.8214662472375251,B,24.575,26.83684210526316
JMP Doctor 3,1,"Moment of Heroism",{1}{W},1110,668,442,1110,668,442,0.6018018018018018,59.42754027370975,64.8982136575417,1.8235577946106494,C,24.588323353293415,26.75339366515837
JMP Doctor 3,1,"Basri's Acolyte",{2}{W}{W},1120,654,466,1120,654,466,0.5839285714285715,58.69000754414301,64.1967689642626,1.8355871400398656,C,25.134556574923547,26.34978540772532
JMP Doctor 3,1,"Griffin Aerie",{1}{W},1113,642,471,1113,642,471,0.5768194070080862,67.8922341469779,73.25745364991926,1.788406500980451,C,24.468847352024923,24.963906581740975
JMP Doctor 3,1,"Brightmare",{2}{W},1099,628,471,1099,628,471,0.5714285714285714,57.88081744975936,63.415668826752636,1.8449504589977568,C,25.43471337579618,26.116772823779193
JMP Doctor 3,1,"Revitalize",{1}{W},1093,616,477,1093,616,477,0.5635864592863677,46.59889545042693,52.13178070681772,1.8442950854635973,D,25.407467532467532,25.67295597484277
JMP Doctor 3,1,"Swift Response",{1}{W},1135,612,523,1135,612,523,0.5392070484581498,54.001975963387636,59.492592895192765,1.8302056439350438,C,25.522875816993466,25.520076481835563
JMP Doctor 4,1,"Stone Haven Pilgrim",{1}{W},1194,734,460,1194,734,460,0.6147403685092128,65.09864131482948,70.2621108318616,1.721156505677373,C,21.994550408719345,22.81086956521739
JMP Doctor 4,1,"Anointed Chorister",{W},1158,723,435,1158,723,435,0.6243523316062176,67.17562604248101,72.46777136763674,1.764048441718574,C,22.496542185338864,23.367816091954023
JMP Doctor 4,1,"Path of Bravery",{2}{W},1155,684,471,1155,684,471,0.5922077922077922,57.60683641036127,62.84415623919007,1.7457732762762674,C,22.083333333333332,22.174097664543524
JMP Doctor 4,1,"Basri's Acolyte",{2}{W}{W},1103,655,448,1103,655,448,0.5938349954669084,70.38176360331434,75.69231133594721,1.7701825775442896,C,23.074809160305342,23.857142857142858
JMP Doctor 4,1,"Griffin Aerie",{1}{W},1131,653,478,1131,653,478,0.5773651635720601,61.780609854992676,66.87959817838616,1.699662774464494,C,21.97549770290965,22.38284518828452
JMP Doctor 4,1,"Angel of Mercy",{4}{W},1026,652,374,1026,652,374,0.6354775828460039,75.58417006752248,80.75975563226883,1.725195188248788,C,23.01993865030675,23.78609625668449
JMP Doctor 4,1,"Alabaster Mage",{1}{W},1114,626,488,1114,626,488,0.5619389587073609,57.78831179884134,63.004888557785236,1.7388589196479642,C,23.166134185303516,22.774590163934427
JMP Doctor 4,1,"Revitalize",{1}{W},1115,597,518,1115,597,518,0.5354260089686098,31.063849806769877,36.374547073472606,1.7702324222342432,D,23.479061976549414,22.43243243243243
JMP Doctor 4,1,"Swift Response",{1}{W},1088,589,499,1088,589,499,0.5413602941176471,57.72362612731318,62.90293238482763,1.7264354191714826,C,23.67572156196944,23.168336673346694
JMP Doctor 4,1,"Brightmare",{2}{W},1019,572,447,1019,572,447,0.5613346418056918,67.64421561555748,72.98537267708397,1.780385687175495,C,24.066433566433567,23.610738255033556
JMP Doctor 4,1,"Cradle of Vitality",{3}{W},1027,531,496,1027,531,496,0.5170399221032133,56.43662822162135,61.435697351948875,1.6663563767758434,C,24.14312617702448,22.64516129032258
JMP Doctor 4,1,"Bulwark Giant",{5}{W},781,473,308,781,473,308,0.6056338028169014,74.80565906797233,80.1942560880518,1.7961990066931564,C,25.069767441860463,26.003246753246753
JMP Dogs 1,1,"Pack Leader",{1}{W},1163,686,477,1163,686,477,0.5898538263112639,79.21678277568401,84.57517881569528,1.7861320133370913,B,20.00145772594752,21.834381551362682
JMP Dogs 1,1,"Alpine Watchdog",{1}{W},1103,579,524,1103,579,524,0.5249320036264733,54.869260161622265,60.068702849287554,1.7331475625550954,C,20.86873920552677,22.328244274809162
JMP Dogs 1,1,"Feat of Resistance",{1}{W},1025,555,470,1025,555,470,0.5414634146341464,44.65607318816059,49.90123062723717,1.7483858130255274,D,21.27747747747748,22.74255319148936
JMP Dogs 1,1,"Pacifism",{1}{W},1047,554,493,1047,554,493,0.5291308500477555,67.25186858994357,72.49922461000025,1.7491186733522286,C,21.494584837545126,22.39553752535497
JMP Dogs 1,1,"Selfless Savior",{W},1075,551,524,1075,551,524,0.5125581395348837,58.520268025657785,63.73785491944112,1.7391956312611128,C,20.789473684210527,22.192748091603054
JMP Dogs 1,1,"Cathar's Companion",{2}{W},1024,518,506,1024,518,506,0.505859375,52.70621262038531,57.80472831102084,1.6995052302118427,C,20.87837837837838,21.83399209486166
JMP Dogs 1,1,"Release the Dogs",{3}{W},910,511,399,910,511,399,0.5615384615384615,73.01862352215394,78.3472443804715,1.7762069527725166,C,21.246575342465754,23.666666666666668
JMP Dogs 1,1,"Trusty Retriever",{3}{W},974,491,483,974,491,483,0.5041067761806981,54.533783326678,59.72832133606545,1.7315126697958172,C,21.90427698574338,22.438923395445133
JMP Dogs 1,1,"Secure the Scene",{4}{W},914,472,442,914,472,442,0.5164113785557987,66.49625308897278,71.71707885210674,1.740275254377985,C,22.76906779661017,23.138009049773757
JMP Dogs 1,1,"Affa Guard Hound",{2}{W},799,414,385,799,414,385,0.5181476846057572,61.319806281159835,66.45379662930831,1.7113301160494923,C,22.681159420289855,24.088311688311688
JMP Dogs 1,1,"Supply Runners",{4}{W},731,399,332,731,399,332,0.5458276333789329,72.05457988962321,77.27045063215272,1.7386235808431691,C,22.771929824561404,24.02409638554217
JMP Dogs 1,1,"Rambunctious Mutt",{3}{W}{W},644,284,360,644,284,360,0.4409937888198758,58.273473651570804,63.4202055719134,1.715577306780865,C,24.035211267605632,23.291666666666668
JMP Dogs 2,1,"Pack Leader",{1}{W},1120,669,451,1120,669,451,0.5973214285714286,72.6446262493064,78.13511575123746,1.8301631673103533,C,19.58744394618834,22.01330376940133
JMP Dogs 2,1,"Isamaru, Hound of Konda",{W},1021,596,425,1021,596,425,0.5837414299706171,68.87899247964594,74.29025581052255,1.8037544436255364,C,20.184563758389263,22.461176470588235
JMP Dogs 2,1,"Pacifism",{1}{W},1030,559,471,1030,559,471,0.5427184466019418,62.18921085681797,67.65160046515855,1.8207965361135263,C,21.191413237924866,22.373673036093418
JMP Dogs 2,1,"Alpine Watchdog",{1}{W},1058,550,508,1058,550,508,0.5198487712665406,45.89102655020796,51.22244325601299,1.7771389019350086,D,20.383636363636363,22.3503937007874
JMP Dogs 2,1,"Cathar's Companion",{2}{W},978,511,467,978,511,467,0.5224948875255624,57.94399683912102,63.38548624378659,1.8138298015551895,C,21.001956947162427,22.248394004282655
JMP Dogs 2,1,"Trusty Retriever",{3}{W},935,504,431,935,504,431,0.5390374331550802,79.51759604372899,84.85111071519313,1.777838223821383,B,21.853174603174605,22.80046403712297
JMP Dogs 2,1,"Dauntless Onslaught",{2}{W},842,495,347,842,495,347,0.5878859857482185,67.9612916853596,73.315422413483,1.7847102427078025,C,20.436363636363637,22.723342939481267
JMP Dogs 2,1,"Release the Dogs",{3}{W},850,494,356,850,494,356,0.5811764705882353,75.64017882033482,80.94958736099687,1.7698028468873508,C,20.945344129554655,23.264044943820224
JMP Dogs 2,1,"Secure the Scene",{4}{W},895,448,447,895,448,447,0.5005586592178771,57.43139076686113,62.82104528446112,1.7965515058666635,C,22.350446428571427,22.85682326621924
JMP Dogs 2,1,"Affa Guard Hound",{2}{W},781,429,352,781,429,352,0.5492957746478874,62.730280237225244,68.00963113322165,1.7597836319988012,C,21.76923076923077,23.693181818181817
JMP Dogs 2,1,"Supply Runners",{4}{W},732,399,333,732,399,333,0.5450819672131147,65.33367397205116,70.70688810006871,1.7910713760058508,C,22.591478696741856,24.033033033033032
JMP Dogs 2,1,"Rambunctious Mutt",{3}{W}{W},605,277,328,605,277,328,0.4578512396694215,55.7464650835942,61.09497912188718,1.7828380127643253,C,24.411552346570396,23.548780487804876
JMP Dragons 1,1,"Terror of the Peaks",{3}{R}{R},898,676,222,898,676,222,0.7527839643652561,95.0264977462397,100.3813703297926,1.7849575278509677,B,17.819526627218934,19.54054054054054
JMP Dragons 1,1,"Draconic Roar",{1}{R},1110,675,435,1110,675,435,0.6081081081081081,66.30124011656677,71.52837984877543,1.7423799107362183,C,18.462222222222223,20.057471264367816
JMP Dragons 1,1,"Lightning Shrieker",{4}{R},1079,590,489,1079,590,489,0.5468025949953661,56.7010747777165,61.76949879443405,1.6894746722391834,C,18.476271186440677,18.826175869120654
JMP Dragons 1,1,"Bathe in Dragonfire",{2}{R},1005,579,426,1005,579,426,0.5761194029850746,72.54494973433508,77.86277892011793,1.7726097285942868,C,19.065630397236614,19.880281690140844
JMP Dragons 1,1,"Dragonloft Idol",{4},940,577,363,940,577,363,0.6138297872340426,79.97563983789286,85.16561518608012,1.7299917827290894,B,18.30849220103986,19.84297520661157
JMP Dragons 1,1,"Dragon Fodder",{1}{R},955,572,383,955,572,383,0.5989528795811518,58.47158822751405,63.94271131273439,1.8237076950734477,C,18.783216783216783,19.890339425587467
JMP Dragons 1,1,"Dragon Hatchling",{1}{R},1029,556,473,1029,556,473,0.5403304178814383,66.50850146292409,71.44222985404772,1.644576130374544,C,18.532374100719423,18.88583509513742
JMP Dragons 1,1,"Rapacious Dragon",{4}{R},842,555,287,842,555,287,0.6591448931116389,71.3732620936249,76.46446876612295,1.697068890832683,C,18.338738738738737,20.334494773519165
JMP Dragons 1,1,"Dragonspeaker Shaman",{1}{R}{R},902,530,372,902,530,372,0.5875831485587583,63.17111366110575,68.47823728796332,1.7690412089525256,C,18.69433962264151,19.696236559139784
JMP Dragons 1,1,"Hellkite Punisher",{5}{R}{R},594,414,180,594,414,180,0.696969696969697,101.36065891105847,106.47347479638834,1.7042719617766264,B,19.20048309178744,20.927777777777777
JMP Dragons 1,1,"Thrill of Possibility",{1}{R},523,287,236,523,287,236,0.5487571701720841,31.821837857110793,37.01860834617755,1.7322568296889196,D,18.78745644599303,19.084745762711865
JMP Dragons 2,1,"Draconic Roar",{1}{R},1096,720,376,1096,720,376,0.656934306569343,72.6580784634772,77.7015630931384,1.6811615432204037,C,19.333333333333332,20.268617021276597
JMP Dragons 2,1,"Lightning Shrieker",{4}{R},1077,648,429,1077,648,429,0.6016713091922006,60.97161498621145,65.96897855666126,1.6657878568166034,C,19.67283950617284,18.925407925407924
JMP Dragons 2,1,"Sarkhan's Rage",{4}{R},906,622,284,906,622,284,0.6865342163355408,82.15816141357827,87.36646704200264,1.7361018761414573,B,20.059485530546624,20.87323943661972
JMP Dragons 2,1,"Gadrak, the Crown-Scourge",{2}{R},934,614,320,934,614,320,0.6573875802997858,71.51915605706722,76.7818628569469,1.7542355999598935,C,20.78338762214984,21.409375
JMP Dragons 2,1,"Dragonlord's Servant",{1}{R},946,579,367,946,579,367,0.6120507399577167,62.84642225406312,67.99200088400822,1.7151928766483666,C,19.697754749568222,20.678474114441418
JMP Dragons 2,1,"Furnace Whelp",{2}{R}{R},899,571,328,899,571,328,0.6351501668520578,88.86229454800824,93.75827023974998,1.6319918972472462,B,19.93169877408056,19.679878048780488
JMP Dragons 2,1,"Rapacious Dragon",{4}{R},792,532,260,792,532,260,0.6717171717171717,71.63654021063877,76.95971061937982,1.7743901362470151,C,20.413533834586467,21.03846153846154
JMP Dragons 2,1,"Dragon Hatchling",{1}{R},940,523,417,940,523,417,0.5563829787234043,63.29574782002361,68.37222908066289,1.692160420213094,C,20.321223709369026,19.414868105515588
JMP Dragons 2,1,"Dragon Fodder",{1}{R},859,522,337,859,522,337,0.6076833527357393,59.41684826287916,64.67922004629892,1.75412392780659,C,20.270114942528735,21.112759643916913
JMP Dragons 2,1,"Lathliss, Dragon Queen",{4}{R}{R},708,517,191,708,517,191,0.730225988700565,102.12943988641024,107.26156446908826,1.7107081942260047,A,20.586073500967117,20.75392670157068
JMP Dragons 2,1,"Hellkite Punisher",{5}{R}{R},565,394,171,565,394,171,0.6973451327433628,105.56582375183565,110.57485792724057,1.669678058468306,A,20.898477157360407,21.900584795321638
JMP Elves 1,1,"Elvish Archdruid",{1}{G}{G},1074,655,419,1074,655,419,0.6098696461824954,67.01871834343206,72.46018737165805,1.8138230094086627,C,18.83206106870229,20.14558472553699
JMP Elves 1,1,"Llanowar Visionary",{2}{G},997,612,385,997,612,385,0.6138415245737212,41.87530393141353,47.45296845050602,1.859221506364164,D,19.25326797385621,20.366233766233766
JMP Elves 1,1,"Skyway Sniper",{G},987,589,398,987,589,398,0.596757852077001,64.15207431788782,69.66781374511741,1.8385798090765282,C,19.75891341256367,20.673366834170853
JMP Elves 1,1,"Wildheart Invoker",{2}{G}{G},995,587,408,995,587,408,0.5899497487437186,70.16490516326877,75.3932702284493,1.7427883550601744,C,19.74105621805792,20.29901960784314
JMP Elves 1,1,"Dwynen's Elite",{1}{G},1022,583,439,1022,583,439,0.5704500978473581,71.25807297191146,76.58903675887244,1.776987928986991,C,19.569468267581474,19.970387243735765
JMP Elves 1,1,"Silhana Wayfinder",{1}{G},954,546,408,954,546,408,0.5723270440251572,58.048702895395735,63.628921198838796,1.860072767814355,C,19.895604395604394,20.34313725490196
JMP Elves 1,1,"Ghirapur Guide",{2}{G},989,544,445,989,544,445,0.5500505561172901,65.87297340440333,71.27313508945429,1.8000538950169889,C,20.264705882352942,20.334831460674156
JMP Elves 1,1,"Titanic Growth",{1}{G},904,530,374,904,530,374,0.5862831858407079,64.37785180839212,69.80969511935447,1.8106144369874517,C,19.60566037735849,20.058823529411764
JMP Elves 1,1,"Presence of Gond",{2}{G},957,516,441,957,516,441,0.5391849529780565,43.23225270673658,48.580344871722346,1.7826973883285875,D,20.166666666666668,19.6734693877551
JMP Elves 1,1,"Hunter's Edge",{3}{G},753,488,265,753,488,265,0.648074369189907,74.71141384820042,80.33024097852314,1.872942376774239,C,19.506147540983605,21.449056603773585
JMP Elves 1,1,"Craterhoof Behemoth",{5}{G}{G}{G},556,475,81,556,475,81,0.85431654676259,119.90307210941253,125.60615885189742,1.901028914161629,A,19.65684210526316,23.02469135802469
JMP Elves 1,1,"Crushing Canopy",{2}{G},402,210,192,402,210,192,0.5223880597014925,58.756742976372514,64.11937462458603,1.7875438827378385,C,22.004761904761907,20.723958333333332
JMP Elves 2,1,"Leaf Gilder",{1}{G},1152,619,533,1152,619,533,0.5373263888888888,46.66495274670268,51.88819509400015,1.7410807824324912,D,19.836833602584814,22.76172607879925
JMP Elves 2,1,"Llanowar Visionary",{2}{G},1083,611,472,1083,611,472,0.564173591874423,44.112425966252445,49.30525692230125,1.7309436520162669,D,19.69558101472995,22.735169491525422
JMP Elves 2,1,"Wren's Run Vanquisher",{1}{G},1107,608,499,1107,608,499,0.5492321589882565,74.96241564993099,80.26060354754048,1.7660626325364996,C,19.991776315789473,22.4749498997996
JMP Elves 2,1,"Wildheart Invoker",{2}{G}{G},1104,597,507,1104,597,507,0.5407608695652174,77.37635238523848,82.54836423266136,1.724003949140962,B,20.31825795644891,22.595660749506905
JMP Elves 2,1,"Dwynen's Elite",{1}{G},1070,585,485,1070,585,485,0.5467289719626168,63.85129506167081,69.23003512924546,1.7929133558582193,C,20.124786324786324,22.760824742268042
JMP Elves 2,1,"Skyway Sniper",{G},1111,572,539,1111,572,539,0.5148514851485149,58.33424796010701,63.71927600740128,1.7950093490980905,C,20.234265734265733,22.32282003710575
JMP Elves 2,1,"Titanic Growth",{1}{G},1071,557,514,1071,557,514,0.5200746965452848,53.75098679993184,58.999861949681446,1.7496250499165353,C,19.89407540394973,22.08171206225681
JMP Elves 2,1,"Presence of Gond",{2}{G},1063,539,524,1063,539,524,0.5070555032925682,49.56500683617055,54.83938707874717,1.7581267475255418,D,20.558441558441558,21.564885496183205
JMP Elves 2,1,"Allosaurus Shepherd",{G},1048,534,514,1048,534,514,0.5095419847328244,42.293154877620125,47.69725303776268,1.8013660533808498,D,20.301498127340825,22.16536964980545
JMP Elves 2,1,"Hunter's Edge",{3}{G},871,534,337,871,534,337,0.6130884041331802,76.11422068268718,81.50876427795943,1.798181198424087,C,20.024344569288388,23.356083086053413
JMP Elves 2,1,"Silhana Wayfinder",{1}{G},1004,503,501,1004,503,501,0.500996015936255,47.56562344224464,52.855847292634714,1.7634079501300222,D,20.24055666003976,22.397205588822356
JMP Elves 2,1,"Crushing Canopy",{2}{G},470,225,245,470,225,245,0.4787234042553192,60.92559613616899,65.95404476560982,1.676149543146943,C,21.755555555555556,23.220408163265308
JMP Enchanted 1,1,"Faith's Fetters",{3}{W},1145,712,433,1145,712,433,0.6218340611353712,76.90649391328729,82.40252887447188,1.8320116537281972,B,22.126404494382022,24.420323325635103
JMP Enchanted 1,1,"Blessed Spirits",{2}{W},1181,710,471,1181,710,471,0.6011854360711262,71.18668707776352,76.55612204155685,1.7898116545977731,C,21.00281690140845,22.67515923566879
JMP Enchanted 1,1,"Dub",{2}{W},1117,708,409,1117,708,409,0.6338406445837064,70.17353606084079,75.56254651298339,1.7963368173808651,C,21.14406779661017,23.056234718826406
JMP Enchanted 1,1,"Anointed Chorister",{W},1152,688,464,1152,688,464,0.5972222222222222,74.11478824881453,79.60759752468014,1.8309364252885394,C,21.67296511627907,23.198275862068964
JMP Enchanted 1,1,"Face of Divinity",{2}{W},1100,656,444,1100,656,444,0.5963636363636363,54.87382084417525,60.27706392808692,1.8010810279705571,C,21.350609756097562,22.963963963963963
JMP Enchanted 1,1,"Knightly Valor",{4}{W},999,648,351,999,648,351,0.6486486486486487,77.99682223309992,83.51679552235389,1.8399910964179893,B,21.959876543209877,24.74928774928775
JMP Enchanted 1,1,"Stone Haven Pilgrim",{1}{W},1074,643,431,1074,643,431,0.5986964618249534,69.16561990222274,74.54058800091549,1.7916560328975832,C,21.874027993779162,23.5707656612529
JMP Enchanted 1,1,"Forced Worship",{1}{W},1134,631,503,1134,631,503,0.5564373897707231,48.66948108633173,54.084582106756784,1.8050336734750185,D,22.765451664025356,23.268389662027833
JMP Enchanted 1,1,"Indomitable Will",{1}{W},980,623,357,980,623,357,0.6357142857142857,60.32790128823783,65.78358624123372,1.8185616509986298,C,21.853932584269664,23.868347338935575
JMP Enchanted 1,1,"Kor Spiritdancer",{1}{W},997,595,402,997,595,402,0.59679037111334,49.806864498719676,55.22554629163967,1.8062272643066626,D,22.250420168067226,22.50995024875622
JMP Enchanted 1,1,"Trusty Retriever",{3}{W},1019,585,434,1019,585,434,0.5740922473012757,56.002696406387614,61.36567903653949,1.7876608767172912,C,22.835897435897436,23.20967741935484
JMP Enchanted 1,1,"Knight of the Tusk",{4}{W}{W},761,433,328,761,433,328,0.568988173455979,67.20808934302832,72.57199404049395,1.787968232488543,C,24.983833718244803,25.402439024390244
JMP Enchanted 2,1,"Blessed Spirits",{2}{W},1182,713,469,1182,713,469,0.6032148900169205,89.61833196375908,95.10520319836428,1.8289570782017357,B,21.94389901823282,24.21321961620469
JMP Enchanted 2,1,"Faith's Fetters",{3}{W},1142,651,491,1142,651,491,0.5700525394045534,69.86641600195367,75.43466810400875,1.8560840340183593,C,22.712749615975422,25.602851323828922
JMP Enchanted 2,1,"Stone Haven Pilgrim",{1}{W},1122,624,498,1122,624,498,0.5561497326203209,59.991927810542165,65.41293449996023,1.8070022298060209,C,22.371794871794872,24.443775100401606
JMP Enchanted 2,1,"Face of Divinity",{2}{W},1059,602,457,1059,602,457,0.5684608120868744,53.234287037879675,58.67610589808805,1.813939620069459,C,22.333887043189367,24.39387308533917
JMP Enchanted 2,1,"Knightly Valor",{4}{W},959,601,358,959,601,358,0.6266944734098019,78.07779960630752,83.61062558754601,1.844275327079498,B,22.90848585690516,26.33240223463687
JMP Enchanted 2,1,"Staunch Shieldmate",{W},1121,600,521,1121,600,521,0.5352363960749331,57.82543643930386,63.29403436535705,1.8228659753510628,C,22.773333333333333,23.900191938579656
JMP Enchanted 2,1,"Forced Worship",{1}{W},1126,581,545,1126,581,545,0.5159857904085258,54.59714697137283,60.010873062068555,1.8045753635652417,C,23.23407917383821,24.677064220183485
JMP Enchanted 2,1,"Indomitable Will",{1}{W},1029,570,459,1029,570,459,0.5539358600583091,49.033847044100284,54.45045642955989,1.80553646181987,D,22.403508771929825,25.098039215686274
JMP Enchanted 2,1,"Trusty Retriever",{3}{W},1011,526,485,1011,526,485,0.5202769535113749,57.27876024966674,62.68084906375235,1.8006962713618704,C,23.982889733840302,25.076288659793814
JMP Enchanted 2,1,"Ajani's Chosen",{2}{W}{W},1014,519,495,1014,519,495,0.5118343195266272,52.44201039596382,57.90656557545961,1.8215183931652623,C,23.853564547206165,25.10909090909091
JMP Enchanted 2,1,"Celestial Mantle",{3}{W}{W}{W},810,507,303,810,507,303,0.6259259259259259,83.10376036336515,88.5832106748537,1.82648343716285,B,23.93885601577909,28.13201320132013
JMP Enchanted 2,1,"Bulwark Giant",{5}{W},748,409,339,748,409,339,0.5467914438502673,81.79969698770853,87.15377592943474,1.784692980575403,B,26.21271393643032,27.99410029498525
JMP Feathered Friends 1,1,"Healer's Hawk",{W},1059,594,465,1059,594,465,0.5609065155807366,64.4050330637002,69.84999875621334,1.814988564171045,C,20.772727272727273,22.666666666666668
JMP Feathered Friends 1,1,"Aven Gagglemaster",{3}{W}{W},963,587,376,963,587,376,0.6095534787123572,97.86777874620171,103.32263933542718,1.8182868630751605,B,21.798977853492335,23.034574468085108
JMP Feathered Friends 1,1,"Moment of Heroism",{1}{W},1036,578,458,1036,578,458,0.5579150579150579,65.5727493153242,70.8524412281194,1.7598973042650674,C,21.868512110726645,23.38646288209607
JMP Feathered Friends 1,1,"Concordia Pegasus",{1}{W},1069,572,497,1069,572,497,0.5350795135640786,62.75269485369993,68.09471236101076,1.7806725024369447,C,21.445804195804197,22.498993963782695
JMP Feathered Friends 1,1,"Dauntless Onslaught",{2}{W},906,561,345,906,561,345,0.6192052980132451,68.06580755241481,73.49338975520693,1.809194067597376,C,21.663101604278076,23.055072463768116
JMP Feathered Friends 1,1,"Sky Tether",{W},1073,550,523,1073,550,523,0.5125815470643057,46.55735843446264,52.08322495600768,1.841955507181681,D,22.369090909090907,22.881453154875718
JMP Feathered Friends 1,1,"Celestial Enforcer",{2}{W},1082,547,535,1082,547,535,0.5055452865064695,58.71761351937056,64.20692592550105,1.8297708020434988,C,22.038391224862888,22.43551401869159
JMP Feathered Friends 1,1,"Falconer Adept",{3}{W},1004,520,484,1004,520,484,0.5179282868525896,68.3085835558068,73.64170871110265,1.7777083850986144,C,21.940384615384616,22.59090909090909
JMP Feathered Friends 1,1,"Steel-Plume Marshal",{3}{W}{W},876,514,362,876,514,362,0.58675799086758,80.01596049151976,85.27581358125116,1.7532843632437978,B,21.889105058365757,23.49171270718232
JMP Feathered Friends 1,1,"Warded Battlements",{2}{W},968,497,471,968,497,471,0.5134297520661157,57.18538754368188,62.51732288568503,1.7773117806677183,C,21.694164989939637,22.53927813163482
JMP Feathered Friends 1,1,"Aerial Assault",{2}{W},971,439,532,971,439,532,0.45211122554067973,62.28925631828511,67.641118220944,1.783953967552962,C,23.104783599088837,22.678571428571427
JMP Feathered Friends 1,1,"Gale Swooper",{3}{W},28,21,7,28,21,7,0.75,96.7451442156256,108.32269825727097,3.8591846805484593,B,21.904761904761905,24.428571428571427
JMP Feathered Friends 2,1,"Healer's Hawk",{W},1075,598,477,1075,598,477,0.5562790697674419,63.672025119391705,68.86791824418287,1.7319643749303903,C,20.75083612040134,22.360587002096437
JMP Feathered Friends 2,1,"Aven Gagglemaster",{3}{W}{W},997,587,410,997,587,410,0.5887662988966901,87.77435747484652,92.88368463878471,1.7031090546460628,B,21.38841567291312,23.573170731707318
JMP Feathered Friends 2,1,"Celestial Enforcer",{2}{W},1142,585,557,1142,585,557,0.5122591943957968,64.1811898430119,69.34795410794442,1.7222547549775078,C,21.415384615384614,22.40394973070018
JMP Feathered Friends 2,1,"Sky Tether",{W},1063,551,512,1063,551,512,0.5183443085606774,55.33032887686806,60.66346363090352,1.7777115846784886,C,21.816696914700543,22.76953125
JMP Feathered Friends 2,1,"Tandem Tactics",{1}{W},925,537,388,925,537,388,0.5805405405405405,66.6823320266889,72.09826030661661,1.8053094266425709,C,21.258845437616387,23.59278350515464
JMP Feathered Friends 2,1,"Warded Battlements",{2}{W},999,533,466,999,533,466,0.5335335335335335,51.896765936333665,57.086234958839455,1.7298230075019294,C,21.615384615384617,22.63304721030043
JMP Feathered Friends 2,1,"Swift Response",{1}{W},1026,529,497,1026,529,497,0.5155945419103314,61.95461935688646,67.14639989124142,1.730593511451651,C,22.321361058601134,22.81086519114688
JMP Feathered Friends 2,1,"Concordia Pegasus",{1}{W},1042,528,514,1042,528,514,0.5067178502879078,54.35897195692617,59.60203657492889,1.7476882060009076,C,21.22537878787879,22.260700389105057
JMP Feathered Friends 2,1,"Falconer Adept",{3}{W},1008,528,480,1008,528,480,0.5238095238095238,71.9548155435352,77.00583344379558,1.683672633420123,C,21.111742424242426,22.95
JMP Feathered Friends 2,1,"Steel-Plume Marshal",{3}{W}{W},915,501,414,915,501,414,0.5475409836065573,78.78922541885215,83.94213683607288,1.7176371390735732,B,21.345309381237524,23.198067632850243
JMP Feathered Friends 2,1,"Angelic Ascension",{1}{W},394,203,191,394,203,191,0.5152284263959391,66.73594284836223,72.06736436211551,1.7771405045844293,C,23.91625615763547,24.69633507853403
JMP Feathered Friends 2,1,"Gale Swooper",{3}{W},30,21,9,30,21,9,0.7,85.9627588763193,97.57234515610656,3.869862093262424,B,20.142857142857142,23.444444444444443
JMP Feathered Friends 3,1,"Healer's Hawk",{W},1072,631,441,1072,631,441,0.5886194029850746,73.84363550099897,79.15694134522346,1.7711019480748316,C,21.743264659271,22.113378684807255
JMP Feathered Friends 3,1,"Concordia Pegasus",{1}{W},1085,612,473,1085,612,473,0.5640552995391706,68.38461317209125,73.86461210937333,1.8266663124273588,C,21.915032679738562,21.758985200845665
JMP Feathered Friends 3,1,"Celestial Enforcer",{2}{W},1118,603,515,1118,603,515,0.539355992844365,63.475588398925126,68.8899762391414,1.8047959467387586,C,22.66832504145937,21.59611650485437
JMP Feathered Friends 3,1,"Aven Gagglemaster",{3}{W}{W},958,597,361,958,597,361,0.6231732776617954,91.590204541649,96.90110283107131,1.7702994298074368,B,21.986599664991626,22.67590027700831
JMP Feathered Friends 3,1,"Take Heart",{W},974,592,382,974,592,382,0.6078028747433265,62.59396039583447,68.09023530615869,1.8320916367747384,C,22.04560810810811,22.12565445026178
JMP Feathered Friends 3,1,"Dauntless Onslaught",{2}{W},985,572,413,985,572,413,0.5807106598984771,55.7272639960793,61.02983978562916,1.7675252631832858,C,22.005244755244757,21.447941888619855
JMP Feathered Friends 3,1,"Falconer Adept",{3}{W},993,558,435,993,558,435,0.5619335347432024,59.62102097221749,65.00753482612754,1.7955046179700183,C,22.238351254480285,21.914942528735633
JMP Feathered Friends 3,1,"Sky Tether",{W},1047,548,499,1047,548,499,0.5234001910219676,42.158077078705446,47.478198621619825,1.7733738476381251,D,23.264598540145986,21.96793587174349
JMP Feathered Friends 3,1,"Swift Response",{1}{W},1026,544,482,1026,544,482,0.530214424951267,56.80791936566693,62.209701371660046,1.8005940019977054,C,22.863970588235293,21.771784232365146
JMP Feathered Friends 3,1,"Warded Battlements",{2}{W},989,521,468,989,521,468,0.5267947421638018,57.18269327731155,62.613786397039256,1.8103643732425678,C,22.535508637236084,21.735042735042736
JMP Feathered Friends 3,1,"Angel of the Dire Hour",{5}{W}{W},333,255,78,333,255,78,0.7657657657657657,152.6324733537517,158.33846444826656,1.901997031504955,S,26.113725490196078,27.141025641025642
JMP Feathered Friends 3,1,"Gale Swooper",{3}{W},22,14,8,22,14,8,0.6363636363636364,58.521128651304075,71.62050981986012,4.366460389518681,C,19.642857142857142,23.75
JMP Feathered Friends 4,1,"Archon of Justice",{3}{W}{W},1016,651,365,1016,651,365,0.640748031496063,95.55179297753716,100.80340777180513,1.75053826475599,B,21.668202764976957,23.654794520547945
JMP Feathered Friends 4,1,"Healer's Hawk",{W},1080,616,464,1080,616,464,0.5703703703703704,69.13497826771057,74.57094274451975,1.8119881589363964,C,21.165584415584416,22.91810344827586
JMP Feathered Friends 4,1,"Celestial Enforcer",{2}{W},1108,611,497,1108,611,497,0.5514440433212996,66.259230027228,71.68999232828806,1.8102541003533512,C,21.775777414075286,23.10865191146881
JMP Feathered Friends 4,1,"Archon of Redemption",{3}{W}{W},904,579,325,904,579,325,0.6404867256637168,97.84005767087314,103.34494498243514,1.8349624371873337,B,22.19516407599309,24.698461538461537
JMP Feathered Friends 4,1,"Concordia Pegasus",{1}{W},1089,569,520,1089,569,520,0.5224977043158862,58.377135974399934,63.7884002071726,1.8037547442575557,C,21.411247803163445,22.067307692307693
JMP Feathered Friends 4,1,"Warded Battlements",{2}{W},1056,567,489,1056,567,489,0.5369318181818182,54.170354142619345,59.5482946767141,1.7926468446982529,C,21.85185185185185,22.21472392638037
JMP Feathered Friends 4,1,"Dauntless Onslaught",{2}{W},964,558,406,964,558,406,0.578838174273859,60.55752508233756,65.93276232876346,1.791745748808633,C,21.75627240143369,22.844827586206897
JMP Feathered Friends 4,1,"Falconer Adept",{3}{W},1005,546,459,1005,546,459,0.5432835820895522,64.82337251200647,70.09869776503822,1.7584417510105859,C,21.5989010989011,22.81263616557734
JMP Feathered Friends 4,1,"Sky Tether",{W},1065,540,525,1065,540,525,0.5070422535211268,55.22031810163771,60.69558752490854,1.8250898077569435,C,22.553703703703704,23.102857142857143
JMP Feathered Friends 4,1,"Aegis of the Heavens",{1}{W},941,536,405,941,536,405,0.5696068012752391,58.87405442945704,64.28666235399785,1.804202641513604,C,21.91044776119403,23.02716049382716
JMP Feathered Friends 4,1,"Aerial Assault",{2}{W},921,426,495,921,426,495,0.46254071661237783,65.44318490333853,70.89040070741275,1.8157386013580723,C,23.354460093896712,22.763636363636362
JMP Feathered Friends 4,1,"Gale Swooper",{3}{W},27,20,7,27,20,7,0.7407407407407407,63.79017474857397,74.61261286329808,3.607479371574705,C,21.05,21.857142857142858
JMP Garruk,1,"Garruk's Harbinger",{1}{G}{G},1022,634,388,1022,634,388,0.6203522504892368,68.53176016457182,73.91953226152275,1.7959240323169754,C,19.82807570977918,21.02061855670103
JMP Garruk,1,"Rumbling Baloth",{2}{G}{G},981,616,365,981,616,365,0.6279306829765545,69.45563044060256,74.77446086063935,1.7729434733455964,C,19.73051948051948,21.04931506849315
JMP Garruk,1,"Brushstrider",{1}{G},1058,604,454,1058,604,454,0.5708884688090737,52.117838775863376,57.622587818371485,1.834916347502702,C,20.06953642384106,20.89647577092511
JMP Garruk,1,"Orazca Frillback",{2}{G},1010,588,422,1010,588,422,0.5821782178217821,55.44423832988933,60.89755016699512,1.817770612368595,C,20.112244897959183,20.869668246445496
JMP Garruk,1,"Ranger's Guile",{G},834,573,261,834,573,261,0.6870503597122302,66.29721794193807,71.82283978048197,1.8418739461812992,C,20.474694589877835,21.915708812260537
JMP Garruk,1,"Garruk's Gorehorn",{4}{G},951,571,380,951,571,380,0.6004206098843323,65.80680124967698,71.17270643571766,1.7886350620135578,C,20.74430823117338,21.097368421052632
JMP Garruk,1,"Affectionate Indrik",{5}{G},850,570,280,850,570,280,0.6705882352941176,84.11483193610711,89.60265806531618,1.8292753764030243,B,20.98421052631579,22.385714285714286
JMP Garruk,1,"Drowsing Tyrannodon",{1}{G},956,562,394,956,562,394,0.5878661087866108,58.10507290770754,63.59013483578683,1.8283539760264307,C,20.001779359430603,21.502538071065988
JMP Garruk,1,"Hunter's Edge",{3}{G},798,553,245,798,553,245,0.6929824561403509,72.09980653879865,77.71694170651455,1.8723783892386314,C,19.924050632911392,21.99591836734694
JMP Garruk,1,"Garruk, Unleashed",{2}{G}{G},810,495,315,810,495,315,0.6111111111111112,74.94269327292619,80.15634309426902,1.7378832737809404,C,20.939393939393938,22.3015873015873
JMP Garruk,1,"Garruk's Uprising",{2}{G},841,486,355,841,486,355,0.5778834720570749,31.238930898585195,36.789130689702446,1.8500665970390835,D,20.781893004115226,20.532394366197185
JMP Goblins 1,1,"Goblin Instigator",{1}{R},1141,711,430,1141,711,430,0.6231375985977213,62.51378583670577,67.88967602333389,1.7919633955427072,C,19.59353023909986,22.393023255813954
JMP Goblins 1,1,"Boggart Brute",{2}{R},1206,697,509,1206,697,509,0.5779436152570481,56.79597964436527,62.07491616678088,1.7596455074718704,C,19.414634146341463,21.726915520628683
JMP Goblins 1,1,"Ornery Goblin",{1}{R},1153,687,466,1153,687,466,0.5958369470945359,57.28097955209128,62.69021104905323,1.8030771656539843,C,19.540029112081513,22.032188841201716
JMP Goblins 1,1,"Goblin Arsonist",{R},1113,650,463,1113,650,463,0.5840071877807727,44.0207548826111,49.44677534971677,1.8086734890352252,D,19.57846153846154,22.047516198704102
JMP Goblins 1,1,"Beetleback Chief",{2}{R}{R},1021,644,377,1021,644,377,0.6307541625857003,72.89002839186627,78.19126603879737,1.7670792156436985,C,19.982919254658384,22.55702917771883
JMP Goblins 1,1,"Shock",{R},1082,643,439,1082,643,439,0.5942698706099815,58.58418200787619,64.08006185741499,1.831959949846267,C,19.64696734059098,21.57630979498861
JMP Goblins 1,1,"Goblin Shortcutter",{1}{R},1068,638,430,1068,638,430,0.5973782771535581,56.529470579434566,61.913851633419796,1.794793684661744,C,19.937304075235108,21.872093023255815
JMP Goblins 1,1,"Outnumber",{R},1012,612,400,1012,612,400,0.6047430830039525,63.08815110420787,68.42663603720507,1.7794949776657345,C,19.769607843137255,22.1225
JMP Goblins 1,1,"Goblin Commando",{4}{R},864,538,326,864,538,326,0.6226851851851852,75.79183501048928,81.06013247344336,1.7560991543180258,C,20.483271375464685,23.438650306748468
JMP Goblins 1,1,"Volley Veteran",{3}{R},738,505,233,738,505,233,0.6842818428184282,84.64167209087815,89.99388687976744,1.7840715962964315,B,20.899009900990098,24.69527896995708
JMP Goblins 1,1,"Makeshift Munitions",{1}{R},947,486,461,947,486,461,0.5131995776135164,45.12394685821402,50.63302917944804,1.8363607737446728,D,20.125514403292183,21.284164859002168
JMP Goblins 1,1,"Muxus, Goblin Grandee",{4}{R}{R},677,465,212,677,465,212,0.6868537666174298,54.361487209315264,59.73825398945024,1.7922555933783264,C,20.791397849462367,24.193396226415093
JMP Goblins 2,1,"Battle-Rattle Shaman",{3}{R},1153,626,527,1153,626,527,0.5429314830875975,64.23819071368007,69.61364140245651,1.7918168962588128,C,19.159744408945688,21.06831119544592
JMP Goblins 2,1,"Boggart Brute",{2}{R},1136,623,513,1136,623,513,0.5484154929577465,64.50889945495615,69.9251082947502,1.8054029465980184,C,19.040128410914928,21.34307992202729
JMP Goblins 2,1,"Goblin Instigator",{1}{R},1069,597,472,1069,597,472,0.558465855940131,55.81070665205207,61.07451518949719,1.7546028458150404,C,18.98324958123953,21.675847457627118
JMP Goblins 2,1,"Goblin Shortcutter",{1}{R},1086,588,498,1086,588,498,0.5414364640883977,57.3377561387806,62.606594849799265,1.7562795703395564,C,19.525510204081634,21.31726907630522
JMP Goblins 2,1,"Ornery Goblin",{1}{R},1072,568,504,1072,568,504,0.5298507462686567,61.61391614781538,67.0923468152557,1.8261435558134378,C,19.387323943661972,21.307539682539684
JMP Goblins 2,1,"Goblin Arsonist",{R},1055,549,506,1055,549,506,0.5203791469194313,50.253093890226154,55.56875677081746,1.7718876268637669,D,18.99271402550091,21.474308300395258
JMP Goblins 2,1,"Outnumber",{R},950,536,414,950,536,414,0.5642105263157895,63.904293981516766,69.41862013608245,1.8381087181885625,C,19.39179104477612,21.833333333333332
JMP Goblins 2,1,"Beetleback Chief",{2}{R}{R},951,531,420,951,531,420,0.5583596214511041,61.57500973304066,66.80599986892337,1.74366337862757,C,19.58003766478343,22.14047619047619
JMP Goblins 2,1,"Goblin Commando",{4}{R},861,484,377,861,484,377,0.562137049941928,68.49972355496179,73.78035172420796,1.7602093897487228,C,20.18388429752066,22.350132625994696
JMP Goblins 2,1,"Burn Bright",{2}{R},705,465,240,705,465,240,0.6595744680851063,64.35390632045306,69.72428157058935,1.790125083378764,C,18.75698924731183,21.716666666666665
JMP Goblins 2,1,"Makeshift Munitions",{1}{R},868,397,471,868,397,471,0.4573732718894009,47.07699619611558,52.55275397353071,1.82525259247171,D,19.954659949622165,20.45647558386412
JMP Goblins 2,1,"Muxus, Goblin Grandee",{4}{R}{R},655,389,266,655,389,266,0.5938931297709924,38.178268668934706,43.54631040360985,1.7893472448917145,D,20.68637532133676,23.43984962406015
JMP Goblins 3,1,"Goblin Chieftain",{1}{R}{R},1033,716,317,1033,716,317,0.6931268151016456,72.67033408174228,78.16142351841731,1.8303631455583418,C,17.110335195530727,19.933753943217667
JMP Goblins 3,1,"Shock",{R},1056,663,393,1056,663,393,0.6278409090909091,62.36514234606457,67.8420539955097,1.8256372164817083,C,18.164404223227752,20.666666666666668
JMP Goblins 3,1,"Goblin Goon",{3}{R},1007,632,375,1007,632,375,0.6276067527308838,68.46677891367725,73.97516889889532,1.8361299950726906,C,17.656645569620252,19.309333333333335
JMP Goblins 3,1,"Boggart Brute",{2}{R},1001,619,382,1001,619,382,0.6183816183816184,62.195942855222725,67.60632329910325,1.803460147960176,C,17.91114701130856,20.604712041884817
JMP Goblins 3,1,"Ornery Goblin",{1}{R},948,599,349,948,599,349,0.6318565400843882,60.403208245508225,65.80808189773879,1.8016245507435216,C,17.97161936560935,20.813753581661892
JMP Goblins 3,1,"Goblin Arsonist",{R},974,597,377,974,597,377,0.6129363449691991,51.10201375540391,56.3605337412288,1.752839995274964,C,18.060301507537687,20.50397877984085
JMP Goblins 3,1,"Goblin Instigator",{1}{R},951,595,356,951,595,356,0.6256572029442692,61.59516980358374,67.11519618166703,1.8400087926944304,C,18.03529411764706,20.828651685393258
JMP Goblins 3,1,"Beetleback Chief",{2}{R}{R},825,540,285,825,540,285,0.6545454545454545,68.70334705883103,74.00428126351102,1.7669780682266636,C,18.885185185185186,21.2
JMP Goblins 3,1,"Goblin Shortcutter",{1}{R},862,521,341,862,521,341,0.6044083526682135,59.17244929697282,64.59878677220414,1.808779158410439,C,18.479846449136275,20.69208211143695
JMP Goblins 3,1,"Volley Veteran",{3}{R},644,464,180,644,464,180,0.7204968944099379,84.00348971155566,89.65071654523166,1.8824089445586665,B,18.95689655172414,22.522222222222222
JMP Goblins 3,1,"Goblin Commando",{4}{R},647,424,223,647,424,223,0.6553323029366306,65.17941631112608,70.56332758586657,1.794637091580164,C,19.83254716981132,21.63677130044843
JMP Goblins 3,1,"Makeshift Munitions",{1}{R},815,416,399,815,416,399,0.5104294478527608,42.87589448935827,48.193595883077414,1.7725671312397167,D,19.58653846153846,19.924812030075188
JMP Goblins 4,1,"Boggart Brute",{2}{R},1140,608,532,1140,608,532,0.5333333333333333,70.17711844135526,75.56254787340757,1.7951431440174348,C,19.09703947368421,20.783834586466167
JMP Goblins 4,1,"Outnumber",{R},1092,606,486,1092,606,486,0.554945054945055,58.00797892375279,63.343844292696716,1.7786217896479755,C,19.49009900990099,21.502057613168724
JMP Goblins 4,1,"Krenko, Mob Boss",{2}{R}{R},1031,576,455,1031,576,455,0.5586808923375364,81.66513460564657,86.81038094454169,1.7150821129650398,B,19.991319444444443,20.83076923076923
JMP Goblins 4,1,"Ornery Goblin",{1}{R},1121,572,549,1121,572,549,0.5102586975914363,57.51640132738038,62.75976342927363,1.7477873672977517,C,19.65034965034965,20.934426229508198
JMP Goblins 4,1,"Goblin Instigator",{1}{R},1040,553,487,1040,553,487,0.5317307692307692,53.96692243784902,59.17934026714167,1.737472609764216,C,19.155515370705245,21.2217659137577
JMP Goblins 4,1,"Goblin Shortcutter",{1}{R},1027,543,484,1027,543,484,0.5287244401168452,55.708300183190865,61.01629385184286,1.769331222883998,C,19.589318600368323,20.871900826446282
JMP Goblins 4,1,"Burn Bright",{2}{R},769,506,263,769,506,263,0.657997399219766,66.85043637554759,72.18303054264426,1.7775313890322264,C,18.958498023715414,21.79467680608365
JMP Goblins 4,1,"Goblin Arsonist",{R},1019,491,528,1019,491,528,0.4818449460255152,50.7179701562781,56.096798025529885,1.7929426230839278,D,19.725050916496944,20.416666666666668
JMP Goblins 4,1,"Goblin Commando",{4}{R},832,460,372,832,460,372,0.5528846153846154,66.85853087212125,72.1661283998454,1.7691991759080523,C,20.41304347826087,21.862903225806452
JMP Goblins 4,1,"Makeshift Munitions",{1}{R},968,423,545,968,423,545,0.4369834710743802,34.68349423975665,40.05028985790672,1.7889318727166899,D,20.32387706855792,20.526605504587156
JMP Goblins 4,1,"Goblin Lore",{1}{R},840,405,435,840,405,435,0.48214285714285715,32.39884757110391,37.65994678023212,1.7536997363760711,D,20.641975308641975,21.211494252873564
JMP Goblins 4,1,"Goblin Rally",{3}{R}{R},757,401,356,757,401,356,0.5297225891677675,71.23063338746445,76.34480290625594,1.7047231729304941,C,20.59850374064838,22.528089887640448
JMP Heavily Armored 1,1,"Feat of Resistance",{1}{W},994,564,430,994,564,430,0.5674044265593562,60.19804157546912,65.53714432323424,1.7797009159217088,C,21.01063829787234,20.490697674418605
JMP Heavily Armored 1,1,"Basri's Solidarity",{1}{W},1118,562,556,1118,562,556,0.5026833631484794,44.887749891862285,50.282196785526374,1.7981489645546975,D,20.91103202846975,19.95863309352518
JMP Heavily Armored 1,1,"Makeshift Battalion",{2}{W},1048,544,504,1048,544,504,0.5190839694656488,64.6039010953094,70.02337642688009,1.8064917771902296,C,21.073529411764707,20.285714285714285
JMP Heavily Armored 1,1,"Tempered Veteran",{1}{W},1010,533,477,1010,533,477,0.5277227722772277,58.40919078904228,63.77726116157953,1.7893567908457513,C,21.095684803001877,20.21593291404612
JMP Heavily Armored 1,1,"Trusty Retriever",{3}{W},961,532,429,961,532,429,0.5535900104058272,60.56583055342751,66.04097550493329,1.8250483171685927,C,21.6296992481203,20.895104895104897
JMP Heavily Armored 1,1,"Basri's Acolyte",{2}{W}{W},930,525,405,930,525,405,0.5645161290322581,75.35272928764523,80.76095594845168,1.8027422202688148,C,21.815238095238094,21.639506172839507
JMP Heavily Armored 1,1,"Lightwalker",{1}{W},1002,519,483,1002,519,483,0.5179640718562875,52.66350016814031,58.058269156254795,1.7982563293714942,C,20.674373795761078,20.695652173913043
JMP Heavily Armored 1,1,"Siege Striker",{2}{W},956,496,460,956,496,460,0.5188284518828452,51.124496350291906,56.50601273121055,1.7938387936395475,C,21.25201612903226,21.117391304347827
JMP Heavily Armored 1,1,"Patron of the Valiant",{3}{W}{W},696,481,215,696,481,215,0.6910919540229885,92.39349383438051,97.92754381984108,1.8446833284868587,B,21.517671517671516,23.432558139534883
JMP Heavily Armored 1,1,"Secure the Scene",{4}{W},875,464,411,875,464,411,0.5302857142857142,61.71702525867148,67.07311976012194,1.7853648338168207,C,22.75,21.209245742092456
JMP Heavily Armored 1,1,"Cathars' Crusade",{3}{W}{W},780,433,347,780,433,347,0.5551282051282052,56.10198315658261,61.7472555143205,1.8817574525792955,C,21.854503464203233,20.377521613832855
JMP Heavily Armored 1,1,"Bulwark Giant",{5}{W},703,430,273,703,430,273,0.6116642958748222,84.16063083176529,89.81491577973135,1.8847616493220223,B,23.46046511627907,24.102564102564102
JMP Heavily Armored 2,1,"Basri's Acolyte",{2}{W}{W},953,554,399,953,554,399,0.5813221406086044,67.71282671520923,73.20728668128561,1.8314866553587936,C,21.839350180505416,21.030075187969924
JMP Heavily Armored 2,1,"Gird for Battle",{W},1065,550,515,1065,550,515,0.5164319248826291,51.019500467252335,56.341257021413796,1.7739188513871536,C,21.17818181818182,20.01359223300971
JMP Heavily Armored 2,1,"Battlefield Promotion",{1}{W},899,549,350,899,549,350,0.610678531701891,65.7801658572906,71.0243222291942,1.7480521239678672,C,21.491803278688526,20.74
JMP Heavily Armored 2,1,"Trusty Retriever",{3}{W},937,525,412,937,525,412,0.5602988260405549,62.04048505876166,67.46008856061505,1.8065345006177957,C,21.99047619047619,20.82766990291262
JMP Heavily Armored 2,1,"Tempered Veteran",{1}{W},1002,517,485,1002,517,485,0.5159680638722555,56.548320745691825,61.916070663077136,1.7892499724617692,C,21.731141199226304,20.072164948453608
JMP Heavily Armored 2,1,"Lightwalker",{1}{W},967,513,454,967,513,454,0.5305067218200621,59.182324118438984,64.39766716478421,1.7384476821150745,C,21.43859649122807,20.383259911894275
JMP Heavily Armored 2,1,"Makeshift Battalion",{2}{W},956,512,444,956,512,444,0.5355648535564853,59.080189772443454,64.6403312928674,1.853380506807983,C,21.689453125,20.29054054054054
JMP Heavily Armored 2,1,"Patron of the Valiant",{3}{W}{W},695,500,195,695,500,195,0.7194244604316546,92.30041878015167,97.72378128855662,1.807787502801648,B,21.86,22.45128205128205
JMP Heavily Armored 2,1,"Siege Striker",{2}{W},957,473,484,957,473,484,0.4942528735632184,49.224916679868606,54.523555840034206,1.7662130533885327,D,22.101479915433405,20.427685950413224
JMP Heavily Armored 2,1,"Cathars' Crusade",{3}{W}{W},778,441,337,778,441,337,0.5668380462724936,57.77875337927171,63.17702129782887,1.7994226395190538,C,22.081632653061224,20.01186943620178
JMP Heavily Armored 2,1,"Secure the Scene",{4}{W},792,437,355,792,437,355,0.5517676767676768,58.52771700973482,63.961546274273815,1.8112764215129984,C,22.94279176201373,21.692957746478875
JMP Heavily Armored 2,1,"Bulwark Giant",{5}{W},668,399,269,668,399,269,0.5973053892215568,77.11029905337786,82.57176642893594,1.8204891251860282,B,23.992481203007518,22.776951672862452
JMP Heavily Armored 3,1,"Basri's Solidarity",{1}{W},1164,672,492,1164,672,492,0.5773195876288659,45.5858615240852,50.93108965622168,1.7817427107121595,D,21.544642857142858,20.882113821138212
JMP Heavily Armored 3,1,"Battlefield Promotion",{1}{W},1012,672,340,1012,672,340,0.6640316205533597,69.7186590088915,75.09642498226323,1.7925886577905767,C,21.625,22.558823529411764
JMP Heavily Armored 3,1,"Tempered Veteran",{1}{W},1103,647,456,1103,647,456,0.586582048957389,51.61758451176821,57.03345714704129,1.8052908784243613,C,21.95981452859351,21.333333333333332
JMP Heavily Armored 3,1,"Mikaeus, the Lunarch",{X}{W},995,646,349,995,646,349,0.6492462311557788,77.17580391475195,82.42780166434865,1.7506659165322338,B,21.63312693498452,20.630372492836678
JMP Heavily Armored 3,1,"Basri's Acolyte",{2}{W}{W},1021,636,385,1021,636,385,0.6229187071498531,67.5334045233336,72.87150604026256,1.779367172309654,C,22.382075471698112,22.724675324675324
JMP Heavily Armored 3,1,"Lightwalker",{1}{W},1060,632,428,1060,632,428,0.5962264150943396,70.24021476534445,75.5477752969399,1.7691868438651512,C,21.556962025316455,22.065420560747665
JMP Heavily Armored 3,1,"Trusty Retriever",{3}{W},1000,615,385,1000,615,385,0.615,56.897054170840526,62.17670605895581,1.759883962705093,C,22.357723577235774,22.462337662337664
JMP Heavily Armored 3,1,"Makeshift Battalion",{2}{W},1079,614,465,1079,614,465,0.5690454124189064,55.0423196570291,60.36958353265249,1.7757546252077987,C,21.469055374592834,21.780645161290323
JMP Heavily Armored 3,1,"Patron of the Valiant",{3}{W}{W},793,563,230,793,563,230,0.7099621689785625,95.96688256224665,101.37454076362617,1.8025527337931726,B,21.74955595026643,24.421739130434784
JMP Heavily Armored 3,1,"Supply Runners",{4}{W},838,523,315,838,523,315,0.6241050119331742,72.36758941662795,77.61053723928933,1.747649274220461,C,23.005736137667306,22.996825396825397
JMP Heavily Armored 3,1,"Bulwark Giant",{5}{W},731,450,281,731,450,281,0.615595075239398,69.19900452576829,74.73058568424769,1.8438603861597973,C,24.244444444444444,25.06761565836299
JMP Heavily Armored 3,1,"Divine Arrow",{1}{W},772,418,354,772,418,354,0.5414507772020726,62.25636257794663,67.69003260645994,1.8112233428377675,C,22.75598086124402,22.731638418079097
JMP Heavily Armored 4,1,"High Sentinels of Arashin",{3}{W},1089,736,353,1089,736,353,0.6758494031221304,114.5019549924772,119.52885191063523,1.6756323060526752,A,20.688858695652176,21.532577903682718
JMP Heavily Armored 4,1,"Basri's Acolyte",{2}{W}{W},1010,622,388,1010,622,388,0.6158415841584158,67.86134016858003,73.18593540525669,1.7748650788922191,C,21.813504823151124,22.760309278350515
JMP Heavily Armored 4,1,"Tempered Veteran",{1}{W},1099,614,485,1099,614,485,0.5586897179253867,56.178251056608914,61.32662054179297,1.7161231617280193,C,21.846905537459282,21.44742268041237
JMP Heavily Armored 4,1,"Makeshift Battalion",{2}{W},1077,603,474,1077,603,474,0.5598885793871866,58.6888769903595,63.90858639207258,1.7399031339043591,C,21.75787728026534,21.91561181434599
JMP Heavily Armored 4,1,"Lightwalker",{1}{W},1028,588,440,1028,588,440,0.5719844357976653,57.52322588772934,62.75547502996858,1.7440830474130802,C,21.595238095238095,22.12727272727273
JMP Heavily Armored 4,1,"Siege Striker",{2}{W},1004,533,471,1004,533,471,0.5308764940239044,46.63708329364265,51.82469716926011,1.7292046252058224,D,22.116322701688556,22.154989384288747
JMP Heavily Armored 4,1,"Swift Response",{1}{W},968,522,446,968,522,446,0.5392561983471075,57.183115855239,62.42200113958775,1.7462950947829166,C,22.25095785440613,22.32511210762332
JMP Heavily Armored 4,1,"Long Road Home",{1}{W},916,515,401,916,515,401,0.5622270742358079,45.508015330815056,50.70848338149229,1.7334893502257445,D,21.83495145631068,22.860349127182044
JMP Heavily Armored 4,1,"Trusty Retriever",{3}{W},909,510,399,909,510,399,0.5610561056105611,61.00671869025678,66.18356824391478,1.7256165178859986,C,22.892156862745097,22.75438596491228
JMP Heavily Armored 4,1,"Duelist's Heritage",{2}{W},932,504,428,932,504,428,0.5407725321888412,53.73380188643429,58.870138870009754,1.7121123278584873,C,21.648809523809526,21.436915887850468
JMP Heavily Armored 4,1,"Supply Runners",{4}{W},836,491,345,836,491,345,0.5873205741626795,71.98473679254293,77.13024443960009,1.7151692156857181,C,22.769857433808554,23.42608695652174
JMP Heavily Armored 4,1,"Bulwark Giant",{5}{W},697,444,253,697,444,253,0.6370157819225251,89.62969665800007,94.79708263923692,1.722461993745614,B,23.70045045045045,25.59288537549407
JMP Lands 1,1,"Wildheart Invoker",{2}{G}{G},991,506,485,991,506,485,0.5105953582240161,82.43772070766552,87.51591585848185,1.692731716938777,B,20.486166007905137,20.25979381443299
JMP Lands 1,1,"Ulvenwald Hydra",{4}{G}{G},803,464,339,803,464,339,0.5778331257783312,99.9844948158841,105.14468719871725,1.7200641276110478,B,21.545258620689655,22.103244837758112
JMP Lands 1,1,"Feral Hydra",{X}{G},960,458,502,960,458,502,0.47708333333333336,67.35573708935391,72.59739613968404,1.7472196834433769,C,21.152838427947597,19.93625498007968
JMP Lands 1,1,"Sylvan Ranger",{1}{G},960,451,509,960,451,509,0.46979166666666666,51.01178225736431,56.20371233921089,1.730643360615527,C,21.017738359201775,20.453831041257367
JMP Lands 1,1,"Vastwood Zendikon",{4}{G},1012,440,572,1012,440,572,0.43478260869565216,66.44121755662964,71.6459754492738,1.7349192975480547,C,21.295454545454547,19.816433566433567
JMP Lands 1,1,"Fa'adiyah Seer",{1}{G},1014,436,578,1014,436,578,0.42998027613412226,51.68153643361979,56.899236233683425,1.739233266687878,C,21.25,20.03287197231834
JMP Lands 1,1,"Fertilid",{2}{G},972,387,585,972,387,585,0.39814814814814814,39.95184989133348,45.33875652535051,1.7956355446723429,D,21.63049095607235,19.712820512820514
JMP Lands 1,1,"Elemental Uprising",{1}{G},1023,387,636,1023,387,636,0.3782991202346041,40.60036617898328,45.86702016333609,1.7555513281176058,D,21.043927648578812,19.419811320754718
JMP Lands 1,1,"Cultivate",{2}{G},892,380,512,892,380,512,0.4260089686098655,39.90039374261927,45.01028968624287,1.7032986478745333,D,20.860526315789475,20.126953125
JMP Lands 1,1,"Zendikar's Roil",{3}{G}{G},803,360,443,803,360,443,0.44831880448318806,61.544559321724805,66.76839945127622,1.741280043183807,C,22.447222222222223,20.591422121896162
JMP Lands 1,1,"Crushing Canopy",{2}{G},524,236,288,524,236,288,0.45038167938931295,59.34694986178712,64.53107975202074,1.7280432967445427,C,22.25,21.444444444444443
JMP Lands 1,1,"Awakener Druid",{2}{G},16,10,6,16,10,6,0.625,104.49601112139293,117.95907989148925,4.487689590032109,A,18.7,16.5
JMP Lands 2,1,"Woodborn Behemoth",{3}{G}{G},1048,524,524,1048,524,524,0.5,83.52176711708859,88.52984161797816,1.669358166963191,B,20.96564885496183,20.700381679389313
JMP Lands 2,1,"Wildheart Invoker",{2}{G}{G},1127,516,611,1127,516,611,0.45785270629991126,73.27740336034475,78.2708935755831,1.664496738412782,C,20.835271317829456,19.895253682487724
JMP Lands 2,1,"Feral Hydra",{X}{G},1000,485,515,1000,485,515,0.485,70.79540529549269,75.84367263107613,1.6827557785278158,C,21.084536082474227,20.43883495145631
JMP Lands 2,1,"Sylvan Ranger",{1}{G},1019,472,547,1019,472,547,0.4631992149165849,48.40434295006025,53.58664086939977,1.7274326397798412,D,20.781779661016948,20.486288848263253
JMP Lands 2,1,"Oracle of Mul Daya",{3}{G},928,450,478,928,450,478,0.4849137931034483,53.034885996628574,58.08050600055402,1.6818733346418133,C,20.986666666666668,20.510460251046027
JMP Lands 2,1,"Fa'adiyah Seer",{1}{G},1092,435,657,1092,435,657,0.3983516483516483,41.11548437313501,46.40094887314264,1.7618215000025428,D,21.257471264367815,19.669710806697108
JMP Lands 2,1,"Sporemound",{3}{G}{G},927,431,496,927,431,496,0.46494066882416396,74.79154337658657,79.89453396320016,1.7009968622045295,C,21.49187935034803,20.899193548387096
JMP Lands 2,1,"Cultivate",{2}{G},989,415,574,989,415,574,0.4196157735085945,43.58396944183597,48.77653150440624,1.7308540208567578,D,21.371084337349398,20.146341463414632
JMP Lands 2,1,"Fertilid",{2}{G},967,370,597,967,370,597,0.3826266804550155,47.14438491456776,52.33283823679212,1.729484440741454,D,21.81081081081081,19.820770519262982
JMP Lands 2,1,"Elemental Uprising",{1}{G},1083,358,725,1083,358,725,0.33056325023084027,33.24158978474723,38.55184009284528,1.770083436032686,D,21.589385474860336,19.255172413793105
JMP Lands 2,1,"Crushing Canopy",{2}{G},460,212,248,460,212,248,0.4608695652173913,57.91920984290648,63.05798698205808,1.7129257130505327,C,22.03301886792453,21.758064516129032
JMP Lands 2,1,"Awakener Druid",{2}{G},18,13,5,18,13,5,0.7222222222222222,88.43168448576598,100.12108777785592,3.896467764029979,B,21.153846153846153,16.8
JMP Legion 1,1,"Makeshift Battalion",{2}{W},1057,518,539,1057,518,539,0.4900662251655629,62.954395163726936,68.40116091275945,1.8155885830108391,C,22.042471042471043,21.031539888682747
JMP Legion 1,1,"Basri's Solidarity",{1}{W},1108,512,596,1108,512,596,0.4620938628158845,49.43356255069717,54.84656458644893,1.804334011917254,D,21.111328125,20.37751677852349
JMP Legion 1,1,"Path to Exile",{W},1099,487,612,1099,487,612,0.44313011828935395,64.98484895508592,70.63070858819484,1.8819532110363024,C,22.026694045174537,20.730392156862745
JMP Legion 1,1,"Selfless Savior",{W},1065,469,596,1065,469,596,0.4403755868544601,47.970226097799134,53.48434095230141,1.8380382848340913,D,22.057569296375267,20.89765100671141
JMP Legion 1,1,"Raise the Alarm",{1}{W},981,467,514,981,467,514,0.47604485219164117,54.58241325735306,59.97077966869418,1.796122137113706,C,21.259100642398288,21.379377431906615
JMP Legion 1,1,"Falconer Adept",{3}{W},961,451,510,961,451,510,0.46930280957336107,67.65378128005217,73.02448625550086,1.7902349918162306,C,22.70288248337029,21.77843137254902
JMP Legion 1,1,"Valorous Steed",{4}{W},866,448,418,866,448,418,0.5173210161662818,67.80770654460542,73.01625111844152,1.7361815246120287,C,22.979910714285715,22.650717703349283
JMP Legion 1,1,"Inspired Charge",{2}{W}{W},759,445,314,759,445,314,0.5862977602108037,73.56602971622677,79.03719306842099,1.8237211173980739,C,22.17303370786517,22.178343949044585
JMP Legion 1,1,"Blessed Sanctuary",{3}{W}{W},760,368,392,760,368,392,0.4842105263157895,56.64174819973822,62.2211381991446,1.8597966664687942,C,24.097826086956523,21.92091836734694
JMP Legion 1,1,"Knight of the Tusk",{4}{W}{W},711,352,359,711,352,359,0.49507735583684953,71.6100654875389,77.22304286724177,1.8709924599009582,C,24.761363636363637,23.554317548746518
JMP Legion 1,1,"Legion's Judgment",{2}{W},682,323,359,682,323,359,0.4736070381231672,76.83398859952922,82.34254903845016,1.836186812973647,B,23.770897832817337,23.022284122562674
JMP Legion 1,1,"Daybreak Charger",{1}{W},259,167,92,259,167,92,0.6447876447876448,61.392282451272855,67.03371470299233,1.8804774172398246,C,24.808383233532933,25.652173913043477
JMP Legion 2,1,"Inspiring Captain",{3}{W},1153,673,480,1153,673,480,0.5836947094535994,76.56880311922382,82.10596613218794,1.845721004321376,B,20.178306092124814,22.183333333333334
JMP Legion 2,1,"Basri's Solidarity",{1}{W},1174,661,513,1174,661,513,0.5630323679727428,55.37362056283654,60.818862632457744,1.8150806898737333,C,20.526475037821484,21.60233918128655
JMP Legion 2,1,"Glorious Anthem",{1}{W}{W},1057,657,400,1057,657,400,0.6215704824976348,77.48977554209138,83.04312150792877,1.851115321945799,B,20.458143074581432,21.8075
JMP Legion 2,1,"Raise the Alarm",{1}{W},1061,601,460,1061,601,460,0.5664467483506126,64.60927353256946,70.11372967653803,1.8348187146561912,C,20.19800332778702,22.480434782608697
JMP Legion 2,1,"Faith's Fetters",{3}{W},1011,589,422,1011,589,422,0.582591493570722,69.49877421234811,74.87908069286959,1.79343549350716,C,21.322580645161292,23.63270142180095
JMP Legion 2,1,"Staunch Shieldmate",{W},1081,587,494,1081,587,494,0.5430157261794635,52.28667444879478,57.773853799207764,1.8290597834709965,C,20.291311754684838,22.59514170040486
JMP Legion 2,1,"Makeshift Battalion",{2}{W},1036,548,488,1036,548,488,0.528957528957529,58.85079050593249,64.28738157393198,1.812197022666499,C,20.759124087591243,22.450819672131146
JMP Legion 2,1,"Valorous Steed",{4}{W},904,522,382,904,522,382,0.577433628318584,74.80037611623627,80.23738782560844,1.8123372364573922,C,21.804597701149426,23.62565445026178
JMP Legion 2,1,"Siege Striker",{2}{W},987,506,481,987,506,481,0.5126646403242148,39.890720478629376,45.179613703111876,1.7629644081608336,D,20.820158102766797,22.35758835758836
JMP Legion 2,1,"Release the Dogs",{3}{W},853,491,362,853,491,362,0.5756154747948418,66.59280302062307,71.9708573876479,1.7926847890082775,C,21.010183299389002,23.273480662983424
JMP Legion 2,1,"Legion's Judgment",{2}{W},741,405,336,741,405,336,0.5465587044534413,75.69079548675221,81.1319161149495,1.813706876065765,C,22.18024691358025,23.657738095238095
JMP Legion 2,1,"Daybreak Charger",{1}{W},37,28,9,37,28,9,0.7567567567567568,55.60882128327706,66.76941227296713,3.7201969965633577,C,20.857142857142858,27.22222222222222
JMP Legion 3,1,"Basri's Solidarity",{1}{W},1120,603,517,1120,603,517,0.5383928571428571,44.99231555173685,50.266992976785346,1.758225808349498,D,19.948590381426204,21.854932301740813
JMP Legion 3,1,"Glorious Anthem",{1}{W}{W},1035,587,448,1035,587,448,0.5671497584541063,72.69225761142081,78.16109590674893,1.8229460984427048,C,19.916524701873936,21.921875
JMP Legion 3,1,"Faith's Fetters",{3}{W},1044,568,476,1044,568,476,0.5440613026819924,66.43946080429573,71.82069663276245,1.793745276155573,C,20.899647887323944,23.615546218487395
JMP Legion 3,1,"Staunch Shieldmate",{W},1018,532,486,1018,532,486,0.5225933202357563,58.20309285199556,63.705566707471775,1.834157951825407,C,19.889097744360903,22.5761316872428
JMP Legion 3,1,"Makeshift Battalion",{2}{W},1070,526,544,1070,526,544,0.491588785046729,50.860203166794456,56.15066559511861,1.7634874761080512,D,20.634980988593156,22.327205882352942
JMP Legion 3,1,"Raise the Alarm",{1}{W},1018,525,493,1018,525,493,0.5157170923379175,55.35570738165466,60.74291085741109,1.7957344919188096,C,20.16952380952381,22.34077079107505
JMP Legion 3,1,"Fortify",{2}{W},959,511,448,959,511,448,0.5328467153284672,47.253341880852616,52.524713018578645,1.7571237125753414,D,19.958904109589042,22.450892857142858
JMP Legion 3,1,"Siege Striker",{2}{W},1041,506,535,1041,506,535,0.4860710854947166,58.16712996012633,63.469116817853816,1.7673289525758282,C,20.49604743083004,22.246728971962618
JMP Legion 3,1,"Release the Dogs",{3}{W},894,506,388,894,506,388,0.5659955257270693,71.3101920262471,76.54331372100572,1.7443738982528727,C,20.6897233201581,23.079896907216494
JMP Legion 3,1,"Valorous Steed",{4}{W},899,497,402,899,497,402,0.5528364849833148,85.13525050555324,90.47213745433135,1.7789623162593653,B,21.269617706237426,23.435323383084576
JMP Legion 3,1,"Legion's Judgment",{2}{W},734,356,378,734,356,378,0.48501362397820164,68.53804929890332,73.76710019548689,1.7430169655278573,C,22.25561797752809,23.32010582010582
JMP Legion 3,1,"Daybreak Charger",{1}{W},29,22,7,29,22,7,0.7586206896551724,48.4202454004258,58.07536858000631,3.2183743931935043,D,20.227272727272727,19.428571428571427
JMP Legion 4,1,"Basri's Solidarity",{1}{W},1240,625,615,1240,625,615,0.5040322580645161,49.08613961225322,54.50240813128228,1.8054228396763543,D,21.2112,21.76910569105691
JMP Legion 4,1,"Faith's Fetters",{3}{W},1095,578,517,1095,578,517,0.5278538812785388,70.15572507810309,75.48575262808353,1.776675849993481,C,21.65916955017301,22.967117988394584
JMP Legion 4,1,"Mentor of the Meek",{2}{W},1123,576,547,1123,576,547,0.5129118432769367,51.73736288693902,57.228881606293726,1.830506239784902,C,21.446180555555557,21.519195612431446
JMP Legion 4,1,"Makeshift Battalion",{2}{W},1153,546,607,1153,546,607,0.4735472679965308,61.83887709837924,67.09436056230938,1.7518278213100456,C,21.32783882783883,21.89456342668863
JMP Legion 4,1,"Raise the Alarm",{1}{W},1062,517,545,1062,517,545,0.4868173258003766,62.02108661489327,67.28262965906383,1.7538476813901864,C,21.22630560928433,22.71559633027523
JMP Legion 4,1,"Fortify",{2}{W},984,512,472,984,512,472,0.5203252032520326,68.3849729462107,73.70072675625923,1.7719179366828464,C,21.3984375,21.860169491525422
JMP Legion 4,1,"Selfless Savior",{W},1091,500,591,1091,500,591,0.458295142071494,50.68390721613523,55.98708808230329,1.767726955389352,D,21.306,22.027072758037225
JMP Legion 4,1,"Siege Striker",{2}{W},1088,499,589,1088,499,589,0.4586397058823529,50.49197692377645,55.694792163674904,1.734271746632818,D,21.599198396793586,22.239388794567063
JMP Legion 4,1,"Valorous Steed",{4}{W},963,494,469,963,494,469,0.5129802699896158,78.00278723689459,83.41074323558011,1.8026519995618417,B,21.98582995951417,23.432835820895523
JMP Legion 4,1,"Legion's Judgment",{2}{W},758,366,392,758,366,392,0.48284960422163586,75.16900556717226,80.55691549598107,1.7959699762696024,C,22.825136612021858,23.558673469387756
JMP Legion 4,1,"Lena, Selfless Champion",{4}{W}{W},655,360,295,655,360,295,0.549618320610687,77.343406583681,82.81089109971029,1.822494838676431,B,23.38888888888889,25.406779661016948
JMP Legion 4,1,"Daybreak Charger",{1}{W},31,19,12,31,19,12,0.6129032258064516,66.95991866852756,77.26042255285454,3.4335012947756596,C,22.42105263157895,24.583333333333332
JMP Lightning 1,1,"Lightning Phoenix",{2}{R},1133,640,493,1133,640,493,0.5648720211827007,64.64877076105861,69.94507174735891,1.7654336621000992,C,19.1640625,20.50912778904665
JMP Lightning 1,1,"Lightning Bolt",{R},1047,570,477,1047,570,477,0.5444126074498568,56.96169521272572,62.43771609943089,1.8253402955683877,C,20.014035087719297,21.656184486373167
JMP Lightning 1,1,"Lightning Elemental",{3}{R},1027,548,479,1027,548,479,0.5335929892891919,72.04908275203832,77.51381620726075,1.821577818407476,C,19.5492700729927,21.83089770354906
JMP Lightning 1,1,"Lightning Axe",{R},1078,533,545,1078,533,545,0.49443413729128016,68.5123168252429,74.01521661413413,1.8342999296304074,C,20.343339587242028,21.78348623853211
JMP Lightning 1,2,"Lightning Visionary",{1}{R},929,495,435,1501,799,702,0.5323117921385743,68.64878404822652,74.01831318941304,1.7898430470621713,C,19.455569461827285,21.67663817663818
JMP Lightning 1,1,"Lightning Shrieker",{4}{R},962,490,472,962,490,472,0.5093555093555093,61.41919583747217,66.85594057565898,1.8122482460622698,C,20.46938775510204,21.55720338983051
JMP Lightning 1,1,"Living Lightning",{3}{R},929,482,447,929,482,447,0.5188374596340151,63.11554891144118,68.37474790940242,1.7530663326537452,C,21.047717842323653,22.375838926174495
JMP Lightning 1,1,"Lightning-Core Excavator",{1},982,474,508,982,474,508,0.48268839103869654,34.70195061729373,40.16712050902645,1.821723297244238,D,20.80801687763713,22.03937007874016
JMP Lightning 1,1,"Homing Lightning",{2}{R}{R},915,472,443,915,472,443,0.5158469945355191,70.29305773690288,75.71668249211974,1.8078749184056222,C,20.591101694915253,22.015801354401805
JMP Lightning 1,1,"Weaver of Lightning",{2}{R},894,460,434,894,460,434,0.5145413870246085,65.19060134434058,70.63572983374932,1.8150428298029149,C,21.293478260869566,23.03917050691244
JMP Lightning 1,1,"Lightning Diadem",{5}{R},596,344,252,596,344,252,0.5771812080536913,80.0713935086344,85.34107970597918,1.7565620657815946,B,21.392441860465116,23.392857142857142
JMP Lightning 2,1,"Lightning Phoenix",{2}{R},1163,624,539,1163,624,539,0.5365434221840069,73.96152242005284,79.06797297265682,1.7021501842013254,C,19.283653846153847,20.382189239332096
JMP Lightning 2,1,"Lightning Elemental",{3}{R},1140,577,563,1140,577,563,0.506140350877193,66.10894842507051,71.32800895178104,1.7396868422368432,C,19.77469670710572,21.262877442273535
JMP Lightning 2,1,"Chain Lightning",{R},1010,510,500,1010,510,500,0.504950495049505,60.57682670197031,65.88092076145858,1.7680313531627578,C,20.194117647058825,21.42
JMP Lightning 2,1,"Lightning Axe",{R},1097,487,610,1097,487,610,0.4439380127620784,66.5738404585488,72.0298011514587,1.8186535643032997,C,20.634496919917865,21.518032786885247
JMP Lightning 2,2,"Lightning Visionary",{1}{R},1002,484,519,1619,781,838,0.4823965410747375,54.406682296331304,59.85374977948388,1.815689161050857,C,19.41997439180538,21.13365155131265
JMP Lightning 2,1,"Ball Lightning",{R}{R}{R},941,480,461,941,480,461,0.51009564293305,63.37214117789,68.61274885705693,1.7468692263889747,C,19.791666666666668,21.24945770065076
JMP Lightning 2,1,"Lightning-Core Excavator",{1},1013,477,536,1013,477,536,0.47087857847976305,47.92146686078989,53.33410242985478,1.8042118563549643,D,20.47798742138365,21.611940298507463
JMP Lightning 2,1,"Living Lightning",{3}{R},940,456,484,940,456,484,0.4851063829787234,66.61932500425554,71.83074443600032,1.7371398105815896,C,20.975877192982455,22.18595041322314
JMP Lightning 2,1,"Weaver of Lightning",{2}{R},967,431,536,967,431,536,0.44570837642192346,64.72484284480868,70.21769546727157,1.8309508741542984,C,21.635730858468676,22.42723880597015
JMP Lightning 2,1,"Lightning Diadem",{5}{R},669,365,304,669,365,304,0.5455904334828101,77.49851830879572,82.67436863600057,1.725283442401614,B,20.86027397260274,22.851973684210527
JMP Lightning 2,1,"Riddle of Lightning",{3}{R}{R},2,2,0,2,2,0,1.0,73.80008310454375,98.58322505820615,8.26104731788747,C,28.0,NaN
JMP Liliana,1,"Blighted Bat",{2}{B},1229,695,534,1229,695,534,0.565500406834825,72.08777284683322,77.55617963093812,1.8228022613683004,C,21.258992805755394,20.60112359550562
JMP Liliana,1,"Liliana's Devotee",{2}{B},1238,680,558,1238,680,558,0.5492730210016155,73.65079028548416,79.0338486859475,1.7943528001544444,C,21.461764705882352,21.596774193548388
JMP Liliana,1,"Wailing Ghoul",{1}{B},1096,582,514,1096,582,514,0.531021897810219,55.71471170104367,61.068307165547495,1.7845318215012742,C,22.058419243986254,21.558365758754864
JMP Liliana,1,"Liliana's Steward",{B},1074,565,509,1074,565,509,0.5260707635009311,54.12214862485451,59.395563041378324,1.7578048055079383,C,21.91504424778761,21.259332023575638
JMP Liliana,1,"Settle the Score",{2}{B}{B},990,550,440,990,550,440,0.5555555555555556,69.14869796198492,74.35840893729608,1.7365703251037186,C,23.012727272727272,22.529545454545456
JMP Liliana,1,"Liliana's Elite",{2}{B},1017,511,506,1017,511,506,0.5024582104228122,58.78319497408732,64.03471115782145,1.7505053945780407,C,22.661448140900195,21.284584980237153
JMP Liliana,1,"Liliana, Waker of the Dead",{2}{B}{B},929,492,437,929,492,437,0.5296017222820237,70.91082184230498,76.08079308659839,1.7233237480978045,C,22.84552845528455,22.382151029748282
JMP Liliana,1,"Cemetery Recruitment",{1}{B},856,412,444,856,412,444,0.48130841121495327,48.26458802350494,53.62333973663607,1.786250571043709,D,23.58495145631068,22.15990990990991
JMP Liliana,1,"Rise Again",{4}{B},793,376,417,793,376,417,0.47414880201765447,42.78111646382436,48.04912233999016,1.7560019587219327,D,23.61968085106383,22.5515587529976
JMP Liliana,1,"Goremand",{4}{B}{B},434,324,110,434,324,110,0.7465437788018433,100.06652662496653,105.5369490362212,1.8234741370848924,B,22.441358024691358,26.21818181818182
JMP Liliana,1,"Ghoulraiser",{1}{B}{B},610,313,297,610,313,297,0.5131147540983606,60.401423700060015,65.67558896323575,1.7580550877252454,C,24.076677316293928,23.117845117845118
JMP Liliana,1,"Liliana's Standard Bearer",{2}{B},565,295,270,565,295,270,0.5221238938053098,46.33176629419749,51.62444069559784,1.7642248004667813,D,23.722033898305085,23.403703703703705
JMP Milling,1,"Bruvac the Grandiloquent",{2}{U},1172,580,592,1172,580,592,0.4948805460750853,64.24904014273517,69.43424844264906,1.7284027666379644,C,21.736206896551725,19.841216216216218
JMP Milling,1,"Thought Scour",{U},1178,557,621,1178,557,621,0.47283531409168084,28.651271481099513,33.79862293835328,1.7157838190845904,D,21.745062836624776,19.555555555555557
JMP Milling,1,"Selhoff Occultist",{2}{U},1125,554,571,1125,554,571,0.49244444444444446,70.01649142068634,75.16771958763348,1.717076055649051,C,22.290613718411553,19.912434325744307
JMP Milling,1,"Belltower Sphinx",{4}{U},1003,551,452,1003,551,452,0.5493519441674976,81.61352926603176,86.70861394783851,1.6983615606022522,B,22.156079854809438,20.79646017699115
JMP Milling,1,"Towering-Wave Mystic",{1}{U},1141,550,591,1141,550,591,0.4820333041191937,56.618666931954856,61.76876930270784,1.7167007902509945,C,21.825454545454544,19.854483925549914
JMP Milling,1,"Vedalken Entrancer",{3}{U},1084,538,546,1084,538,546,0.496309963099631,60.514885895009705,65.47161132666167,1.652241810550655,C,22.869888475836433,20.060439560439562
JMP Milling,1,"Teferi's Tutelage",{2}{U},898,526,372,898,526,372,0.5857461024498887,83.21197370694321,88.14081728700111,1.6429478600193006,B,20.96197718631179,18.4247311827957
JMP Milling,1,"Wall of Lost Thoughts",{1}{U},1052,502,550,1052,502,550,0.47718631178707227,63.454496644862466,68.67386254377558,1.7397886329710397,C,22.245019920318725,20.232727272727274
JMP Milling,1,"Reckless Scholar",{2}{U},1070,490,580,1070,490,580,0.45794392523364486,43.639082101133816,48.89464925562588,1.7518557181640202,D,22.375510204081632,20.136206896551723
JMP Milling,1,"Thought Collapse",{1}{U}{U},852,442,410,852,442,410,0.5187793427230047,76.28603549257285,81.44756863101453,1.7205110461472293,C,22.742081447963802,20.87317073170732
JMP Minions 1,1,"Bone Picker",{3}{B},1225,628,597,1225,628,597,0.5126530612244898,86.0688787953928,91.26806183744353,1.7330610140169063,B,20.98248407643312,21.76716917922948
JMP Minions 1,1,"Nocturnal Feeder",{2}{B},1132,571,561,1132,571,561,0.5044169611307421,66.93640776107358,72.165760483678,1.7431175742014708,C,21.313485113835377,22.033868092691623
JMP Minions 1,1,"Eliminate",{1}{B},1205,561,644,1205,561,644,0.46556016597510375,58.371961589432665,63.605890657352376,1.744643022639904,C,21.745098039215687,21.922360248447205
JMP Minions 1,1,"Ghoulcaller's Accomplice",{1}{B},1182,560,622,1182,560,622,0.47377326565143824,47.6012359762879,52.99532920306713,1.7980310755930764,D,21.194642857142856,21.55305466237942
JMP Minions 1,1,"Crypt Lurker",{3}{B},1144,552,592,1144,552,592,0.4825174825174825,67.48740421780057,72.7382665787669,1.7502874536554411,C,21.742753623188406,22.116554054054053
JMP Minions 1,1,"Shambling Goblin",{B},1102,541,561,1102,541,561,0.4909255898366606,50.718305290247194,55.99745931106478,1.7597180069391953,D,21.068391866913124,21.91800356506239
JMP Minions 1,1,"Kels, Fight Fixer",{2}{B}{B},1126,541,585,1126,541,585,0.48046181172291297,64.4235697178694,69.68327834109162,1.7532362077407417,C,21.31238447319778,22.0
JMP Minions 1,1,"Dutiful Attendant",{2}{B},1082,460,622,1082,460,622,0.42513863216266173,53.71664534563911,59.04467625830494,1.7760103042219426,C,22.454347826086956,21.7524115755627
JMP Minions 1,1,"Village Rites",{B},962,419,543,962,419,543,0.43555093555093555,14.325539997021567,19.823988432431964,1.832816145136799,E,21.62291169451074,21.771639042357275
JMP Minions 1,1,"Witch's Cauldron",{B},1090,407,683,1090,407,683,0.37339449541284403,7.777168783620864,13.068803645615027,1.7638782873313879,E,21.894348894348894,21.051244509516838
JMP Minions 1,1,"Goremand",{4}{B}{B},332,210,122,332,210,122,0.6325301204819277,94.07447225679438,99.48475626005178,1.803428001085799,B,23.485714285714284,25.4672131147541
JMP Minions 2,1,"Nocturnal Feeder",{2}{B},1241,599,642,1241,599,642,0.48267526188557613,72.22254302005537,77.44026150235035,1.7392394940983276,C,22.57762938230384,22.431464174454828
JMP Minions 2,1,"Kels, Fight Fixer",{2}{B}{B},1176,589,587,1176,589,587,0.5008503401360545,73.32238544305662,78.4959696422786,1.7245280664073235,C,22.36332767402377,22.42419080068143
JMP Minions 2,1,"Eliminate",{1}{B},1227,583,644,1227,583,644,0.4751426242868786,68.6425894519869,73.99342015700806,1.7836102350070577,C,23.147512864493997,22.440993788819874
JMP Minions 2,1,"Crypt Lurker",{3}{B},1201,571,630,1201,571,630,0.47543713572023316,52.93426168207757,58.27769136613087,1.7811432280177661,C,22.74781085814361,22.822222222222223
JMP Minions 2,1,"Ghoulcaller's Accomplice",{1}{B},1228,553,675,1228,553,675,0.4503257328990228,54.849527708160736,60.14171616050727,1.7640628174488444,C,22.909584086799278,22.45925925925926
JMP Minions 2,1,"Eternal Taskmaster",{1}{B},1211,551,660,1211,551,660,0.4549958711808423,57.62174687839129,63.00475648909301,1.7943365369005744,C,22.67513611615245,22.23787878787879
JMP Minions 2,1,"Drainpipe Vermin",{B},1156,549,607,1156,549,607,0.4749134948096886,44.13402937825575,49.40221411762293,1.7560615797890622,D,22.36976320582878,22.453047775947283
JMP Minions 2,1,"Bone Splinters",{B},1057,492,565,1057,492,565,0.46546830652790916,49.58876655317726,55.12837922055743,1.8465375557933903,D,23.08130081300813,22.716814159292035
JMP Minions 2,1,"Dutiful Attendant",{2}{B},1111,473,638,1111,473,638,0.42574257425742573,45.3408553865036,50.65083932959756,1.7699946476979878,D,23.976744186046513,22.5846394984326
JMP Minions 2,1,"Witch's Cauldron",{B},1150,433,717,1150,433,717,0.3765217391304348,15.518851151629747,20.823825648508787,1.7683248322930132,E,23.775981524249424,21.624825662482568
JMP Minions 2,1,"Village Rites",{B},927,398,529,927,398,529,0.42934196332254587,20.27397915247869,25.536149110089436,1.7540566525369152,E,23.64070351758794,22.255198487712665
JMP Minions 2,1,"Goremand",{4}{B}{B},352,230,122,352,230,122,0.6534090909090909,94.1969446828609,99.37202845076035,1.725027922633149,B,24.682608695652174,26.68032786885246
JMP Minions 3,1,"Eliminate",{1}{B},1240,493,747,1240,493,747,0.3975806451612903,59.92284162059307,65.45615027131579,1.8444362169075754,C,22.81744421906694,22.100401606425702
JMP Minions 3,1,"Liliana's Devotee",{2}{B},1188,480,708,1188,480,708,0.40404040404040403,60.9559116580341,66.4188999490389,1.8209960970016013,C,22.802083333333332,21.622881355932204
JMP Minions 3,1,"Crypt Lurker",{3}{B},1179,478,701,1179,478,701,0.40542832909245125,67.21506854701613,72.77620069542462,1.853710716136163,C,22.502092050209207,22.091298145506418
JMP Minions 3,1,"Nocturnal Feeder",{2}{B},1162,474,688,1162,474,688,0.4079173838209983,66.69315829190207,72.21690481797057,1.8412488420228363,C,22.5042194092827,22.087209302325583
JMP Minions 3,1,"Drainpipe Vermin",{B},1113,463,650,1113,463,650,0.4159928122192273,48.14422665234433,53.67685686493586,1.8442100708638427,D,22.45572354211663,21.99692307692308
JMP Minions 3,1,"Ghoulcaller's Accomplice",{1}{B},1172,456,716,1172,456,716,0.3890784982935154,54.72658620297857,60.25315820630965,1.842190667777027,C,22.80921052631579,21.758379888268156
JMP Minions 3,1,"Fetid Imp",{1}{B},1139,453,686,1139,453,686,0.3977172958735733,59.62983877152436,65.14202357455117,1.8373949343422702,C,22.46578366445916,21.830903790087465
JMP Minions 3,1,"Phyrexian Tower",no cost,1297,431,866,1297,431,866,0.3323053199691596,18.736680471146872,24.398561973529496,1.8872938341275416,E,22.675174013921115,21.041570438799077
JMP Minions 3,1,"Dutiful Attendant",{2}{B},1102,396,706,1102,396,706,0.35934664246823955,57.0463818559231,62.530393917360726,1.8280040204792074,C,23.785353535353536,21.893767705382437
JMP Minions 3,1,"Village Rites",{B},950,331,619,950,331,619,0.34842105263157896,13.140910497023867,18.81119656038374,1.8900953544532901,E,23.64652567975831,21.521809369951534
JMP Minions 3,1,"Witch's Cauldron",{B},1026,322,704,1026,322,704,0.3138401559454191,3.47114715982533,8.994657949535213,1.8411702632366278,E,23.77639751552795,21.701704545454547
JMP Minions 3,1,"Goremand",{4}{B}{B},347,216,131,347,216,131,0.622478386167147,110.90727480531594,116.24908031856525,1.7806018377497694,A,24.76851851851852,26.9618320610687
JMP Minions 4,1,"Nocturnal Feeder",{2}{B},1276,553,723,1276,553,723,0.4333855799373041,76.0132155328982,81.28044296694323,1.7557424780150077,C,22.303797468354432,21.615491009681882
JMP Minions 4,1,"Liliana's Devotee",{2}{B},1251,514,737,1251,514,737,0.4108713029576339,65.29331591801798,70.62195354492178,1.776212542301268,C,22.573929961089494,21.672998643147896
JMP Minions 4,1,"Eliminate",{1}{B},1244,512,732,1244,512,732,0.4115755627009646,63.70830559006908,69.1762041283109,1.8226328460806058,C,22.572265625,22.203551912568305
JMP Minions 4,1,"Ghoulcaller's Accomplice",{1}{B},1241,501,740,1241,501,740,0.40370668815471394,61.78455665702707,67.2113165146423,1.808919952538413,C,22.614770459081836,21.991891891891893
JMP Minions 4,1,"Shambling Goblin",{B},1191,500,691,1191,500,691,0.41981528127623846,55.71495034480872,61.04910158970964,1.7780504149669736,C,22.456,22.092619392185238
JMP Minions 4,1,"Fetid Imp",{1}{B},1159,474,685,1159,474,685,0.4089732528041415,65.43182490072857,70.78170027705404,1.7832917921084908,C,23.037974683544302,22.478832116788322
JMP Minions 4,1,"Dutiful Attendant",{2}{B},1130,419,711,1130,419,711,0.37079646017699114,50.34026712561499,55.809977252484956,1.8232367089566541,D,23.613365155131266,22.20112517580872
JMP Minions 4,1,"Village Rites",{B},992,351,641,992,351,641,0.3538306451612903,19.371079416420283,24.706231834360516,1.7783841393134112,E,23.299145299145298,21.535101404056164
JMP Minions 4,1,"Witch's Cauldron",{B},1109,338,771,1109,338,771,0.3047790802524797,-8.881784197001252E-16,5.542518810084861,1.8475062700282872,E,23.32248520710059,21.297016861219195
JMP Minions 4,1,"Goremand",{4}{B}{B},346,228,118,346,228,118,0.6589595375722543,94.32527076365854,99.7521337397535,1.8089543253649878,B,23.978070175438596,26.66949152542373
JMP Minions 4,1,"Ghoulcaller Gisa",{3}{B}{B},5,2,3,5,2,3,0.4,42.95221153625978,63.997582090044844,7.015123517928355,D,18.5,22.666666666666668
JMP Minotaurs 1,1,"Sethron, Hurloon General",{3}{R}{R},950,602,348,950,602,348,0.6336842105263157,100.4211808701974,105.9173039636191,1.8320410311405668,B,20.656146179401993,23.635057471264368
JMP Minotaurs 1,1,"Soul Sear",{2}{R},1092,582,510,1092,582,510,0.532967032967033,71.2848026715105,76.67403301131166,1.796410113267055,C,20.761168384879724,22.974509803921567
JMP Minotaurs 1,1,"Bloodrage Brawler",{1}{R},1109,577,532,1109,577,532,0.5202885482416592,82.90492355975518,88.43960137784117,1.8448926060286668,B,19.77469670710572,22.522556390977442
JMP Minotaurs 1,1,"Flurry of Horns",{4}{R},914,524,390,914,524,390,0.5733041575492341,74.20547793277707,79.72369296839008,1.8394050118710026,C,20.81679389312977,23.838461538461537
JMP Minotaurs 1,1,"Sure Strike",{1}{R},941,519,422,941,519,422,0.5515409139213603,63.672746084620584,69.06983112375734,1.7990283463789194,C,20.801541425818883,23.061611374407583
JMP Minotaurs 1,1,"Minotaur Sureshot",{2}{R},1033,515,518,1033,515,518,0.4985479186834463,62.82043652454024,68.15838913941347,1.7793175382910782,C,21.085436893203884,23.123552123552123
JMP Minotaurs 1,1,"Lightning Visionary",{1}{R},1027,514,513,1027,514,513,0.5004868549172347,52.013809749895636,57.46294694923,1.8163790664447892,C,20.523346303501945,22.487329434697855
JMP Minotaurs 1,1,"Mugging",{R},976,498,478,976,498,478,0.5102459016393442,60.37936088184124,65.8697031261087,1.830114081422489,C,21.22690763052209,23.238493723849373
JMP Minotaurs 1,1,"Borderland Minotaur",{2}{R}{R},921,474,447,921,474,447,0.5146579804560261,58.54949560840895,63.91430006127362,1.7882681509548912,C,21.69831223628692,23.073825503355703
JMP Minotaurs 1,1,"Herald's Horn",{3},951,426,525,951,426,525,0.4479495268138801,31.94286065907905,37.499731234633614,1.8522901918515222,D,21.464788732394368,21.77904761904762
JMP Minotaurs 1,1,"Warfire Javelineer",{3}{R},552,256,296,552,256,296,0.463768115942029,58.68724113231745,64.03646896397342,1.783075943885321,C,24.5546875,25.783783783783782
JMP Minotaurs 1,1,"Minotaur Skullcleaver",{2}{R},1,1,0,1,1,0,1.0,73.42894828530565,98.43258964984761,8.334547121513987,C,15.0,NaN
JMP Minotaurs 2,1,"Rageblood Shaman",{1}{R}{R},1018,581,437,1018,581,437,0.5707269155206287,76.01757560047443,81.30776895001216,1.7633977831792436,C,19.096385542168676,21.986270022883296
JMP Minotaurs 2,1,"Sethron, Hurloon General",{3}{R}{R},882,551,331,882,551,331,0.6247165532879818,101.71038989627927,106.93515299269839,1.7415876988063759,B,19.79491833030853,22.815709969788518
JMP Minotaurs 2,1,"Bloodrage Brawler",{1}{R},1060,536,524,1060,536,524,0.5056603773584906,68.60491143514628,73.74455077778634,1.7132131142133538,C,18.813432835820894,21.551526717557252
JMP Minotaurs 2,1,"Soul Sear",{2}{R},1027,530,497,1027,530,497,0.5160662122687439,63.875620939896876,69.35105892884813,1.8251459963170853,C,19.7811320754717,22.199195171026158
JMP Minotaurs 2,1,"Flurry of Horns",{4}{R},863,520,343,863,520,343,0.6025492468134415,71.22732190368228,76.52692794092916,1.7665353457489579,C,19.853846153846153,21.982507288629737
JMP Minotaurs 2,1,"Minotaur Sureshot",{2}{R},1018,497,521,1018,497,521,0.48821218074656186,59.6167419990251,64.93170488541213,1.7716542954623429,C,19.955734406438633,21.904030710172744
JMP Minotaurs 2,1,"Lightning Visionary",{1}{R},1020,492,528,1020,492,528,0.4823529411764706,52.27675341569236,57.48477868785453,1.7360084240540559,C,19.333333333333332,21.84280303030303
JMP Minotaurs 2,1,"Sure Strike",{1}{R},907,476,431,907,476,431,0.5248070562293274,54.97022953501194,60.19945915365099,1.7430765395463523,C,19.865546218487395,21.740139211136892
JMP Minotaurs 2,1,"Traitorous Greed",{3}{R},1019,462,557,1019,462,557,0.4533856722276742,50.34195048065247,55.59124148404065,1.7497636677960604,D,19.547619047619047,20.5278276481149
JMP Minotaurs 2,1,"Borderland Minotaur",{2}{R}{R},902,423,479,902,423,479,0.46895787139689576,59.431302578426376,64.7680344653166,1.7789106289634096,C,20.078014184397162,21.60751565762004
JMP Minotaurs 2,1,"Unleash Fury",{1}{R},47,30,17,47,30,17,0.6382978723404256,66.23247305936738,74.67676267502979,2.814763205220803,C,22.733333333333334,23.294117647058822
JMP Minotaurs 2,1,"Minotaur Skullcleaver",{2}{R},1,1,0,1,1,0,1.0,80.40727843682272,103.28728407655075,7.626668546576009,B,41.0,NaN
JMP Phyrexian,1,"Malefic Scythe",{1}{B},1275,628,647,1275,628,647,0.49254901960784314,48.99346252056673,54.24457127789309,1.7503695857754513,D,21.687898089171973,19.90726429675425
JMP Phyrexian,1,"Douse in Gloom",{2}{B},1096,594,502,1096,594,502,0.541970802919708,70.84564633355528,76.31543836378009,1.8232640100749373,C,22.462962962962962,21.09163346613546
JMP Phyrexian,1,"Parasitic Implant",{3}{B},1109,593,516,1109,593,516,0.5347159603246168,69.50798317552014,74.86925792778898,1.7870915840896129,C,22.661045531197303,20.813953488372093
JMP Phyrexian,1,"Phyrexian Debaser",{3}{B},1112,589,523,1112,589,523,0.5296762589928058,66.94153753595165,72.2486454903968,1.769035984815047,C,22.03565365025467,20.60229445506692
JMP Phyrexian,1,"Perilous Myr",{2},1110,560,550,1110,560,550,0.5045045045045045,61.3000791014211,66.6178912780348,1.7726040588712353,C,22.178571428571427,20.416363636363638
JMP Phyrexian,1,"Phyrexian Rager",{2}{B},1046,558,488,1046,558,488,0.5334608030592735,52.35164980686001,57.78011387739865,1.8094880235128792,C,22.161290322580644,20.69877049180328
JMP Phyrexian,1,"Entomber Exarch",{2}{B}{B},1036,556,480,1036,556,480,0.5366795366795367,61.54789892675998,66.90634119379172,1.7861474223439127,C,22.383093525179856,21.039583333333333
JMP Phyrexian,1,"Phyrexian Broodlings",{1}{B}{B},1104,543,561,1104,543,561,0.49184782608695654,57.81171150202234,63.18045895682441,1.7895824849340238,C,22.668508287292816,20.6524064171123
JMP Phyrexian,1,"Myr Sire",{2},1103,538,565,1103,538,565,0.4877606527651859,47.559111848097245,52.97401659601266,1.8049682493051373,D,22.685873605947954,20.513274336283185
JMP Phyrexian,1,"Sheoldred, Whispering One",{5}{B}{B},656,479,177,656,479,177,0.7301829268292683,109.88972584479245,115.11200573049732,1.740759961901619,A,22.93528183716075,22.491525423728813
JMP Phyrexian,1,"Phyrexian Gargantua",{4}{B}{B},672,421,251,672,421,251,0.6264880952380952,51.72837387430018,57.09908378552776,1.79023663707586,C,22.824228028503562,21.729083665338646
JMP Pirates 1,1,"Corsair Captain",{2}{U},1241,773,468,1241,773,468,0.6228847703464948,69.91472240559965,75.42174059734111,1.8356727305804887,C,18.6882276843467,21.17094017094017
JMP Pirates 1,1,"Rishadan Airship",{2}{U},1215,724,491,1215,724,491,0.5958847736625514,73.00619333587926,78.39411070996829,1.7959724580296739,C,18.859116022099446,20.89613034623218
JMP Pirates 1,1,"Voyage's End",{1}{U},1266,699,567,1266,699,567,0.5521327014218009,46.438632685376604,51.90612839666894,1.8224985704307783,D,19.32761087267525,20.991181657848326
JMP Pirates 1,1,"Departed Deckhand",{1}{U},1115,686,429,1115,686,429,0.6152466367713004,67.34709985869966,72.7988046799945,1.8172349404316155,C,18.749271137026238,21.43822843822844
JMP Pirates 1,1,"Spectral Sailor",{U},1101,672,429,1101,672,429,0.6103542234332425,58.93230890193881,64.45555532309976,1.8410821403869837,C,18.59672619047619,20.958041958041957
JMP Pirates 1,1,"Pirate's Cutlass",{3},1161,636,525,1161,636,525,0.5478036175710594,61.872934753743,67.44431473349087,1.8571266599159564,C,19.25943396226415,20.323809523809523
JMP Pirates 1,1,"Kitesail Corsair",{1}{U},1128,631,497,1128,631,497,0.5593971631205674,53.67392730128415,59.33701689470136,1.8876965311390694,C,19.12202852614897,21.098591549295776
JMP Pirates 1,1,"Coastal Piracy",{2}{U}{U},1099,600,499,1099,600,499,0.545950864422202,24.05155111991357,29.758335861554553,1.9022615805469942,E,19.6,20.51302605210421
JMP Pirates 1,1,"Sailor of Means",{2}{U},1050,579,471,1050,579,471,0.5514285714285714,49.02348716309658,54.63270158329826,1.8697381400672242,D,19.96545768566494,21.804670912951167
JMP Pirates 1,1,"Prosperous Pirates",{4}{U},978,560,418,978,560,418,0.5725971370143149,63.104900087540585,68.58236683172284,1.8258222480607516,C,20.3625,22.028708133971293
JMP Pirates 1,1,"Chart a Course",{1}{U},1020,560,460,1020,560,460,0.5490196078431373,25.15510009661056,30.56100687203816,1.8019689251425328,E,19.87857142857143,21.097826086956523
JMP Pirates 2,1,"Corsair Captain",{2}{U},1208,750,458,1208,750,458,0.6208609271523179,72.30223033214888,77.66644003716821,1.788069901673111,C,18.342666666666666,20.849344978165938
JMP Pirates 2,1,"Departed Deckhand",{1}{U},1090,676,414,1090,676,414,0.6201834862385321,62.82376269459021,67.98034657213647,1.7188612925154203,C,18.338757396449704,20.50966183574879
JMP Pirates 2,1,"Rishadan Airship",{2}{U},1175,671,504,1175,671,504,0.571063829787234,69.28388576128384,74.56709466835878,1.761069635691645,C,18.75707898658718,20.38293650793651
JMP Pirates 2,1,"Spectral Sailor",{U},1090,668,422,1090,668,422,0.6128440366972477,63.988527627611006,69.29300892275404,1.768160431714345,C,18.17365269461078,20.90521327014218
JMP Pirates 2,1,"Pirate's Cutlass",{3},1158,644,514,1158,644,514,0.5561312607944733,59.04520465861952,64.38365640507035,1.7794839154836126,C,18.656832298136646,19.86964980544747
JMP Pirates 2,1,"Kitesail Corsair",{1}{U},1100,632,468,1100,632,468,0.5745454545454546,53.88188459509237,59.18098545815387,1.7663669543538327,C,18.28006329113924,20.73931623931624
JMP Pirates 2,1,"Curious Obsession",{U},1044,588,456,1044,588,456,0.5632183908045977,35.00165097609451,40.377998399768444,1.7921158078913126,D,18.598639455782312,21.103070175438596
JMP Pirates 2,1,"Sailor of Means",{2}{U},1052,572,480,1052,572,480,0.5437262357414449,53.20132783276974,58.52095882868733,1.7732103319725285,C,19.702797202797203,21.470833333333335
JMP Pirates 2,1,"Chart a Course",{1}{U},995,533,462,995,533,462,0.535678391959799,17.17743118510768,22.552335913937036,1.7916349096097854,E,19.515947467166978,20.993506493506494
JMP Pirates 2,1,"Read the Tides",{5}{U},872,517,355,872,517,355,0.5928899082568807,56.844582203686954,62.102218003695484,1.7525452666695103,C,20.017408123791103,22.35774647887324
JMP Pirates 2,1,"Prosperous Pirates",{4}{U},897,504,393,897,504,393,0.5618729096989966,67.17042150760204,72.47769288640367,1.769090459600545,C,19.996031746031747,21.796437659033078
JMP Plus One 1,1,"Pridemalkin",{2}{G},1023,569,454,1023,569,454,0.5562072336265884,64.70711048742739,70.04996204925608,1.780950520609566,C,20.486818980667838,20.54185022026432
JMP Plus One 1,1,"Nessian Hornbeetle",{1}{G},1041,569,472,1041,569,472,0.5465898174831892,54.754471418660096,60.044892221347894,1.763473600895932,C,20.439367311072058,21.165254237288135
JMP Plus One 1,1,"Arbor Armament",{G},934,561,373,934,561,373,0.6006423982869379,52.89494604192061,58.233071497352114,1.7793751518105014,C,20.86452762923351,20.949061662198392
JMP Plus One 1,1,"Invigorating Surge",{2}{G},869,556,313,869,556,313,0.6398158803222095,75.13688324376686,80.427730700972,1.763615819068382,C,20.77338129496403,21.498402555910545
JMP Plus One 1,1,"Trufflesnout",{2}{G},1027,554,473,1027,554,473,0.5394352482960078,62.51545760913559,67.9530177257717,1.812520038878704,C,21.216606498194945,21.266384778012686
JMP Plus One 1,1,"Wildwood Scourge",{X}{G},974,551,423,974,551,423,0.5657084188911704,66.05157747734437,71.42325821167326,1.790560244776296,C,21.24137931034483,21.307328605200947
JMP Plus One 1,1,"Ironshell Beetle",{1}{G},942,521,421,942,521,421,0.5530785562632696,65.80371255508034,71.09829339440813,1.7648602797759294,C,21.27063339731286,21.885985748218527
JMP Plus One 1,1,"Hunter's Edge",{3}{G},813,514,299,813,514,299,0.6322263222632226,84.97016264385064,90.51433749908297,1.8480582850774434,B,20.352140077821012,21.578595317725753
JMP Plus One 1,1,"Armorcraft Judge",{3}{G},768,485,283,768,485,283,0.6315104166666666,63.88818074073017,69.35405459095087,1.821957950073565,C,21.197938144329896,22.692579505300355
JMP Plus One 1,1,"Primeval Bounty",{5}{G},798,449,349,798,449,349,0.5626566416040101,82.86028842823325,88.152068382839,1.7639266515352519,B,23.285077951002226,21.624641833810887
JMP Plus One 1,1,"Fertilid",{2}{G},936,422,514,936,422,514,0.45085470085470086,41.15933054232032,46.4369747658821,1.7592147411872587,D,22.267772511848342,20.5
JMP Plus One 2,1,"Nessian Hornbeetle",{1}{G},1098,520,578,1098,520,578,0.47358834244080145,59.01196663941708,64.17325838130238,1.7204305806284308,C,20.30576923076923,21.008650519031143
JMP Plus One 2,1,"Trufflesnout",{2}{G},1107,515,592,1107,515,592,0.46522131887985546,59.718288186823635,65.07732167288442,1.7863444953535952,C,20.30873786407767,20.86993243243243
JMP Plus One 2,1,"Invigorating Surge",{2}{G},896,514,382,896,514,382,0.5736607142857143,70.11278809401654,75.44315629395386,1.7767893999791087,C,19.95136186770428,21.526178010471206
JMP Plus One 2,1,"Pridemalkin",{2}{G},1046,502,544,1046,502,544,0.47992351816443596,64.65337526406427,70.00170985850319,1.7827781981463091,C,20.394422310756973,20.954044117647058
JMP Plus One 2,1,"Arbor Armament",{G},969,500,469,969,500,469,0.5159958720330238,57.72102604544647,63.01334739494992,1.764107116501148,C,20.078,21.053304904051174
JMP Plus One 2,1,"Wildwood Scourge",{X}{G},1009,485,524,1009,485,524,0.48067393458870167,66.76144764363677,72.07000271324765,1.7695183565369574,C,20.476288659793813,20.82442748091603
JMP Plus One 2,1,"Hunter's Edge",{3}{G},787,466,321,787,466,321,0.5921219822109276,75.08334442905455,80.49402151737087,1.8035590294387744,C,20.049356223175966,22.02803738317757
JMP Plus One 2,1,"Ironshell Beetle",{1}{G},925,441,484,925,441,484,0.47675675675675677,56.416573824297714,61.80281132555289,1.7954125004183905,C,21.18140589569161,21.25413223140496
JMP Plus One 2,1,"Armorcraft Judge",{3}{G},784,422,362,784,422,362,0.5382653061224489,53.57446578976592,58.866512316181684,1.764015508805255,C,21.16350710900474,21.74585635359116
JMP Plus One 2,1,"Branching Evolution",{2}{G},899,374,525,899,374,525,0.41601779755283647,46.25043879626034,51.68674372444558,1.8121016427284125,D,21.419786096256683,20.35809523809524
JMP Plus One 2,1,"Fertilid",{2}{G},950,360,590,950,360,590,0.37894736842105264,36.17471351764489,41.49018984198203,1.7718254414457146,D,21.82777777777778,20.52542372881356
JMP Plus One 3,1,"Rishkar, Peema Renegade",{2}{G},1053,497,556,1053,497,556,0.47198480531813863,67.29571107238348,72.681408207933,1.7952323785165045,C,19.480885311871226,21.109712230215827
JMP Plus One 3,1,"Nessian Hornbeetle",{1}{G},1092,490,602,1092,490,602,0.44871794871794873,61.239965307785475,66.60020299718028,1.786745896464934,C,19.65714285714286,20.769102990033222
JMP Plus One 3,1,"Invigorating Surge",{2}{G},894,486,408,894,486,408,0.5436241610738255,62.793028669552314,68.12945999683265,1.7788104424267792,C,19.74897119341564,21.83578431372549
JMP Plus One 3,1,"Wildwood Scourge",{X}{G},1042,485,557,1042,485,557,0.4654510556621881,62.24234275649706,67.58976686826948,1.7824747039241406,C,19.55876288659794,20.85996409335727
JMP Plus One 3,1,"Arbor Armament",{G},1006,469,537,1006,469,537,0.4662027833001988,48.11597097483209,53.3663330687628,1.7501206979769033,D,19.646055437100213,21.05586592178771
JMP Plus One 3,1,"Trufflesnout",{2}{G},1043,459,584,1043,459,584,0.44007670182166825,59.874164628340615,65.34194824719472,1.8225945396180356,C,20.265795206971678,21.539383561643834
JMP Plus One 3,1,"Hunter's Edge",{3}{G},855,457,398,855,457,398,0.5345029239766081,79.35013822424571,84.66831239972895,1.7727247251610792,B,19.789934354485776,22.298994974874372
JMP Plus One 3,1,"Pridemalkin",{2}{G},1008,447,561,1008,447,561,0.44345238095238093,59.16892587787802,64.4508563929916,1.760643505037859,C,19.736017897091724,21.20142602495544
JMP Plus One 3,1,"Inspiring Call",{2}{G},996,431,565,996,431,565,0.4327309236947791,32.81016518288304,38.06649960589918,1.752111474338713,D,20.31090487238979,20.27787610619469
JMP Plus One 3,1,"Fertilid",{2}{G},940,326,614,940,326,614,0.3468085106382979,33.45574007066793,38.95810411328944,1.8341213475405025,D,21.595092024539877,20.721498371335503
JMP Plus One 3,1,"Scrounging Bandar",{1}{G},2,2,0,2,2,0,1.0,74.7696893432169,99.0222443258717,8.084184994218264,C,20.0,NaN
JMP Plus One 4,1,"Trufflesnout",{2}{G},1082,547,535,1082,547,535,0.5055452865064695,67.77179931209093,73.11819856336557,1.7821330837582128,C,19.548446069469836,19.90467289719626
JMP Plus One 4,1,"Nessian Hornbeetle",{1}{G},1099,545,554,1099,545,554,0.4959053685168335,52.78803583091789,58.128608451670516,1.7801908735842085,C,18.473394495412844,19.65162454873646
JMP Plus One 4,1,"Wildwood Scourge",{X}{G},992,537,455,992,537,455,0.5413306451612904,64.51685755947774,69.65056755206183,1.7112366641946954,C,18.990689013035382,20.389010989010988
JMP Plus One 4,1,"Pridemalkin",{2}{G},1081,531,550,1081,531,550,0.49121184088806663,54.548136865382844,59.909257814695536,1.7870403164375632,C,18.629001883239173,19.696363636363635
JMP Plus One 4,1,"Arbor Armament",{G},957,499,458,957,499,458,0.5214211076280042,46.294385656812814,51.55944490539022,1.7550197495258022,D,18.675350701402806,19.66593886462882
JMP Plus One 4,1,"Champion of Lambholt",{1}{G}{G},948,483,465,948,483,465,0.509493670886076,70.01401259250987,75.12981396570723,1.7052671243991184,C,18.32505175983437,19.612903225806452
JMP Plus One 4,1,"Invigorating Surge",{2}{G},795,468,327,795,468,327,0.5886792452830188,62.40305796693714,67.64127415927996,1.7460720641142733,C,18.94871794871795,20.477064220183486
JMP Plus One 4,1,"Hunter's Edge",{3}{G},829,468,361,829,468,361,0.5645355850422196,64.42382297190008,69.6766439046416,1.7509403109138364,C,19.168803418803417,20.30747922437673
JMP Plus One 4,1,"Lifecrafter's Gift",{3}{G},596,401,195,596,401,195,0.6728187919463087,88.98974789430196,94.18503062754256,1.7317609110802006,B,19.134663341645886,21.682051282051283
JMP Plus One 4,1,"Branching Evolution",{2}{G},931,362,569,931,362,569,0.38882921589688507,52.740640637058384,58.018162859802096,1.759174074247905,C,20.223756906077348,19.101933216168717
JMP Predatory 1,1,"Somberwald Stag",{3}{G}{G},1033,524,509,1033,524,509,0.5072604065827686,84.79153712416193,89.92599157942851,1.711484818422192,B,22.624045801526716,22.237721021611
JMP Predatory 1,1,"Brindle Shoat",{1}{G},957,458,499,957,458,499,0.4785788923719958,69.28769883070115,74.62765170975736,1.7799842930187393,C,22.554585152838428,22.05811623246493
JMP Predatory 1,1,"Sabertooth Mauler",{3}{G},1006,454,552,1006,454,552,0.45129224652087474,64.6152908180097,69.89068082358527,1.758463335191858,C,23.23127753303965,22.068840579710145
JMP Predatory 1,1,"Marauder's Axe",{2},1166,452,714,1166,452,714,0.3876500857632933,51.48875611036468,56.71756563684909,1.7429365088281352,C,22.865044247787612,20.30812324929972
JMP Predatory 1,1,"Sylvan Brushstrider",{2}{G},1009,446,563,1009,446,563,0.44202180376610506,77.14449207355734,82.5863292759616,1.8139457341347536,B,23.04035874439462,22.341030195381883
JMP Predatory 1,1,"Neyith of the Dire Hunt",{2}{G}{G},960,436,524,960,436,524,0.45416666666666666,76.6928593719032,81.90128631032017,1.7361423128056588,B,23.321100917431192,21.828244274809162
JMP Predatory 1,1,"Trufflesnout",{2}{G},977,427,550,977,427,550,0.43705220061412486,64.54745149618127,69.82306682838863,1.7585384440691223,C,23.548009367681498,22.194545454545455
JMP Predatory 1,1,"Dawntreader Elk",{1}{G},1051,415,636,1051,415,636,0.3948620361560419,37.70937736008978,43.00049612861954,1.7637062561765857,D,23.648192771084336,20.9811320754717
JMP Predatory 1,1,"Fungal Rebirth",{2}{G},831,358,473,831,358,473,0.43080625752105894,58.76353319003903,63.95458765076951,1.7303514869101624,C,24.58659217877095,22.727272727272727
JMP Predatory 1,1,"Crushing Canopy",{2}{G},461,206,255,461,206,255,0.44685466377440347,63.38130222655013,68.5706982183851,1.7297986639449912,C,24.50485436893204,22.890196078431373
JMP Predatory 2,1,"Brindle Shoat",{1}{G},1003,451,552,1003,451,552,0.44965104685942175,73.57216437234398,79.21012026938541,1.8793186323471456,C,21.492239467849224,22.384057971014492
JMP Predatory 2,1,"Affectionate Indrik",{5}{G},912,451,461,912,451,461,0.49451754385964913,89.02935900088242,94.57836170013034,1.8496675664159734,B,22.15077605321508,22.830802603036876
JMP Predatory 2,1,"Gingerbrute",{1},1090,436,654,1090,436,654,0.4,51.277317887829085,56.735684596965314,1.8194555697120753,C,21.43577981651376,21.18348623853211
JMP Predatory 2,1,"Neyith of the Dire Hunt",{2}{G}{G},994,428,566,994,428,566,0.4305835010060362,75.13557260655544,80.56501599430906,1.809814462584541,C,21.542056074766354,21.65547703180212
JMP Predatory 2,1,"Marauder's Axe",{2},1121,420,701,1121,420,701,0.3746654772524532,53.308485027299675,58.752212851569524,1.8145759414232832,C,21.62142857142857,20.413694721825962
JMP Predatory 2,1,"Trufflesnout",{2}{G},1015,408,607,1015,408,607,0.4019704433497537,62.9649424860243,68.56469471060856,1.8665840748614215,C,21.654411764705884,22.227347611202635
JMP Predatory 2,1,"Sabertooth Mauler",{3}{G},989,399,590,989,399,590,0.4034378159757331,63.42190416507694,68.97256174949128,1.8502191948047781,C,22.32080200501253,21.82372881355932
JMP Predatory 2,1,"Dawntreader Elk",{1}{G},1039,359,680,1039,359,680,0.3455245428296439,24.094796752406516,29.7925422781231,1.8992485085721953,E,22.568245125348188,21.033823529411766
JMP Predatory 2,1,"Fungal Rebirth",{2}{G},883,314,569,883,314,569,0.3556058890147225,51.971448184510706,57.46242827608056,1.8303266971899501,C,22.812101910828027,22.152899824253076
JMP Predatory 2,1,"Crushing Canopy",{2}{G},460,181,279,460,181,279,0.3934782608695652,62.76615514686944,68.02257769496804,1.7521408493661987,C,22.679558011049725,21.759856630824373
JMP Predatory 3,1,"Somberwald Stag",{3}{G}{G},1033,532,501,1033,532,501,0.5150048402710552,88.34596709026938,93.55990132051123,1.7379780767472819,B,21.469924812030076,23.17365269461078
JMP Predatory 3,1,"Thragtusk",{4}{G},938,515,423,938,515,423,0.5490405117270789,93.82115693391005,99.0847574935464,1.754533519878787,B,22.59611650485437,24.61229314420804
JMP Predatory 3,1,"Brindle Shoat",{1}{G},1020,498,522,1020,498,522,0.48823529411764705,62.02557796506953,67.28139495502744,1.7519389966526362,C,21.43574297188755,22.67816091954023
JMP Predatory 3,1,"Gingerbrute",{1},1096,486,610,1096,486,610,0.44343065693430656,55.96802746602662,61.27159815564908,1.7678568965408195,C,21.395061728395063,21.554098360655736
JMP Predatory 3,1,"Trufflesnout",{2}{G},1045,480,565,1045,480,565,0.45933014354066987,64.75906566854201,70.02299316581913,1.7546424990923737,C,21.866666666666667,22.768141592920355
JMP Predatory 3,1,"Marauder's Axe",{2},1170,473,697,1170,473,697,0.4042735042735043,57.55029381467533,62.76173203032747,1.7371460718840475,C,21.602536997885835,20.78335724533716
JMP Predatory 3,1,"Sabertooth Mauler",{3}{G},1040,471,569,1040,471,569,0.4528846153846154,73.09098879113968,78.24658134984944,1.7185308529032528,C,22.118895966029726,22.432337434094904
JMP Predatory 3,1,"Dawntreader Elk",{1}{G},1055,423,632,1055,423,632,0.4009478672985782,31.83579061349718,37.41171689653725,1.85864209434669,D,22.340425531914892,21.718354430379748
JMP Predatory 3,1,"Fungal Rebirth",{2}{G},901,379,522,901,379,522,0.42064372918978915,56.66160632367614,61.871106680704074,1.7365001190093126,C,23.348284960422163,22.862068965517242
JMP Predatory 3,1,"Crushing Canopy",{2}{G},466,210,256,466,210,256,0.45064377682403434,66.17233446056858,71.39913823065004,1.7422679233604883,C,23.142857142857142,22.4609375
JMP Predatory 4,1,"Ravenous Baloth",{2}{G}{G},1072,495,577,1072,495,577,0.46175373134328357,77.96418033064376,83.28887887699244,1.7748995154495626,B,22.543434343434342,23.545927209705372
JMP Predatory 4,1,"Affectionate Indrik",{5}{G},935,490,445,935,490,445,0.5240641711229946,90.37650886921362,95.73429850478911,1.7859298785251636,B,23.210204081632654,24.30561797752809
JMP Predatory 4,1,"Sylvan Brushstrider",{2}{G},1101,489,612,1101,489,612,0.444141689373297,74.12163920257099,79.58986996592209,1.8227435877836988,C,22.70552147239264,23.026143790849673
JMP Predatory 4,1,"Brindle Shoat",{1}{G},1070,475,595,1070,475,595,0.4439252336448598,61.40660226133274,66.76592580754523,1.786441182070829,C,22.543157894736844,22.89579831932773
JMP Predatory 4,1,"Sabertooth Mauler",{3}{G},1054,470,584,1054,470,584,0.4459203036053131,71.73425826738521,77.03836166333616,1.7680344653169815,C,22.291489361702126,22.78082191780822
JMP Predatory 4,1,"Trufflesnout",{2}{G},1076,449,627,1076,449,627,0.41728624535315983,58.64406628915779,64.12034577841453,1.825426496418912,C,23.19153674832962,22.9377990430622
JMP Predatory 4,1,"Dawntreader Elk",{1}{G},1088,404,684,1088,404,684,0.3713235294117647,33.55525817593572,39.01734946483187,1.8206970962987168,D,22.967821782178216,22.11111111111111
JMP Predatory 4,1,"Fungal Rebirth",{2}{G},947,363,584,947,363,584,0.3833157338965153,53.03894139251606,58.306162827442655,1.7557404783088657,C,24.43801652892562,23.602739726027398
JMP Predatory 4,1,"Crushing Canopy",{2}{G},470,191,279,470,191,279,0.40638297872340423,63.22306665694345,68.41216786532351,1.7297004027933538,C,25.63350785340314,23.189964157706093
JMP Rainbow,1,"Mirrodin's Core",no cost,1291,624,667,1291,624,667,0.4833462432223083,31.161396421234272,36.60804654004777,1.815550039604501,D,22.365384615384617,20.08545727136432
JMP Rainbow,1,"Rupture Spire",no cost,1126,514,612,1126,514,612,0.4564831261101243,39.95125591941019,45.263495709997606,1.7707465968624734,D,23.214007782101167,20.055555555555557
JMP Rainbow,1,"Chamber Sentry",{X},1214,513,701,1214,513,701,0.42257001647446457,64.59916265154509,70.12038385506196,1.8404070678389561,C,23.066276803118907,20.36376604850214
JMP Rainbow,1,"Terramorphic Expanse",no cost,1080,489,591,1080,489,591,0.4527777777777778,39.07348339632521,44.491321191384166,1.8059459316863187,D,23.243353783231083,20.214890016920474
JMP Rainbow,1,"Alloy Myr",{3},1068,489,579,1068,489,579,0.45786516853932585,58.32527209366701,63.809309421527004,1.828012442619997,C,23.014314928425357,20.649395509499136
JMP Rainbow,1,"Skittering Surveyor",{3},1030,485,545,1030,485,545,0.470873786407767,57.449124391206055,62.93004875577013,1.826974788188025,C,22.942268041237114,20.706422018348626
JMP Rainbow,1,"Auger Spree",{1}{B}{R},906,445,461,906,445,461,0.4911699779249448,60.23844428917333,65.66942377350502,1.8103264947772295,C,23.357303370786518,21.308026030368765
JMP Rainbow,1,"Lawmage's Binding",{1}{W}{U},1006,442,564,1006,442,564,0.4393638170974155,53.57265115588159,59.18595550468891,1.871101449602441,C,23.68552036199095,21.30673758865248
JMP Rainbow,1,"Ironroot Warlord",{1}{G}{W},787,432,355,787,432,355,0.5489199491740788,74.65738972304618,79.92231292615249,1.7549744010354347,C,23.90277777777778,21.985915492957748
JMP Rainbow,1,"Raging Regisaur",{2}{R}{G},726,398,328,726,398,328,0.5482093663911846,71.72029800616289,76.99288520119158,1.7575290650095627,C,23.58040201005025,22.533536585365855
JMP Rainbow,1,"Dinrova Horror",{4}{U}{B},646,378,268,646,378,268,0.5851393188854489,65.07744311961697,70.43277673776387,1.7851112060489656,C,24.571428571428573,23.33955223880597
JMP Rainbow,1,"Fusion Elemental",{W}{U}{B}{R}{G},488,292,196,488,292,196,0.5983606557377049,66.95660428489577,72.30704213411958,1.7834792830746005,C,25.493150684931507,22.663265306122447
JMP Rainbow,1,"Maelstrom Archangel",{W}{U}{B}{R}{G},438,290,148,438,290,148,0.6621004566210046,84.90559663137678,90.3554424344447,1.8166152676893037,B,24.76551724137931,24.236486486486488
JMP Rainbow,1,"Prismite",{2},37,32,5,37,32,5,0.8648648648648649,72.91802311969163,83.80821793261056,3.630064937639643,C,26.65625,27.8
JMP Rainbow,1,"Prophetic Prism",{2},31,25,6,31,25,6,0.8064516129032258,73.73157379256139,86.59373495834025,4.287387055259617,C,27.96,27.166666666666668
JMP Reanimated 1,1,"Reanimate",{B},1235,680,555,1235,680,555,0.5506072874493927,46.49431269559503,51.62221804700997,1.7093017838049818,D,19.476470588235294,21.095495495495495
JMP Reanimated 1,1,"Mire Triton",{1}{B},1190,664,526,1190,664,526,0.5579831932773109,61.45922919074575,66.82509183146455,1.7886208802395975,C,20.153614457831324,22.70342205323194
JMP Reanimated 1,1,"Miasmic Mummy",{1}{B},1175,630,545,1175,630,545,0.5361702127659574,49.52516443663974,54.84175729218159,1.7721976185139494,D,20.45079365079365,22.278899082568806
JMP Reanimated 1,1,"Eliminate",{1}{B},1207,624,583,1207,624,583,0.5169842584921293,62.29206560333584,67.64261007209043,1.7835148229181979,C,20.878205128205128,22.259005145797598
JMP Reanimated 1,1,"Crow of Dark Tidings",{2}{B},1160,621,539,1160,621,539,0.5353448275862069,58.69252912820305,63.961710962997685,1.7563939449315455,C,20.30112721417069,22.179962894248607
JMP Reanimated 1,1,"Crypt Lurker",{3}{B},1193,619,574,1193,619,574,0.5188600167644594,59.158788391622394,64.35818256475399,1.7331313910438657,C,20.8578352180937,22.23693379790941
JMP Reanimated 1,1,"Archfiend's Vessel",{B},1086,559,527,1086,559,527,0.5147329650092081,56.86389878992143,62.19390937165778,1.776670193912117,C,20.361359570661897,22.25426944971537
JMP Reanimated 1,1,"Funeral Rites",{2}{B},921,489,432,921,489,432,0.5309446254071661,18.755908341514296,24.087304985781827,1.7771322147558442,E,20.560327198364007,21.83564814814815
JMP Reanimated 1,1,"Tithebearer Giant",{5}{B},876,473,403,876,473,403,0.5399543378995434,57.85372258258826,63.08886392700326,1.7450471148050004,C,21.928118393234673,23.47394540942928
JMP Reanimated 1,1,"Cadaver Imp",{1}{B}{B},937,469,468,937,469,468,0.5005336179295624,59.428675803178024,64.67186160838205,1.7477286017346731,C,21.121535181236673,22.205128205128204
JMP Reanimated 1,1,"Rise Again",{4}{B},881,464,417,881,464,417,0.5266742338251986,47.69260296612869,53.02010078193213,1.7758326052678142,D,21.80387931034483,22.894484412470025
JMP Reanimated 1,1,"Goremand",{4}{B}{B},415,293,122,415,293,122,0.7060240963855422,81.41190260828243,86.77303387013137,1.787043753949647,B,21.09556313993174,23.80327868852459
JMP Reanimated 2,1,"Mire Triton",{1}{B},1133,657,476,1133,657,476,0.5798764342453663,67.64865053647857,73.16883202194356,1.8400604951549946,C,20.409436834094368,22.676470588235293
JMP Reanimated 2,1,"Crypt Lurker",{3}{B},1223,653,570,1223,653,570,0.5339329517579722,59.786859843632726,65.12261294192463,1.7785843660973002,C,20.97549770290965,21.847368421052632
JMP Reanimated 2,1,"Eliminate",{1}{B},1152,627,525,1152,627,525,0.5442708333333334,69.73581772541903,74.97895631882716,1.7477128644693767,C,20.869218500797448,21.878095238095238
JMP Reanimated 2,1,"Reanimate",{B},1145,626,519,1145,626,519,0.5467248908296943,37.26630213120851,42.50172726872946,1.7451417125069832,D,19.797124600638977,20.572254335260116
JMP Reanimated 2,1,"Crow of Dark Tidings",{2}{B},1123,623,500,1123,623,500,0.5547640249332146,59.256398106631494,64.55730846449919,1.7669701192892304,C,20.563402889245587,21.984
JMP Reanimated 2,1,"Miasmic Mummy",{1}{B},1120,622,498,1120,622,498,0.5553571428571429,49.8820118443919,55.239015230060346,1.7856677952228157,D,20.329581993569132,21.636546184738958
JMP Reanimated 2,1,"Carrion Grub",{3}{B},1013,592,421,1013,592,421,0.5844027640671273,74.629351024882,80.10714835143362,1.825932442183877,C,20.739864864864863,22.34204275534442
JMP Reanimated 2,1,"Rise Again",{4}{B},840,490,350,840,490,350,0.5833333333333334,49.95017820951459,55.26428226786679,1.771368019450732,D,21.459183673469386,23.071428571428573
JMP Reanimated 2,1,"Gloom Sower",{5}{B}{B},810,469,341,810,469,341,0.5790123456790124,70.66318292528014,75.75590049313853,1.6975725226194625,C,22.15351812366738,23.296187683284458
JMP Reanimated 2,1,"Funeral Rites",{2}{B},886,469,417,886,469,417,0.5293453724604966,17.21610638940099,22.48402340447,1.7559723383563364,E,21.031982942430705,21.112709832134293
JMP Reanimated 2,1,"Macabre Waltz",{1}{B},830,425,405,830,425,405,0.5120481927710844,40.638331669740815,45.94720939398428,1.7696259080811554,D,22.09176470588235,22.150617283950616
JMP Reanimated 2,1,"Goremand",{4}{B}{B},395,287,108,395,287,108,0.7265822784810126,94.3629893489585,99.77470614311727,1.8039055980529282,B,20.393728222996515,24.52777777777778
JMP Reanimated 3,1,"Mire Triton",{1}{B},1100,639,461,1100,639,461,0.5809090909090909,69.53423928270493,74.79208408173554,1.752614933010205,C,20.54303599374022,21.268980477223426
JMP Reanimated 3,1,"Eliminate",{1}{B},1099,580,519,1099,580,519,0.5277525022747953,56.906849481208155,62.1963086455536,1.7631530547818155,C,20.83448275862069,20.674373795761078
JMP Reanimated 3,1,"Miasmic Mummy",{1}{B},1099,578,521,1099,578,521,0.5259326660600546,62.266986553474425,67.51500045995375,1.7493379688264425,C,20.610726643598618,20.660268714011515
JMP Reanimated 3,1,"Crypt Lurker",{3}{B},1080,577,503,1080,577,503,0.5342592592592592,66.51858405139197,71.71477716317433,1.732064370594123,C,21.386481802426342,21.055666003976143
JMP Reanimated 3,1,"Crow of Dark Tidings",{2}{B},1101,560,541,1101,560,541,0.508628519527702,50.1617991990367,55.27178729130961,1.703329364090969,D,20.694642857142856,20.482439926062845
JMP Reanimated 3,1,"Gravewaker",{4}{B}{B},842,525,317,842,525,317,0.6235154394299287,107.06938535385824,112.10721018313906,1.6792749430936058,A,21.32190476190476,22.006309148264986
JMP Reanimated 3,1,"Rise Again",{4}{B},853,471,382,853,471,382,0.552168815943728,42.47201053293205,47.6726292708402,1.7335395793027142,D,21.50955414012739,21.269633507853403
JMP Reanimated 3,1,"Scourge of Nel Toth",{5}{B}{B},736,457,279,736,457,279,0.6209239130434783,99.6967521957996,104.85104797120013,1.7180985918001752,B,21.778993435448577,22.197132616487455
JMP Reanimated 3,1,"Funeral Rites",{2}{B},860,454,406,860,454,406,0.5279069767441861,24.026276654241105,29.295906562718297,1.7565433028257307,E,20.73127753303965,20.467980295566502
JMP Reanimated 3,1,"Exhume",{1}{B},907,430,477,907,430,477,0.474090407938258,37.674155350115285,42.92510949728875,1.750318049057821,D,21.069767441860463,20.643605870020963
JMP Reanimated 3,1,"Goremand",{4}{B}{B},378,265,113,378,265,113,0.701058201058201,97.25233392444689,102.54939855895093,1.7656882115013453,B,21.256603773584906,22.053097345132745
JMP Reanimated 4,1,"Mire Triton",{1}{B},1179,683,496,1179,683,496,0.5793044953350297,66.65383062501385,72.03312308313902,1.79309748604172,C,21.390922401171302,21.856854838709676
JMP Reanimated 4,1,"Crypt Lurker",{3}{B},1237,678,559,1237,678,559,0.5481002425222312,65.63074689531344,70.91929817693529,1.7628504272072818,C,21.874631268436577,21.343470483005365
JMP Reanimated 4,1,"Crow of Dark Tidings",{2}{B},1179,650,529,1179,650,529,0.5513146734520781,59.50904307397922,64.84584894759533,1.77893529120537,C,21.28153846153846,20.986767485822305
JMP Reanimated 4,1,"Miasmic Mummy",{1}{B},1129,632,497,1129,632,497,0.5597874224977857,56.1813599538451,61.49547567753375,1.771371907896215,C,21.34018987341772,21.77665995975855
JMP Reanimated 4,1,"Eliminate",{1}{B},1184,625,559,1184,625,559,0.5278716216216216,65.52566019366242,70.77600681580337,1.7501155407136493,C,21.376,20.962432915921287
JMP Reanimated 4,1,"Carrion Grub",{3}{B},1089,619,470,1089,619,470,0.5684113865932048,55.92311130777934,61.23093580769048,1.7692748333037138,C,21.331179321486267,21.536170212765956
JMP Reanimated 4,1,"Rise Again",{4}{B},920,536,384,920,536,384,0.5826086956521739,47.51168656593907,52.80790937743785,1.765407603832926,D,21.875,21.921875
JMP Reanimated 4,1,"Funeral Rites",{2}{B},954,526,428,954,526,428,0.5513626834381551,23.628123847561447,29.001184968270685,1.7910203735697465,E,21.325095057034222,20.96728971962617
JMP Reanimated 4,1,"Gloom Sower",{5}{B}{B},781,484,297,781,484,297,0.6197183098591549,85.14712196590729,90.43431056637927,1.7623962001573257,B,23.00826446280992,23.67676767676768
JMP Reanimated 4,1,"Soul Salvage",{2}{B},779,400,379,779,400,379,0.5134788189987163,50.186422995390195,55.53482228234792,1.78279976231924,D,23.0025,21.87598944591029
JMP Reanimated 4,1,"Goremand",{4}{B}{B},397,294,103,397,294,103,0.7405541561712846,97.90952856673188,103.26213472070648,1.7842020513248693,B,22.3265306122449,24.660194174757283
JMP Reanimated 4,1,"Rise of the Dark Realms",{7}{B}{B},215,170,45,215,170,45,0.7906976744186046,74.78689412163972,80.67894966151417,1.9640185132914807,C,25.205882352941178,30.488888888888887
JMP Rogues 1,1,"Oona's Blackguard",{1}{B},1146,738,408,1146,738,408,0.643979057591623,68.18093589015102,73.70087974156738,1.8399812838054543,C,19.865853658536587,19.92401960784314
JMP Rogues 1,1,"Thieves' Guild Enforcer",{B},1122,710,412,1122,710,412,0.6327985739750446,58.7620934592588,64.15850396489844,1.7988035018798816,C,20.29718309859155,20.449029126213592
JMP Rogues 1,1,"Gonti, Lord of Luxury",{2}{B}{B},1061,701,360,1061,701,360,0.6606974552309143,89.93785024132085,95.47064135525704,1.8442637046453996,B,20.80456490727532,20.988888888888887
JMP Rogues 1,1,"Nightshade Stinger",{B},1108,682,426,1108,682,426,0.6155234657039711,52.561539507278596,57.992979585925326,1.8104800262155776,C,19.979472140762464,19.983568075117372
JMP Rogues 1,1,"Nocturnal Feeder",{2}{B},1046,661,385,1046,661,385,0.6319311663479924,72.11962891416093,77.46602411518472,1.7821317336745994,C,20.015128593040846,20.43896103896104
JMP Rogues 1,1,"Lawless Broker",{2}{B},1029,656,373,1029,656,373,0.6375121477162293,73.3525315379342,78.68286709253968,1.7767785182018299,C,20.736280487804876,20.541554959785522
JMP Rogues 1,1,"Stab Wound",{2}{B},1078,652,426,1078,652,426,0.6048237476808905,55.43569593445657,60.8399221120242,1.8014087258558764,C,20.67484662576687,20.6056338028169
JMP Rogues 1,1,"Rogue's Gloves",{2},1085,606,479,1085,606,479,0.5585253456221199,32.095731936563084,37.59083797794444,1.8317020137937858,D,21.06105610561056,19.08141962421712
JMP Rogues 1,1,"Finishing Blow",{4}{B},968,604,364,968,604,364,0.6239669421487604,71.18508966509091,76.63434340778885,1.8164179142326446,C,21.50662251655629,21.28846153846154
JMP Rogues 1,1,"Masked Blackguard",{1}{B},964,570,394,964,570,394,0.5912863070539419,61.05520767899419,66.36344198211386,1.7694114343732195,C,20.729824561403507,20.5253807106599
JMP Rogues 1,1,"Alchemist's Gift",{B},834,565,269,834,565,269,0.6774580335731415,59.45654798495916,65.05881232574973,1.8674214469301897,C,20.886725663716813,21.780669144981413
JMP Rogues 1,1,"Mausoleum Turnkey",{3}{B},827,494,333,827,494,333,0.5973397823458283,78.17778534353687,83.43431830912625,1.7521776551964645,B,22.091093117408906,21.11111111111111
JMP Rogues 2,1,"Nocturnal Feeder",{2}{B},1147,677,470,1147,677,470,0.5902353966870096,66.98499343079429,72.32934507205988,1.7814505470885318,C,19.49335302806499,21.32127659574468
JMP Rogues 2,1,"Thieves' Guild Enforcer",{B},1192,676,516,1192,676,516,0.5671140939597316,57.887396980372195,63.29852977360598,1.803710931077928,C,19.59467455621302,21.313953488372093
JMP Rogues 2,1,"Oona's Blackguard",{1}{B},1135,665,470,1135,665,470,0.5859030837004405,65.0365973844259,70.45937275299237,1.8075917895221516,C,19.393984962406016,20.727659574468085
JMP Rogues 2,1,"Last Gasp",{1}{B},1154,644,510,1154,644,510,0.5580589254766031,60.948702225285764,66.42211405723224,1.824470610648823,C,20.220496894409937,21.892156862745097
JMP Rogues 2,1,"Lawless Broker",{2}{B},1120,612,508,1120,612,508,0.5464285714285714,63.73354420657281,69.04491232766021,1.7704560403624678,C,20.122549019607842,21.746062992125985
JMP Rogues 2,1,"Stab Wound",{2}{B},1142,611,531,1142,611,531,0.5350262697022767,66.18679595367452,71.51417588283614,1.7757933097205412,C,20.014729950900165,21.73069679849341
JMP Rogues 2,1,"Nightshade Stinger",{B},1081,597,484,1081,597,484,0.5522664199814986,56.09651783459478,61.50385930345546,1.8024471562868938,C,19.53601340033501,20.828512396694215
JMP Rogues 2,1,"Corpse Hauler",{1}{B},1110,591,519,1110,591,519,0.5324324324324324,60.754896365646616,66.30017704930165,1.8484268945516786,C,19.82910321489002,21.4373795761079
JMP Rogues 2,1,"Alchemist's Gift",{B},888,574,314,888,574,314,0.6463963963963963,67.0638579169835,72.69018089079387,1.875440991270123,C,20.261324041811847,22.191082802547772
JMP Rogues 2,1,"Masked Blackguard",{1}{B},1032,554,478,1032,554,478,0.5368217054263565,57.73094023444847,63.225339351483015,1.8314663723448494,C,20.21480144404332,21.5836820083682
JMP Rogues 2,1,"Rogue's Gloves",{2},1062,515,547,1062,515,547,0.4849340866290019,25.557436325211874,31.068650720190167,1.8370714649927635,D,20.700970873786407,20.13893967093236
JMP Rogues 2,1,"Corpse Traders",{3}{B},5,4,1,5,4,1,0.8,80.84364764069949,102.441738851326,7.199363736875505,B,20.75,42.0
JMP Seismic,1,"Grim Lavamancer",{R},1098,496,602,1098,496,602,0.4517304189435337,67.16776204742335,72.51059421442235,1.7809440556663347,C,21.316532258064516,21.91860465116279
JMP Seismic,1,"Volcanic Geyser",{X}{R}{R},1131,494,637,1131,494,637,0.4367816091954023,66.8723624663136,72.20480857198908,1.7774820352251568,C,21.90080971659919,21.92464678178964
JMP Seismic,1,"Bloodrock Cyclops",{2}{R},1123,480,643,1123,480,643,0.42742653606411396,54.74625671318897,60.11723018895484,1.7903244919219572,C,21.114583333333332,21.738724727838257
JMP Seismic,1,"Magma Jet",{1}{R},1079,473,606,1079,473,606,0.43836886005560705,55.41016407935269,60.73532765742758,1.7750545260249642,C,21.59830866807611,22.566006600660067
JMP Seismic,1,"Ashmouth Hound",{1}{R},1055,456,599,1055,456,599,0.4322274881516588,56.835996813385044,62.151842608900026,1.7719485985049932,C,21.57675438596491,22.18864774624374
JMP Seismic,1,"Spitting Earth",{1}{R},1050,456,594,1050,456,594,0.4342857142857143,62.75291538504265,68.07501787087686,1.774034161944738,C,22.164473684210527,22.685185185185187
JMP Seismic,1,"Molten Ravager",{2}{R},1042,393,649,1042,393,649,0.3771593090211132,55.585337820338765,60.832077057861454,1.7489130791742298,C,22.865139949109416,22.12788906009245
JMP Seismic,1,"Cinder Elemental",{3}{R},1020,390,630,1020,390,630,0.38235294117647056,53.774508705442095,59.0492808485114,1.7582573810231017,C,22.307692307692307,22.38888888888889
JMP Seismic,1,"Mana Geode",{3},954,354,600,954,354,600,0.3710691823899371,37.565669767126465,42.79768033598116,1.744003522951565,D,22.62146892655367,21.961666666666666
JMP Seismic,1,"Volcanic Fallout",{1}{R}{R},597,312,285,597,312,285,0.5226130653266332,90.22601244440534,95.67883214276141,1.8176065661186869,B,21.939102564102566,23.16842105263158
JMP Seismic,1,"Magmaquake",{X}{R}{R},687,241,446,687,241,446,0.3508005822416303,66.8171651607081,72.11281995943432,1.7652182662420737,C,24.933609958506224,23.87219730941704
JMP Seismic,1,"Seismic Elemental",{3}{R}{R},6,1,5,6,1,5,0.16666666666666666,55.247368919769556,72.41210849391464,5.721579858048364,C,23.0,19.4
JMP Smashing 1,1,"Flametongue Kavu",{3}{R},1039,746,293,1039,746,293,0.7179980750721848,99.23963429589172,105.0781310073069,1.9461655704717253,B,19.66219839142091,22.31740614334471
JMP Smashing 1,1,"Shock",{R},1134,674,460,1134,674,460,0.5943562610229277,56.60505409060334,62.47266220082486,1.9558693700738385,C,20.0,20.921739130434784
JMP Smashing 1,1,"Bloodrage Brawler",{1}{R},1113,658,455,1113,658,455,0.5911949685534591,78.13135274291213,83.70258316355455,1.8570768068808052,B,18.846504559270517,21.197802197802197
JMP Smashing 1,1,"Turret Ogre",{3}{R},999,611,388,999,611,388,0.6116116116116116,71.35059088873928,77.03753869288441,1.8956492680483772,C,20.057283142389526,21.54381443298969
JMP Smashing 1,1,"Onakke Ogre",{2}{R},1022,609,413,1022,609,413,0.5958904109589042,57.8619777016157,63.489197879081075,1.8757400591551245,C,19.894909688013136,20.93946731234867
JMP Smashing 1,1,"Borderland Marauder",{1}{R},994,606,388,994,606,388,0.6096579476861167,59.91112787573084,65.46424642219964,1.8510395154895973,C,19.752475247524753,21.201030927835053
JMP Smashing 1,1,"Heartfire Immolator",{1}{R},1009,581,428,1009,581,428,0.5758176412289395,59.13697291602693,64.9681149700108,1.9437140179946248,C,19.645438898450948,21.27803738317757
JMP Smashing 1,1,"Volcanic Salvo",{10}{R}{R},652,531,121,652,531,121,0.8144171779141104,104.3381675748251,110.27880918456813,1.9802138699143403,A,20.36346516007533,26.09917355371901
JMP Smashing 1,1,"Furious Rise",{2}{R},914,521,393,914,521,393,0.5700218818380745,20.314425338144233,26.32780371891834,2.004459460258035,E,20.877159309021113,20.452926208651398
JMP Smashing 1,1,"Bone Pit Brute",{4}{R}{R},748,513,235,748,513,235,0.6858288770053476,84.6112452269239,90.23575382085497,1.8748361979770247,B,20.933723196881093,23.208510638297874
JMP Smashing 1,1,"Unleash Fury",{1}{R},47,32,15,47,32,15,0.6808510638297872,62.643663500537215,71.2578487212522,2.871395073571663,C,22.71875,24.466666666666665
JMP Smashing 1,1,"Fling",{1}{R},1,1,0,1,1,0,1.0,73.4340277295562,98.43417057371133,8.333380948051708,C,15.0,NaN
JMP Smashing 2,1,"Bloodrage Brawler",{1}{R},1098,591,507,1098,591,507,0.5382513661202186,75.90313965826476,81.5229478807553,1.8732694074968432,C,18.698815566835872,20.660749506903354
JMP Smashing 2,1,"Onakke Ogre",{2}{R},1027,566,461,1027,566,461,0.5511197663096398,63.7778528337839,69.42738784591123,1.883178337375774,C,19.130742049469966,20.934924078091107
JMP Smashing 2,1,"Short Sword",{1},1116,562,554,1116,562,554,0.503584229390681,51.41580122193276,57.05248114643644,1.8788933081678947,C,19.459074733096084,19.77797833935018
JMP Smashing 2,1,"Turret Ogre",{3}{R},976,541,435,976,541,435,0.5543032786885246,61.803096542167246,67.49313158062898,1.8966783461539127,C,19.720887245841034,20.92873563218391
JMP Smashing 2,1,"Heartfire Immolator",{1}{R},1072,529,543,1072,529,543,0.49347014925373134,51.900373993763736,57.58399791852622,1.894541308254162,C,19.465028355387524,20.61694290976059
JMP Smashing 2,1,"Borderland Marauder",{1}{R},1026,521,505,1026,521,505,0.5077972709551657,58.96536618062742,64.70042923708495,1.9116876854858427,C,19.406909788867562,20.64752475247525
JMP Smashing 2,1,"Furious Rise",{2}{R},926,450,476,926,450,476,0.48596112311015116,19.649934675697303,25.578288409491833,1.976117911264844,E,20.215555555555557,19.81512605042017
JMP Smashing 2,1,"Volcanic Salvo",{10}{R}{R},559,433,126,559,433,126,0.774597495527728,99.57630963473842,105.38046622597165,1.9347188637444077,B,20.17782909930716,25.11111111111111
JMP Smashing 2,1,"Bone Pit Brute",{4}{R}{R},625,416,209,625,416,209,0.6656,82.31765917377803,87.84005163182547,1.8407974860158172,B,20.91826923076923,23.62200956937799
JMP Smashing 2,1,"Hungry Flames",{2}{R},462,397,65,462,397,65,0.8593073593073594,111.45454149053654,117.5622155255476,2.035891345003686,A,18.869017632241814,24.215384615384615
JMP Smashing 2,1,"Flames of the Raze-Boar",{5}{R},677,383,294,677,383,294,0.5657311669128509,84.76294030012096,90.34820620096386,1.8617553002809637,B,21.16971279373368,22.197278911564627
JMP Smashing 2,1,"Fling",{1}{R},1,1,0,1,1,0,1.0,74.4352176950458,98.98318645152948,8.182656252161227,C,20.0,NaN
JMP Smashing 3,1,"Bloodrage Brawler",{1}{R},1136,583,553,1136,583,553,0.5132042253521126,68.78492975442136,74.10497506752128,1.7733484376999749,C,19.528301886792452,21.280289330922244
JMP Smashing 3,1,"Inferno Hellion",{3}{R},1027,553,474,1027,553,474,0.5384615384615384,76.99882946756722,82.3161851957056,1.7724519093794588,B,20.804701627486438,21.48945147679325
JMP Smashing 3,1,"Turret Ogre",{3}{R},995,536,459,995,536,459,0.5386934673366834,69.89971837628767,75.2398933670809,1.7800583302644082,C,20.671641791044777,21.99346405228758
JMP Smashing 3,1,"Heartfire Immolator",{1}{R},1055,529,526,1055,529,526,0.5014218009478673,58.95171647206839,64.27515841862505,1.7744806488522218,C,20.7882797731569,21.302281368821294
JMP Smashing 3,1,"Onakke Ogre",{2}{R},1037,524,513,1037,524,513,0.5053037608486017,60.97341035189763,66.42646909048234,1.8176862461949046,C,20.25,21.30019493177388
JMP Smashing 3,1,"Borderland Marauder",{1}{R},1009,487,522,1009,487,522,0.48265609514370666,55.13990604869546,60.4261693936852,1.7620877816632468,C,20.767967145790553,20.70689655172414
JMP Smashing 3,1,"Sarkhan's Unsealing",{3}{R},919,471,448,919,471,448,0.5125136017410229,65.46511820110186,70.68605898223191,1.740313593710017,C,20.774946921443735,20.941964285714285
JMP Smashing 3,1,"Bone Pit Brute",{4}{R}{R},710,457,253,710,457,253,0.643661971830986,81.22806534149183,86.38610348556345,1.7193460480238751,B,21.161925601750546,23.608695652173914
JMP Smashing 3,1,"Furious Rise",{2}{R},933,432,501,933,432,501,0.4630225080385852,21.09948073252739,26.419966676309716,1.7734953145941095,E,21.27314814814815,20.37924151696607
JMP Smashing 3,1,"Hamletback Goliath",{6}{R},462,263,199,462,263,199,0.5692640692640693,92.66881900222164,97.92810016534483,1.7530937210410649,B,24.1787072243346,23.974874371859297
JMP Smashing 3,1,"Unleash Fury",{1}{R},40,24,16,40,24,16,0.6,62.854839614995065,71.02714783290315,2.7241027393026958,C,21.166666666666668,23.0
JMP Smashing 4,1,"Furor of the Bitten",{R},1092,636,456,1092,636,456,0.5824175824175825,60.991737493397245,66.32221605108387,1.7768261858955419,C,19.199685534591193,19.81359649122807
JMP Smashing 4,1,"Bloodrage Brawler",{1}{R},1118,607,511,1118,607,511,0.5429338103756708,77.13948699765247,82.64894604475379,1.8364863490337726,B,18.971993410214168,20.89628180039139
JMP Smashing 4,1,"Onakke Ogre",{2}{R},1062,570,492,1062,570,492,0.536723163841808,52.916479825242845,58.34018095115334,1.8079003753035,C,19.49298245614035,20.774390243902438
JMP Smashing 4,1,"Turret Ogre",{3}{R},1024,568,456,1024,568,456,0.5546875,66.18939370834941,71.83286809691488,1.8811581295218236,C,20.010563380281692,21.146929824561404
JMP Smashing 4,1,"Heartfire Immolator",{1}{R},1064,561,503,1064,561,503,0.5272556390977443,48.01838989711657,53.45605541654915,1.8125551731441918,D,19.409982174688057,20.66202783300199
JMP Smashing 4,1,"Borderland Marauder",{1}{R},999,558,441,999,558,441,0.5585585585585585,61.054354854842394,66.47334814362429,1.8063310962606323,C,19.71505376344086,20.802721088435373
JMP Smashing 4,1,"Bloodshot Trainee",{3}{R},969,469,500,969,469,500,0.4840041279669763,57.94891499809968,63.33450046348193,1.795195155127415,C,21.119402985074625,21.038
JMP Smashing 4,1,"Furious Rise",{2}{R},933,469,464,933,469,464,0.5026795284030011,28.273327759519393,33.72189246009699,1.816188233525865,D,20.567164179104477,19.754310344827587
JMP Smashing 4,1,"Bone Pit Brute",{4}{R}{R},713,449,264,713,449,264,0.6297335203366059,84.41620012650428,89.85134219861767,1.8117140240377982,B,20.694877505567927,22.568181818181817
JMP Smashing 4,1,"Hungry Flames",{2}{R},489,411,78,489,411,78,0.8404907975460123,96.15189906294977,102.08713400088735,1.9784116459791945,B,19.194647201946474,22.807692307692307
JMP Smashing 4,1,"Etali, Primal Storm",{4}{R}{R},620,361,259,620,361,259,0.582258064516129,62.740017197569244,68.36703831433842,1.8756737055897237,C,21.831024930747922,22.494208494208493
JMP Smashing 4,1,"Fling",{1}{R},24,21,3,24,21,3,0.875,78.91552458184646,94.34754776234605,5.144007726833197,B,19.238095238095237,27.333333333333332
JMP Spellcasting 1,1,"Shock",{R},1283,578,705,1283,578,705,0.4505066250974279,58.4827811900335,64.07770640741703,1.8649750724611753,C,20.636678200692042,21.547517730496455
JMP Spellcasting 1,1,"Living Lightning",{3}{R},1187,486,701,1187,486,701,0.409435551811289,68.71612576114588,74.13009567857588,1.8046566391433385,C,21.403292181069958,21.486447931526392
JMP Spellcasting 1,1,"Lightning Visionary",{1}{R},1229,484,745,1229,484,745,0.3938161106590724,48.593662620339344,54.088269119763,1.8315354998078848,D,20.74173553719008,21.1248322147651
JMP Spellcasting 1,1,"Heartfire Immolator",{1}{R},1198,465,733,1198,465,733,0.38814691151919867,47.3109232399818,52.82834848942123,1.8391417498131442,D,20.43010752688172,21.290586630286494
JMP Spellcasting 1,1,"Chandra's Pyreling",{1}{R},1169,449,720,1169,449,720,0.3840889649272883,43.16278682280854,48.755116889551374,1.8641100222476108,D,21.35412026726058,21.580555555555556
JMP Spellcasting 1,1,"Thermo-Alchemist",{1}{R},1106,447,659,1106,447,659,0.40415913200723325,53.62667883534666,58.888812704687886,1.754044623113743,C,21.550335570469798,21.136570561456754
JMP Spellcasting 1,1,"Kinetic Augur",{3}{R},1130,413,717,1130,413,717,0.3654867256637168,54.45079156444823,59.95299208396045,1.8340668398374071,C,22.46731234866828,21.475592747559276
JMP Spellcasting 1,1,"Hungry Flames",{2}{R},441,385,56,441,385,56,0.873015873015873,116.17365799792734,122.04101967823439,1.955787226769018,A,20.815584415584414,24.767857142857142
JMP Spellcasting 1,1,"Goblin Wizardry",{3}{R},914,372,542,914,372,542,0.40700218818380746,65.70883391146839,71.2154772639117,1.8355477841477699,C,22.47043010752688,22.35608856088561
JMP Spellcasting 1,1,"Blindblast",{2}{R},863,367,496,863,367,496,0.42526071842410196,51.59880115167749,57.143428856765716,1.848209235029407,C,21.896457765667574,21.969758064516128
JMP Spellcasting 1,1,"Double Vision",{3}{R}{R},983,360,623,983,360,623,0.3662258392675483,51.180114613985396,56.64540305045827,1.8217628121576241,C,21.91111111111111,21.17817014446228
JMP Spellcasting 1,1,"Thrill of Possibility",{1}{R},545,203,342,545,203,342,0.3724770642201835,38.534009187800486,44.01202784052338,1.8260062175742977,D,21.738916256157637,21.35672514619883
JMP Spellcasting 2,1,"Flame Lash",{3}{R},1144,578,566,1144,578,566,0.5052447552447552,73.85993584091523,79.35651964339975,1.8321946008281749,C,20.65051903114187,21.867491166077738
JMP Spellcasting 2,1,"Shock",{R},1141,539,602,1141,539,602,0.4723926380368098,69.05743782638227,74.60812036244025,1.8502275120193246,C,20.54359925788497,21.68106312292359
JMP Spellcasting 2,1,"Heartfire Immolator",{1}{R},1133,481,652,1133,481,652,0.4245366284201236,48.524747930087145,54.032442638799225,1.835898236237359,D,20.65072765072765,21.642638036809817
JMP Spellcasting 2,1,"Young Pyromancer",{1}{R},1097,470,627,1097,470,627,0.4284412032816773,65.76161820102908,71.09709168066215,1.7784911598776894,C,20.72340425531915,21.696969696969695
JMP Spellcasting 2,1,"Kiln Fiend",{1}{R},1112,469,643,1112,469,643,0.42176258992805754,54.13959347358595,59.44788758498069,1.7694313704649156,C,21.30277185501066,21.58320373250389
JMP Spellcasting 2,1,"Lightning Visionary",{1}{R},1143,469,674,1143,469,674,0.410323709536308,44.1252638604422,49.63886250920857,1.837866216255456,D,20.334754797441363,21.451038575667656
JMP Spellcasting 2,1,"Chandra's Pyreling",{1}{R},1115,466,649,1115,466,649,0.4179372197309417,52.51796237798315,58.144472832072836,1.8755034846965613,C,21.126609442060087,21.779661016949152
JMP Spellcasting 2,1,"Thermo-Alchemist",{1}{R},1045,448,597,1045,448,597,0.42870813397129187,62.94344257537755,68.37214639588097,1.8095679401678069,C,20.754464285714285,21.88609715242881
JMP Spellcasting 2,1,"Kinetic Augur",{3}{R},1063,430,633,1063,430,633,0.4045155221072437,52.92942748773366,58.43126461331701,1.8339457085277837,C,21.802325581395348,22.1216429699842
JMP Spellcasting 2,1,"Hungry Flames",{2}{R},411,362,49,411,362,49,0.8807785888077859,115.68097975772038,121.94806820518478,2.0890294824881352,A,20.7292817679558,22.755102040816325
JMP Spellcasting 2,1,"Double Vision",{3}{R}{R},876,337,539,876,337,539,0.384703196347032,48.93568672353182,54.48308390016931,1.849132392212496,D,22.204747774480712,21.641929499072358
JMP Spellcasting 2,1,"Thrill of Possibility",{1}{R},550,215,335,550,215,335,0.39090909090909093,36.42144354701648,42.04867421849616,1.8757435571598922,D,21.455813953488374,22.414925373134327
JMP Spellcasting 3,1,"Shock",{R},1181,531,650,1181,531,650,0.44961896697713805,66.04078881885265,71.60644677524988,1.8552193187990784,C,20.849340866290017,21.703076923076924
JMP Spellcasting 3,1,"Heartfire Immolator",{1}{R},1212,486,726,1212,486,726,0.400990099009901,55.400899395687034,60.913719416755036,1.837606673689333,C,20.818930041152264,21.447658402203857
JMP Spellcasting 3,1,"Dragon Fodder",{1}{R},1086,447,639,1086,447,639,0.4116022099447514,56.13264987643594,61.59086469063815,1.819404938067402,C,21.695749440715883,21.774647887323944
JMP Spellcasting 3,1,"Lightning Visionary",{1}{R},1183,433,750,1183,433,750,0.36601859678782755,49.408344165119324,54.97012254089792,1.853926125259531,D,20.625866050808312,21.281333333333333
JMP Spellcasting 3,1,"Living Lightning",{3}{R},1108,431,677,1108,431,677,0.38898916967509023,61.30727053574272,66.76923907968622,1.820656181314499,C,21.464037122969838,21.38109305760709
JMP Spellcasting 3,1,"Thermo-Alchemist",{1}{R},1103,422,681,1103,422,681,0.3825929283771532,57.411173282099554,62.78135028022378,1.7900589993747422,C,21.35781990521327,21.430249632892803
JMP Spellcasting 3,1,"Chandra's Pyreling",{1}{R},1130,411,719,1130,411,719,0.363716814159292,49.959218074692274,55.49603849007697,1.8456068051282313,D,21.878345498783457,21.406119610570236
JMP Spellcasting 3,1,"Kinetic Augur",{3}{R},1065,401,664,1065,401,664,0.37652582159624415,59.87359993760449,65.46998660105452,1.865462221150008,C,22.438902743142144,21.926204819277107
JMP Spellcasting 3,1,"Hungry Flames",{2}{R},405,347,58,405,347,58,0.8567901234567902,107.44378421644831,113.1866121109113,1.9142759648209962,A,20.720461095100866,24.879310344827587
JMP Spellcasting 3,1,"Charmbreaker Devils",{5}{R},708,337,371,708,337,371,0.4759887005649718,84.22045038466956,89.46839274416212,1.749314119830853,B,22.42433234421365,22.547169811320753
JMP Spellcasting 3,1,"Thrill of Possibility",{1}{R},568,201,367,568,201,367,0.3538732394366197,19.640379729381348,25.12455172118264,1.8280573306004315,E,22.049751243781095,21.8283378746594
JMP Spellcasting 3,1,"Dualcaster Mage",{1}{R}{R},1,1,0,1,1,0,1.0,74.16706313930035,98.87071970227845,8.234552187659368,C,21.0,NaN
JMP Spellcasting 4,1,"Shock",{R},1108,406,702,1108,406,702,0.3664259927797834,54.18324159635683,59.77017015785002,1.8623095204977294,C,20.83743842364532,20.599715099715098
JMP Spellcasting 4,1,"Heartfire Immolator",{1}{R},1098,390,708,1098,390,708,0.3551912568306011,59.02205606157974,64.77950669407227,1.9191502108308427,C,20.856410256410257,20.81497175141243
JMP Spellcasting 4,1,"Lightning Visionary",{1}{R},1099,380,719,1099,380,719,0.34576888080072793,55.16087883421144,60.765558195093305,1.8682264536272886,C,20.655263157894737,20.49930458970793
JMP Spellcasting 4,1,"Thermo-Alchemist",{1}{R},1057,370,687,1057,370,687,0.3500473036896878,50.49398873068288,55.8923953096988,1.7994688596719726,D,20.93243243243243,20.486171761280932
JMP Spellcasting 4,1,"Kinetic Augur",{3}{R},1083,351,732,1083,351,732,0.32409972299168976,49.06443093885368,54.74105711676803,1.8922087259714493,D,22.11111111111111,21.118852459016395
JMP Spellcasting 4,1,"Chandra's Pyreling",{1}{R},1053,343,710,1053,343,710,0.32573599240265905,49.31557390759219,54.93574403674729,1.8733900430516996,D,21.29737609329446,20.72112676056338
JMP Spellcasting 4,1,"Kiln Fiend",{1}{R},964,335,629,964,335,629,0.3475103734439834,47.68125408476989,53.14943211392521,1.8227260097184395,D,21.062686567164178,20.82034976152623
JMP Spellcasting 4,1,"Hungry Flames",{2}{R},376,309,67,376,309,67,0.8218085106382979,118.8505433342721,124.59626479742211,1.9152404877166695,A,20.550161812297734,24.940298507462686
JMP Spellcasting 4,1,"Thrill of Possibility",{1}{R},672,259,413,672,259,413,0.3854166666666667,38.29360941324337,43.743054093628075,1.8164815601282351,D,21.675675675675677,20.750605326876514
JMP Spellcasting 4,1,"Immolating Gyre",{4}{R}{R},363,192,171,363,192,171,0.5289256198347108,99.05166792724283,104.35230975894285,1.7668806105666734,B,23.78125,23.672514619883042
JMP Spellcasting 4,1,"Doublecast",{R}{R},268,128,140,268,128,140,0.47761194029850745,67.27131025192855,72.64250699689403,1.79039891498849,C,23.2734375,21.664285714285715
JMP Spellcasting 4,1,"Crash Through",{R},35,15,20,35,15,20,0.42857142857142855,66.82227526413993,75.49624886090643,2.8913245322554997,C,22.4,19.1
JMP Spirits 1,1,"Nebelgast Herald",{2}{U},1202,719,483,1202,719,483,0.5981697171381032,62.96820623334858,68.2309539137389,1.7542492267967718,C,18.806675938803895,20.677018633540374
JMP Spirits 1,1,"Shacklegeist",{1}{U},1188,718,470,1188,718,470,0.6043771043771043,67.04368033557782,72.14128144832891,1.6992003709170314,C,18.54874651810585,20.70212765957447
JMP Spirits 1,1,"Departed Deckhand",{1}{U},1164,687,477,1164,687,477,0.5902061855670103,77.59219310418162,82.79054369143671,1.73278352908503,B,18.475982532751093,21.10272536687631
JMP Spirits 1,1,"Battleground Geist",{4}{U},1023,630,393,1023,630,393,0.6158357771260997,80.62187490655121,85.83478064810917,1.7376352471859884,B,19.346031746031745,21.33587786259542
JMP Spirits 1,1,"Roaming Ghostlight",{3}{U}{U},893,576,317,893,576,317,0.64501679731243,88.73864368168482,93.87433573355169,1.7118973506222888,B,19.756944444444443,23.13564668769716
JMP Spirits 1,1,"Tome Anima",{3}{U},1048,569,479,1048,569,479,0.5429389312977099,58.072529238250034,63.20400341141479,1.710491391054918,C,19.815465729349736,21.187891440501044
JMP Spirits 1,1,"Murmuring Phantasm",{1}{U},1010,539,471,1010,539,471,0.5336633663366337,59.346485194941714,64.5806942771037,1.7447363607206625,C,20.491651205936922,22.118895966029726
JMP Spirits 1,1,"Essence Flux",{U},926,528,398,926,528,398,0.5701943844492441,53.11003386818592,58.36545349810301,1.7518065433056955,C,20.229166666666668,22.027638190954775
JMP Spirits 1,1,"Winged Words",{2}{U},959,526,433,959,526,433,0.5484880083420229,20.15132109619529,25.38445099816893,1.744376633991213,E,20.138783269961976,21.418013856812934
JMP Spirits 1,1,"Frost Breath",{2}{U},768,367,401,768,367,401,0.4778645833333333,66.36008624969443,71.59282444953578,1.7442460666137811,C,21.212534059945504,22.438902743142144
JMP Spirits 1,1,"Befuddle",{2}{U},546,184,362,546,184,362,0.336996336996337,35.55136110371154,40.94530403495452,1.7979809770809907,D,22.880434782608695,22.3121546961326
JMP Spirits 2,1,"Nebelgast Herald",{2}{U},1172,690,482,1172,690,482,0.5887372013651877,68.93242366210276,74.13250141476601,1.7333592508877487,C,18.318840579710145,19.33817427385892
JMP Spirits 2,1,"Shacklegeist",{1}{U},1118,670,448,1118,670,448,0.5992844364937389,69.9836278129467,75.01395453448973,1.6767755738476762,C,18.049253731343285,19.267857142857142
JMP Spirits 2,1,"Departed Deckhand",{1}{U},1111,654,457,1111,654,457,0.5886588658865887,71.87169245833812,76.91922617572101,1.6825112391276325,C,18.3868501529052,19.575492341356675
JMP Spirits 2,1,"Battleground Geist",{4}{U},1020,621,399,1020,621,399,0.6088235294117647,78.35831141353096,83.6126862789422,1.7514582884704175,B,18.895330112721417,20.06766917293233
JMP Spirits 2,1,"Roaming Ghostlight",{3}{U}{U},973,616,357,973,616,357,0.6330935251798561,78.08740202115114,83.3618967220065,1.758164900285124,B,19.41883116883117,21.42296918767507
JMP Spirits 2,1,"Rattlechains",{1}{U},1022,570,452,1022,570,452,0.5577299412915852,52.00458096392383,57.14072967077532,1.712049568950499,C,19.0,19.754424778761063
JMP Spirits 2,1,"Tome Anima",{3}{U},1000,561,439,1000,561,439,0.561,66.53142989271257,71.70702105944925,1.7251970555788956,C,19.338680926916222,20.148063781321184
JMP Spirits 2,1,"Winged Words",{2}{U},985,529,456,985,529,456,0.5370558375634518,15.904051090838951,21.17865889648222,1.7582026018810895,E,19.438563327032135,20.157894736842106
JMP Spirits 2,1,"Frost Breath",{2}{U},743,345,398,743,345,398,0.46433378196500674,59.602473743322285,64.74937394830778,1.7156334016618304,C,20.930434782608696,21.05276381909548
JMP Spirits 2,1,"Rewind",{2}{U}{U},567,298,269,567,298,269,0.5255731922398589,72.65815109879462,77.87089024001345,1.7375797137396105,C,21.476510067114095,21.609665427509295
JMP Spirits 2,1,"Rookie Mistake",{U},136,74,62,136,74,62,0.5441176470588235,62.90206945187896,68.54098363167179,1.879638059930944,C,22.175675675675677,20.693548387096776
JMP Spooky 1,1,"Bone Picker",{3}{B},1162,573,589,1162,573,589,0.49311531841652323,74.49392391591863,79.76248152432989,1.7561858694704207,C,21.68935427574171,22.261460101867574
JMP Spooky 1,1,"Crypt Lurker",{3}{B},1122,520,602,1122,520,602,0.46345811051693403,64.03250926817944,69.41968515628544,1.7957252960353352,C,22.826923076923077,22.82890365448505
JMP Spooky 1,1,"Caged Zombie",{2}{B},1119,511,608,1119,511,608,0.45665773011617516,67.22128003255222,72.56339268421456,1.7807042172207828,C,22.28180039138943,22.52796052631579
JMP Spooky 1,1,"Malefic Scythe",{1}{B},1201,504,697,1201,504,697,0.4196502914238135,51.76121219078235,57.1838204835709,1.8075360975961812,C,22.216269841269842,20.912482065997132
JMP Spooky 1,1,"Eternal Taskmaster",{1}{B},1111,502,609,1111,502,609,0.45184518451845185,59.20607149120335,64.39752980767332,1.7304861054899905,C,22.03784860557769,22.091954022988507
JMP Spooky 1,1,"Fetid Imp",{1}{B},1110,498,612,1110,498,612,0.4486486486486487,60.460449154860044,65.7087068940513,1.749419246397087,C,22.2429718875502,22.38888888888889
JMP Spooky 1,1,"Finishing Blow",{4}{B},1055,493,562,1055,493,562,0.46729857819905213,72.41815393964649,77.76445334009122,1.7820998001482464,C,23.26369168356998,23.04626334519573
JMP Spooky 1,1,"Gristle Grinner",{4}{B},947,420,527,947,420,527,0.44350580781414994,68.76325429816046,74.06360033428369,1.7667820120410755,C,23.77857142857143,23.15370018975332
JMP Spooky 1,1,"Dutiful Attendant",{2}{B},1003,416,587,1003,416,587,0.4147557328015952,46.6511488066737,52.042962451586476,1.7972712149709236,D,23.1875,22.490630323679728
JMP Spooky 1,1,"Village Rites",{B},857,330,527,857,330,527,0.38506417736289383,12.139967684214223,17.601948603122807,1.8206603063028608,E,23.606060606060606,21.677419354838708
JMP Spooky 1,1,"Liliana's Standard Bearer",{2}{B},597,287,310,597,287,310,0.4807370184254606,54.34853139971396,59.747072115102185,1.7995135717960737,C,24.118466898954704,24.803225806451614
JMP Spooky 1,1,"Barter in Blood",{2}{B}{B},2,2,0,2,2,0,1.0,73.50454744596676,98.46391680637207,8.319789786801769,C,22.5,NaN
JMP Spooky 2,1,"Bone Picker",{3}{B},1140,630,510,1140,630,510,0.5526315789473685,87.32437172852752,92.66311472788468,1.7795809997857197,B,21.776190476190475,21.49019607843137
JMP Spooky 2,1,"Malefic Scythe",{1}{B},1193,569,624,1193,569,624,0.47694886839899414,53.47172246992162,58.89894135306611,1.809072961048162,C,22.18980667838313,20.61378205128205
JMP Spooky 2,1,"Finishing Blow",{4}{B},1046,553,493,1046,553,493,0.52868068833652,63.59771419438909,68.91027465628372,1.7708534872982093,C,22.51356238698011,22.27789046653144
JMP Spooky 2,1,"Sanitarium Skeleton",{B},1077,544,533,1077,544,533,0.5051067780872794,55.987865175644515,61.31092952217729,1.7743547821775913,C,22.43014705882353,21.94746716697936
JMP Spooky 2,1,"Eternal Taskmaster",{1}{B},1055,538,517,1055,538,517,0.5099526066350711,58.952236681318325,64.32411017061149,1.7906244964310538,C,22.141263940520446,21.5183752417795
JMP Spooky 2,1,"Crypt Lurker",{3}{B},1063,537,526,1063,537,526,0.5051740357478833,61.20994655531327,66.65629354744837,1.8154489973783665,C,22.53072625698324,22.013307984790874
JMP Spooky 2,1,"Caged Zombie",{2}{B},1067,518,549,1067,518,549,0.4854732895970009,60.98735771771278,66.38820868774225,1.8002836566764877,C,22.347490347490346,21.774134790528233
JMP Spooky 2,1,"Bone Splinters",{B},951,468,483,951,468,483,0.4921135646687697,54.45040941586533,59.919413775441626,1.823001453192098,C,23.194444444444443,22.194616977225675
JMP Spooky 2,1,"Gristle Grinner",{4}{B},882,453,429,882,453,429,0.5136054421768708,69.25915384757594,74.53217297889168,1.7576730437719108,C,23.39072847682119,23.34032634032634
JMP Spooky 2,1,"Dutiful Attendant",{2}{B},951,436,515,951,436,515,0.45846477392218715,58.18356104841783,63.421699452328326,1.7460461346368317,C,23.256880733944953,22.079611650485436
JMP Spooky 2,1,"Harvester of Souls",{4}{B}{B},729,412,317,729,412,317,0.5651577503429356,65.83833647599933,71.22088219116081,1.7941819050538268,C,23.567961165048544,23.01577287066246
JMP Spooky 3,1,"Liliana's Devotee",{2}{B},1196,717,479,1196,717,479,0.5994983277591973,69.0516737281807,74.40642202637663,1.7849160993986444,C,22.465829846582984,21.88935281837161
JMP Spooky 3,1,"Bone Picker",{3}{B},1134,698,436,1134,698,436,0.6155202821869489,76.34374577982818,81.6034985641305,1.7532509281007727,B,22.153295128939828,22.4197247706422
JMP Spooky 3,1,"Eternal Taskmaster",{1}{B},1101,650,451,1101,650,451,0.5903723887375113,69.21128367720473,74.50372806357697,1.7641481287907443,C,22.655384615384616,22.11751662971175
JMP Spooky 3,1,"Malefic Scythe",{1}{B},1137,637,500,1137,637,500,0.5602462620932278,48.49444822054207,53.822342960576265,1.775964913344732,D,22.441130298273155,21.194
JMP Spooky 3,1,"Finishing Blow",{4}{B},1009,633,376,1009,633,376,0.6273538156590683,74.53936263164746,79.88567571379902,1.7821043607171836,C,23.363349131121645,23.023936170212767
JMP Spooky 3,1,"Fetid Imp",{1}{B},1037,602,435,1037,602,435,0.5805207328833173,62.90216723545382,68.26904688199019,1.788959882178792,C,23.074750830564785,22.45977011494253
JMP Spooky 3,1,"Crypt Lurker",{3}{B},1028,599,429,1028,599,429,0.5826848249027238,61.245125583077936,66.42840189947226,1.7277587721314431,C,22.796327212020035,22.75990675990676
JMP Spooky 3,1,"Caged Zombie",{2}{B},1046,563,483,1046,563,483,0.5382409177820268,59.08441896872586,64.39484403845854,1.770141689910893,C,23.357015985790408,22.372670807453417
JMP Spooky 3,1,"Ogre Slumlord",{3}{B}{B},858,554,304,858,554,304,0.6456876456876457,76.8079079350126,82.12069178003831,1.770927948341905,B,23.548736462093864,24.0
JMP Spooky 3,1,"Gristle Grinner",{4}{B},865,528,337,865,528,337,0.6104046242774567,66.1121098091506,71.28365555133892,1.7238485807294448,C,23.946969696969695,24.28486646884273
JMP Spooky 3,1,"Dutiful Attendant",{2}{B},918,508,410,918,508,410,0.5533769063180828,52.37576125708219,57.632820492740464,1.7523530785527583,C,24.114173228346456,22.536585365853657
JMP Spooky 3,1,"Languish",{2}{B}{B},572,299,273,572,299,273,0.5227272727272727,73.02351321575131,78.51628916269885,1.83092531564918,C,26.06354515050167,24.553113553113555
JMP Spooky 4,1,"Liliana's Devotee",{2}{B},1133,592,541,1133,592,541,0.5225066195939982,65.16675411901142,70.35487716048758,1.7293743471587193,C,21.41554054054054,21.826247689463955
JMP Spooky 4,1,"Bone Picker",{3}{B},1145,582,563,1145,582,563,0.508296943231441,66.68604970063987,71.92907782737878,1.7476760422462998,C,21.25257731958763,21.61101243339254
JMP Spooky 4,1,"Eternal Taskmaster",{1}{B},1090,537,553,1090,537,553,0.4926605504587156,66.5477692771959,71.7671863684362,1.739805697080099,C,21.364990689013034,22.099457504520796
JMP Spooky 4,1,"Sanitarium Skeleton",{B},1069,515,554,1069,515,554,0.48175865294667913,49.240850351092334,54.53098287119568,1.7633775067011175,D,22.198058252427185,21.942238267148014
JMP Spooky 4,1,"Finishing Blow",{4}{B},1010,505,505,1010,505,505,0.5,63.27657191557698,68.49720182509834,1.7402099698404538,C,22.26930693069307,22.28118811881188
JMP Spooky 4,1,"Malefic Scythe",{1}{B},1094,504,590,1094,504,590,0.4606946983546618,57.21937902876601,62.53146985011995,1.770696940451313,C,21.561507936507937,20.75593220338983
JMP Spooky 4,1,"Plagued Rusalka",{B},1058,481,577,1058,481,577,0.4546313799621928,57.38759955731894,62.585327805062974,1.732576082581344,C,21.98128898128898,21.94800693240901
JMP Spooky 4,1,"Caged Zombie",{2}{B},1047,475,572,1047,475,572,0.45367717287488063,52.20443995128311,57.49023052437362,1.7619301910301688,C,21.949473684210528,21.944055944055943
JMP Spooky 4,1,"Crypt Lurker",{3}{B},953,441,512,953,441,512,0.4627492130115425,62.389242783533405,67.64826373820127,1.7530069848892857,C,22.913832199546484,22.4921875
JMP Spooky 4,1,"Gristle Grinner",{4}{B},895,419,476,895,419,476,0.4681564245810056,65.99241492747073,71.22518194276756,1.7442556717656101,C,23.293556085918855,23.105042016806724
JMP Spooky 4,1,"Dutiful Attendant",{2}{B},927,409,518,927,409,518,0.4412081984897519,48.482546016946415,53.88136458811082,1.799606190388135,D,22.894865525672373,22.26061776061776
JMP Spooky 4,1,"Black Market",{3}{B}{B},727,278,449,727,278,449,0.38239339752407153,36.48667265578962,41.84353919389014,1.785622179366841,D,24.366906474820144,22.5902004454343
JMP Teferi,1,"Leave in the Dust",{3}{U},1189,652,537,1189,652,537,0.5483599663582843,45.395725706733224,50.61576338291225,1.7400125587263415,D,21.381901840490798,20.491620111731844
JMP Teferi,1,"Talrand's Invocation",{2}{U}{U},1019,643,376,1019,643,376,0.6310107948969578,83.72145722914222,89.0016807970493,1.760074522635694,B,20.807153965785382,21.132978723404257
JMP Teferi,1,"Opt",{U},1179,629,550,1179,629,550,0.5335029686174725,36.07450003798156,41.40987740188504,1.7784591213011602,D,21.047694753577108,19.27090909090909
JMP Teferi,1,"Vodalian Arcanist",{1}{U},1125,583,542,1125,583,542,0.5182222222222223,44.8437834597561,50.28057339365526,1.812263311299721,D,21.432246998284736,20.132841328413285
JMP Teferi,1,"Prescient Chimera",{3}{U}{U},1026,583,443,1026,583,443,0.5682261208576999,79.6157370844409,84.86695289817354,1.7504052712442142,B,21.495711835334475,20.148984198645596
JMP Teferi,1,"Sage's Row Savant",{1}{U},1031,561,470,1031,561,470,0.5441319107662463,52.236969755575416,57.514836496669886,1.7592889136981575,C,20.627450980392158,19.83191489361702
JMP Teferi,1,"Teferi's Protege",{2}{U},1114,558,556,1114,558,556,0.5008976660682226,57.681884500983465,63.01735299854148,1.778489499186006,C,21.620071684587813,19.739208633093526
JMP Teferi,1,"Teferi, Master of Time",{2}{U}{U},984,534,450,984,534,450,0.5426829268292683,50.97656617694959,56.164967111245815,1.729466978098743,C,21.56554307116105,20.502222222222223
JMP Teferi,1,"Tolarian Kraken",{4}{U}{U},856,496,360,856,496,360,0.5794392523364486,79.75226970116312,84.97103538006778,1.739588559634888,B,21.576612903225808,20.7
JMP Teferi,1,"Teferi's Tutelage",{2}{U},860,434,426,860,434,426,0.5046511627906977,61.91999047394045,67.26504598256935,1.781685169542966,C,21.62672811059908,18.791079812206572
JMP Teferi,1,"Teferi's Ageless Insight",{2}{U}{U},800,381,419,800,381,419,0.47625,36.23219597106336,41.667372727232056,1.811725585389566,D,21.93175853018373,19.35799522673031
JMP Teferi,1,"Exclude",{2}{U},581,367,214,581,367,214,0.6316695352839932,78.70585457525293,84.17635009252047,1.8234985057558464,B,21.326975476839237,21.35514018691589
JMP Tree Hugging 1,1,"Nature's Way",{1}{G},1303,853,450,1303,853,450,0.6546431312356101,72.20043711330305,77.90414179732448,1.9012348946738102,C,22.64947245017585,24.13111111111111
JMP Tree Hugging 1,1,"Aggressive Urge",{1}{G},1033,765,268,1033,765,268,0.7405614714424008,65.16863988922677,70.785815571755,1.872391894176075,C,22.12549019607843,24.72761194029851
JMP Tree Hugging 1,1,"Llanowar Visionary",{2}{G},1201,758,443,1201,758,443,0.6311407160699417,39.394662253655106,45.163583196440456,1.9229736475951176,D,22.53825857519789,22.914221218961625
JMP Tree Hugging 1,1,"Snarespinner",{1}{G},1234,742,492,1234,742,492,0.6012965964343598,63.47380883358744,69.0901637957021,1.872118320704884,C,23.345013477088948,23.693089430894307
JMP Tree Hugging 1,1,"Ambassador Oak",{3}{G},1169,729,440,1169,729,440,0.6236099230111206,57.20350620654577,62.79862056350761,1.86503811898728,C,22.89986282578875,24.243181818181817
JMP Tree Hugging 1,1,"Wall of Blossoms",{1}{G},1121,718,403,1121,718,403,0.64049955396967,39.869052731348994,45.53428628784588,1.888411185498963,D,23.11281337047354,23.818858560794045
JMP Tree Hugging 1,1,"Gnarled Sage",{3}{G}{G},1103,708,395,1103,708,395,0.641885766092475,68.39135675750362,73.8928552801536,1.8338328408833282,C,23.65536723163842,24.615189873417723
JMP Tree Hugging 1,1,"Warden of the Woods",{4}{G}{G},1033,700,333,1033,700,333,0.6776379477250726,78.34108117362051,83.92623154944062,1.8617167919400353,B,23.627142857142857,24.594594594594593
JMP Tree Hugging 1,1,"Burlfist Oak",{2}{G}{G},1100,688,412,1100,688,412,0.6254545454545455,55.0683023139825,60.31611503576804,1.7492709072618466,C,22.677325581395348,24.070388349514563
JMP Tree Hugging 1,1,"Primordial Sage",{4}{G}{G},911,606,305,911,606,305,0.6652030735455543,54.95660700805959,60.670233238140995,1.9045420766938004,C,24.214521452145213,25.708196721311474
JMP Tree Hugging 1,1,"Explore",{1}{G},729,468,261,729,468,261,0.6419753086419753,24.651417845692823,30.26955722080936,1.8727131250388458,E,21.912393162393162,22.82375478927203
JMP Tree Hugging 1,1,"Crushing Canopy",{2}{G},588,374,214,588,374,214,0.6360544217687075,70.2840985229291,75.93463135834683,1.8835109451392427,C,24.441176470588236,25.252336448598133
JMP Tree Hugging 2,1,"Nature's Way",{1}{G},1306,783,523,1306,783,523,0.599540581929556,65.36627672295118,70.78310193435347,1.8056084038007632,C,22.68199233716475,23.795411089866157
JMP Tree Hugging 2,1,"Wildsize",{2}{G},1078,729,349,1078,729,349,0.6762523191094619,56.6281409764852,62.127343591827426,1.833067538447408,C,22.267489711934157,24.51002865329513
JMP Tree Hugging 2,1,"Snarespinner",{1}{G},1237,717,520,1237,717,520,0.5796281325788197,56.91820646966542,62.41836201378149,1.8333851813720217,C,23.301255230125523,23.903846153846153
JMP Tree Hugging 2,1,"Llanowar Visionary",{2}{G},1180,715,465,1180,715,465,0.6059322033898306,48.5219320893158,54.074546379565085,1.8508714300830946,D,22.51888111888112,22.961290322580645
JMP Tree Hugging 2,1,"Warden of the Woods",{4}{G}{G},1042,689,353,1042,689,353,0.6612284069097889,73.73173031257451,79.18082312541208,1.8163642709458563,C,23.667634252539912,25.427762039660056
JMP Tree Hugging 2,1,"Ambassador Oak",{3}{G},1154,677,477,1154,677,477,0.5866551126516465,70.12019960548693,75.41103285511636,1.7636110832098093,C,23.10487444608567,24.132075471698112
JMP Tree Hugging 2,1,"Gnarled Sage",{3}{G}{G},1101,667,434,1101,667,434,0.6058128973660308,75.59166738876107,81.05931656127272,1.8225497241705504,C,23.829085457271365,24.84331797235023
JMP Tree Hugging 2,1,"Wall of Blossoms",{1}{G},1085,658,427,1085,658,427,0.6064516129032258,38.28758429830233,43.77090443645834,1.8277733793853366,D,23.085106382978722,24.604215456674474
JMP Tree Hugging 2,1,"Burlfist Oak",{2}{G}{G},1097,634,463,1097,634,463,0.577939835916135,60.97683193704974,66.30390558985471,1.7756912176016566,C,22.728706624605678,24.028077753779698
JMP Tree Hugging 2,1,"Primordial Sage",{4}{G}{G},942,596,346,942,596,346,0.6326963906581741,65.91898553284281,71.4375487837159,1.8395210836243612,C,23.969798657718123,25.534682080924856
JMP Tree Hugging 2,1,"Explore",{1}{G},734,464,270,734,464,270,0.6321525885558583,27.716512086192303,33.22845412717001,1.8373140136592365,D,21.510775862068964,21.892592592592592
JMP Tree Hugging 2,1,"Crushing Canopy",{2}{G},567,342,225,567,342,225,0.6031746031746031,62.65379233608106,68.03106959121095,1.7924257517099633,C,24.47953216374269,24.64
JMP Tree Hugging 3,1,"Nature's Way",{1}{G},1221,711,510,1221,711,510,0.5823095823095823,62.24342677852332,67.88771033654646,1.8814278526743808,C,22.911392405063292,24.764705882352942
JMP Tree Hugging 3,1,"Llanowar Visionary",{2}{G},1239,700,539,1239,700,539,0.5649717514124294,56.02022510619,61.75991981105485,1.9132315682882841,C,22.584285714285713,24.01298701298701
JMP Tree Hugging 3,1,"Aggressive Urge",{1}{G},979,646,333,979,646,333,0.6598569969356486,64.33879404173942,70.03481074623694,1.8986722348325085,C,22.486068111455108,25.71771771771772
JMP Tree Hugging 3,1,"Ambassador Oak",{3}{G},1130,636,494,1130,636,494,0.5628318584070796,70.86106146765799,76.46323259710806,1.8673903764833555,C,22.72641509433962,24.884615384615383
JMP Tree Hugging 3,1,"Snarespinner",{1}{G},1150,634,516,1150,634,516,0.551304347826087,68.82011037199962,74.41900439275199,1.866298006917458,C,23.36277602523659,24.598837209302324
JMP Tree Hugging 3,1,"Burlfist Oak",{2}{G}{G},1134,626,508,1134,626,508,0.5520282186948854,64.27244075480205,69.88683855612567,1.8714659337745412,C,22.891373801916934,24.58267716535433
JMP Tree Hugging 3,1,"Gnarled Sage",{3}{G}{G},1050,610,440,1050,610,440,0.580952380952381,71.31782613607314,76.96126286779669,1.8811455772411856,C,23.418032786885245,25.879545454545454
JMP Tree Hugging 3,1,"Wall of Blossoms",{1}{G},1095,608,487,1095,608,487,0.5552511415525114,46.73264497726764,52.44662679545223,1.9046606060615299,D,23.223684210526315,24.681724845995895
JMP Tree Hugging 3,1,"Warden of the Woods",{4}{G}{G},968,605,363,968,605,363,0.625,72.00855742729684,77.71436231518096,1.9019349626280435,C,23.57685950413223,26.07162534435262
JMP Tree Hugging 3,1,"Explore",{1}{G},654,388,266,654,388,266,0.5932721712538226,36.921734777379164,42.56130640266416,1.8798572084283305,D,21.68041237113402,23.048872180451127
JMP Tree Hugging 3,1,"Crushing Canopy",{2}{G},564,303,261,564,303,261,0.5372340425531915,50.82326611188252,56.28580506013978,1.8208463160857533,D,24.405940594059405,25.279693486590038
JMP Tree Hugging 3,1,"Jolrael, Mwonvuli Recluse",{1}{G},4,3,1,4,3,1,0.75,73.7236458002959,97.3801398111328,7.885498003612302,C,25.333333333333332,29.0
JMP Tree Hugging 4,1,"Verdant Embrace",{3}{G}{G},1112,810,302,1112,810,302,0.7284172661870504,95.09860285561881,100.57969444292073,1.8270305291006408,B,21.071604938271605,22.509933774834437
JMP Tree Hugging 4,1,"Nature's Way",{1}{G},1213,806,407,1213,806,407,0.6644682605111294,58.88565468303476,64.43325607998568,1.8492004656503074,C,21.748138957816376,22.164619164619165
JMP Tree Hugging 4,1,"Llanowar Visionary",{2}{G},1210,776,434,1210,776,434,0.6413223140495867,42.51404290745286,48.133275294372986,1.873077462306709,D,21.300257731958762,21.43778801843318
JMP Tree Hugging 4,1,"Wildsize",{2}{G},1011,744,267,1011,744,267,0.7359050445103857,68.0263619009261,73.6619635305652,1.8785338765463675,C,21.401881720430108,22.53932584269663
JMP Tree Hugging 4,1,"Wall of Blossoms",{1}{G},1102,721,381,1102,721,381,0.6542649727767695,39.569567872511506,45.31062963390484,1.913687253797778,D,22.171983356449378,22.19685039370079
JMP Tree Hugging 4,1,"Snarespinner",{1}{G},1150,720,430,1150,720,430,0.6260869565217392,51.092382506158486,56.71773225188422,1.8751165819085776,C,22.38888888888889,22.37906976744186
JMP Tree Hugging 4,1,"Gnarled Sage",{3}{G}{G},1019,667,352,1019,667,352,0.6545632973503435,68.71913859716125,74.3032186247131,1.8613600091839517,C,22.839580209895054,23.37215909090909
JMP Tree Hugging 4,1,"Burlfist Oak",{2}{G}{G},1008,627,381,1008,627,381,0.6220238095238095,71.02224688192007,76.44453110868379,1.8074280755879055,C,21.952153110047846,22.438320209973753
JMP Tree Hugging 4,1,"Soul of the Harvest",{4}{G}{G},869,615,254,869,615,254,0.7077100115074798,76.8807927524671,82.30448909531283,1.8078987809485751,B,22.352845528455283,23.263779527559056
JMP Tree Hugging 4,1,"Warden of the Woods",{4}{G}{G},882,610,272,882,610,272,0.691609977324263,70.44652900575228,75.87740414461203,1.8102917129532479,C,22.777049180327868,23.139705882352942
JMP Tree Hugging 4,1,"Explore",{1}{G},721,486,235,721,486,235,0.6740638002773925,29.89524446974991,35.457362997504724,1.8540395092516055,D,20.635802469135804,20.574468085106382
JMP Tree Hugging 4,1,"Crushing Canopy",{2}{G},606,400,206,606,400,206,0.6600660066006601,66.09930407385009,71.73667203142172,1.879122652523874,C,23.1075,22.4126213592233
JMP Under the Sea 1,1,"Rousing Read",{2}{U},1077,530,547,1077,530,547,0.4921077065923863,41.68960880286488,46.80265092373813,1.7043473736244152,D,20.983018867924528,20.56672760511883
JMP Under the Sea 1,1,"Voyage's End",{1}{U},1174,492,682,1174,492,682,0.4190800681431005,52.56003829213172,57.88577405102744,1.7752452529652385,C,21.8739837398374,20.958944281524925
JMP Under the Sea 1,1,"Tolarian Kraken",{4}{U}{U},1007,485,522,1007,485,522,0.4816285998013903,87.86539076232488,92.98093218415033,1.7051804739418197,B,21.85979381443299,21.27777777777778
JMP Under the Sea 1,1,"Octoprophet",{3}{U},1111,481,630,1111,481,630,0.43294329432943296,59.818002304851014,65.08141514463202,1.7544709465936683,C,21.550935550935552,21.011111111111113
JMP Under the Sea 1,1,"Aegis Turtle",{U},1094,441,653,1094,441,653,0.4031078610603291,52.2967924941998,57.6873713373527,1.796859614384301,C,22.64625850340136,21.493108728943337
JMP Under the Sea 1,1,"Unstable Obelisk",{3},1034,439,595,1034,439,595,0.4245647969052224,55.1004354520341,60.252207618521396,1.717257388829099,C,21.840546697038725,20.845378151260505
JMP Under the Sea 1,1,"Sigiled Starfish",{1}{U},1082,434,648,1082,434,648,0.4011090573012939,41.08313605467493,46.474009799418305,1.7969579149144588,D,22.27188940092166,21.015432098765434
JMP Under the Sea 1,1,"Wishful Merfolk",{1}{U},1035,420,615,1035,420,615,0.4057971014492754,54.39310111982236,59.65426138918629,1.753720089787977,C,22.095238095238095,21.52520325203252
JMP Under the Sea 1,1,"Pursued Whale",{5}{U}{U},749,414,335,749,414,335,0.5527369826435247,95.49411523123679,100.53164757979937,1.6791774495208613,B,21.94927536231884,21.44179104477612
JMP Under the Sea 1,1,"Waker of Waves",{5}{U}{U},10,6,4,10,6,4,0.6,98.83219541945095,114.64189684874124,5.269900476430096,B,21.5,21.25
JMP Under the Sea 2,1,"Pursued Whale",{5}{U}{U},876,445,431,876,445,431,0.5079908675799086,105.37346560485456,110.28180902366925,1.6361144729382322,A,23.62247191011236,23.25522041763341
JMP Under the Sea 2,1,"Unstable Obelisk",{3},1127,413,714,1127,413,714,0.36645962732919257,56.86127481154731,62.132645065853396,1.7571234181020285,C,24.159806295399516,22.011204481792717
JMP Under the Sea 2,1,"Octoprophet",{3}{U},1149,404,745,1149,404,745,0.3516100957354221,71.3350886682233,76.52818238685988,1.731031239545526,C,23.952970297029704,22.320805369127516
JMP Under the Sea 2,1,"Cryptic Serpent",{5}{U}{U},931,403,528,931,403,528,0.43286788399570353,99.68474254205856,104.8932835386508,1.7361803321974165,B,24.516129032258064,23.990530303030305
JMP Under the Sea 2,1,"Aegis Turtle",{U},1125,394,731,1125,394,731,0.3502222222222222,64.83930088602419,70.22666254921927,1.795787221065027,C,24.248730964467004,22.908344733242135
JMP Under the Sea 2,1,"Wishful Merfolk",{1}{U},1144,377,767,1144,377,767,0.32954545454545453,57.248070297528635,62.49922116733455,1.7503836232686378,C,24.649867374005304,22.260756192959583
JMP Under the Sea 2,1,"Sigiled Starfish",{1}{U},1135,369,766,1135,369,766,0.3251101321585903,50.80128403634271,56.06103435637993,1.7532501066790724,D,24.552845528455286,22.159268929503916
JMP Under the Sea 2,1,"Whelming Wave",{2}{U}{U},696,141,555,696,141,555,0.2025862068965517,44.27506861683606,49.60797495841672,1.777635447193554,D,28.19148936170213,24.39099099099099
JMP Under the Sea 2,1,"Waker of Waves",{5}{U}{U},10,7,3,10,7,3,0.7,83.27603580874481,99.80687387241224,5.51027935455581,B,22.0,24.333333333333332
JMP Unicorns,1,"Emiel the Blessed",{2}{W}{W},1032,624,408,1032,624,408,0.6046511627906976,100.55841815783722,105.91815531997437,1.7865790540457145,B,21.621794871794872,22.526960784313726
JMP Unicorns,1,"Mesa Unicorn",{1}{W},1106,605,501,1106,605,501,0.5470162748643761,65.3461434115749,70.80422396348263,1.8193601839692404,C,21.24628099173554,22.063872255489024
JMP Unicorns,1,"Faith's Fetters",{3}{W},1062,593,469,1062,593,469,0.5583804143126178,64.67920041191839,70.15003034853888,1.8236099788734987,C,21.7318718381113,23.19829424307036
JMP Unicorns,1,"Valorous Steed",{4}{W},907,529,378,907,529,378,0.5832414553472988,79.2336038006045,84.68854401074856,1.8183134033813524,B,22.30812854442344,22.735449735449734
JMP Unicorns,1,"Valorous Stance",{1}{W},957,521,436,957,521,436,0.5444096133751306,65.27462392527131,70.59009401967019,1.771823364799624,C,22.287907869481767,22.222477064220183
JMP Unicorns,1,"Inspired Charge",{2}{W}{W},824,505,319,824,505,319,0.6128640776699029,63.88323033103652,69.15960405238454,1.7587912404493375,C,21.60792079207921,22.683385579937305
JMP Unicorns,1,"Brightmare",{2}{W},945,501,444,945,501,444,0.5301587301587302,65.24884287617412,70.5701983265598,1.7737851501285595,C,22.49500998003992,22.31081081081081
JMP Unicorns,1,"Inspiring Unicorn",{2}{W}{W},908,499,409,908,499,409,0.5495594713656388,69.47197890045359,74.80745445115046,1.7784918502322893,C,21.715430861723448,22.185819070904646
JMP Unicorns,1,"Ronom Unicorn",{1}{W},998,490,508,998,490,508,0.4909819639278557,51.08506207453844,56.61082125387152,1.841919726444359,C,21.885714285714286,21.773622047244096
JMP Unicorns,1,"Blessed Sanctuary",{3}{W}{W},808,457,351,808,457,351,0.5655940594059405,49.9504850205742,55.425648353610995,1.8250544443455983,D,22.800875273522976,22.02279202279202
JMP Unicorns,1,"Cloudshift",{W},868,431,437,868,431,437,0.4965437788018433,49.322099911090696,54.70505144682198,1.7943171785770962,D,22.647331786542924,22.233409610983983
JMP Unicorns,1,"Daybreak Charger",{1}{W},239,178,61,239,178,61,0.7447698744769874,84.62816956157678,90.77399390821289,2.0486081155453664,B,24.06741573033708,25.60655737704918
JMP Vampires 1,1,"Vito, Thorn of the Dusk Rose",{2}{B},1158,728,430,1158,728,430,0.6286701208981001,78.82358078927784,83.98340282201207,1.7199406775780768,B,21.561813186813186,21.046511627906977
JMP Vampires 1,1,"Agonizing Syphon",{3}{B},1094,724,370,1094,724,370,0.6617915904936015,73.65686551140502,79.0329636287261,1.792032705773691,C,21.83977900552486,22.3
JMP Vampires 1,1,"Last Gasp",{1}{B},1122,703,419,1122,703,419,0.6265597147950089,60.84628919416854,66.07569159634342,1.7431341340582922,C,22.180654338549076,21.69689737470167
JMP Vampires 1,1,"Gifted Aetherborn",{B}{B},1042,700,342,1042,700,342,0.6717850287907869,73.94567459866357,79.20131843188179,1.7518812777394026,C,21.487142857142857,21.77485380116959
JMP Vampires 1,1,"Nocturnal Feeder",{2}{B},1086,698,388,1086,698,388,0.6427255985267035,71.443449124744,76.67423667177238,1.7435958490094574,C,21.775071633237822,21.788659793814432
JMP Vampires 1,1,"Eternal Thirst",{1}{B},1061,655,406,1061,655,406,0.6173421300659755,52.29890417006999,57.51444081777662,1.738512215902209,C,22.46259541984733,21.428571428571427
JMP Vampires 1,1,"Blood Artist",{1}{B},982,625,357,982,625,357,0.6364562118126272,64.37434443181623,69.53073641907875,1.718797329087509,C,22.0368,21.428571428571427
JMP Vampires 1,1,"Silversmote Ghoul",{2}{B},985,598,387,985,598,387,0.6071065989847716,58.83433834635903,64.0691934150694,1.744951689570125,C,23.076923076923077,21.697674418604652
JMP Vampires 1,1,"Kalastria Nightwatch",{4}{B},872,568,304,872,568,304,0.6513761467889908,72.60435531796051,77.94584204592968,1.7804955759897232,C,22.887323943661972,22.11513157894737
JMP Vampires 1,1,"Bloodbond Vampire",{2}{B}{B},916,563,353,916,563,353,0.6146288209606987,71.16638174986664,76.28643951402765,1.706685921387002,C,22.67140319715808,22.31728045325779
JMP Vampires 1,1,"Gloom Sower",{5}{B}{B},553,380,173,553,380,173,0.6871609403254972,93.54688518666235,98.82559605636469,1.7595702899007803,B,24.539473684210527,24.13294797687861
JMP Vampires 1,1,"Sanguine Indulgence",{3}{B},647,352,295,647,352,295,0.5440494590417311,54.61625464806834,59.798837984696064,1.7275277788759082,C,26.099431818181817,22.85084745762712
JMP Vampires 2,1,"Last Gasp",{1}{B},1195,694,501,1195,694,501,0.5807531380753138,62.395261909518744,67.80205696710405,1.8022650191951013,C,21.804034582132566,22.375249500998002
JMP Vampires 2,1,"Agonizing Syphon",{3}{B},1105,692,413,1105,692,413,0.6262443438914027,82.53901936836702,87.95523862421518,1.8054064186160554,B,21.472543352601157,22.886198547215496
JMP Vampires 2,1,"Vito, Thorn of the Dusk Rose",{2}{B},1161,651,510,1161,651,510,0.5607235142118863,72.42198829700179,77.68376338488143,1.7539250292932127,C,21.10599078341014,21.186274509803923
JMP Vampires 2,1,"Gifted Aetherborn",{B}{B},1061,646,415,1061,646,415,0.6088595664467483,72.95285900095251,78.2911189826607,1.7794199939027313,C,21.685758513931887,22.75421686746988
JMP Vampires 2,1,"Nocturnal Feeder",{2}{B},1068,641,427,1068,641,427,0.600187265917603,67.53529121826527,72.87749516017729,1.7807346473040075,C,21.55226209048362,22.17096018735363
JMP Vampires 2,1,"Child of Night",{1}{B},1070,615,455,1070,615,455,0.5747663551401869,64.83893410315999,70.18392317337924,1.7816630234064181,C,21.489430894308942,22.531868131868134
JMP Vampires 2,1,"Eternal Thirst",{1}{B},1055,581,474,1055,581,474,0.5507109004739337,56.66118471964359,61.963621873654205,1.76747905133687,C,21.85025817555938,22.248945147679326
JMP Vampires 2,1,"Bloodbond Vampire",{2}{B}{B},957,553,404,957,553,404,0.5778474399164054,66.4313111554869,71.83910804033783,1.8025989616169782,C,22.446654611211574,22.705445544554454
JMP Vampires 2,1,"Silversmote Ghoul",{2}{B},945,518,427,945,518,427,0.5481481481481482,62.467943216986725,67.76231443013731,1.764790404383529,C,22.584942084942085,22.440281030444964
JMP Vampires 2,1,"Blood Host",{3}{B}{B},800,425,375,800,425,375,0.53125,55.77398353366725,61.158099092692964,1.7947051863419066,C,23.43294117647059,23.336
JMP Vampires 2,1,"Gloom Sower",{5}{B}{B},564,353,211,564,353,211,0.625886524822695,92.91267206327636,98.15631793933903,1.747881958687559,B,24.730878186968837,24.729857819905213
JMP Vampires 2,1,"Sanguine Indulgence",{3}{B},696,352,344,696,352,344,0.5057471264367817,54.985002439329804,60.30293578276689,1.772644447812362,C,25.008522727272727,23.276162790697676
JMP Vampires 3,1,"Last Gasp",{1}{B},1136,739,397,1136,739,397,0.6505281690140845,67.16134486358547,72.5425367697119,1.7937306353754796,C,22.096075778078486,20.906801007556677
JMP Vampires 3,1,"Gifted Aetherborn",{B}{B},1060,730,330,1060,730,330,0.6886792452830188,75.94059833203195,81.38790085485188,1.8157675076066406,C,21.90821917808219,21.303030303030305
JMP Vampires 3,1,"Nocturnal Feeder",{2}{B},1071,717,354,1071,717,354,0.6694677871148459,83.05747560595802,88.44086097167741,1.7944617885731324,B,21.15899581589958,20.850282485875706
JMP Vampires 3,1,"Agonizing Syphon",{3}{B},1074,707,367,1074,707,367,0.6582867783985102,67.78801700334908,73.24022688563512,1.8174032940953468,C,22.257425742574256,21.52316076294278
JMP Vampires 3,1,"Sangromancer",{2}{B}{B},985,681,304,985,681,304,0.6913705583756345,91.54829585490168,96.9338534152615,1.7951858534532719,B,21.906020558002936,20.88157894736842
JMP Vampires 3,1,"Vampire Neonate",{B},1062,676,386,1062,676,386,0.6365348399246704,53.18859975813256,58.60586728241316,1.8057558414268662,C,21.693786982248522,20.66580310880829
JMP Vampires 3,1,"Sengir Vampire",{3}{B}{B},956,663,293,956,663,293,0.6935146443514645,80.43252914174775,85.75636232312617,1.774611060459474,B,21.868778280542987,21.511945392491466
JMP Vampires 3,1,"Silversmote Ghoul",{2}{B},944,609,335,944,609,335,0.6451271186440678,64.98729907037838,70.34261239210304,1.7851044405748813,C,22.502463054187192,21.3044776119403
JMP Vampires 3,1,"Bloodbond Vampire",{2}{B}{B},919,579,340,919,579,340,0.6300326441784548,56.95211059696205,62.22830332258975,1.7587309085425669,C,22.269430051813472,21.258823529411764
JMP Vampires 3,1,"Exquisite Blood",{4}{B},814,463,351,814,463,351,0.5687960687960688,54.18522305360953,59.43879738390257,1.7511914434310123,C,24.136069114470843,21.005698005698004
JMP Vampires 3,1,"Gloom Sower",{5}{B}{B},560,389,171,560,389,171,0.6946428571428571,82.2464330823171,87.31073409795658,1.688100338546496,B,24.347043701799485,22.321637426900583
JMP Vampires 3,1,"Sanguine Indulgence",{3}{B},625,361,264,625,361,264,0.5776,59.71168429002499,64.95260505808808,1.7469735893543645,C,25.418282548476455,21.708333333333332
JMP Vampires 4,1,"Last Gasp",{1}{B},1119,759,360,1119,759,360,0.67828418230563,52.362758647294456,57.77953821621709,1.8055931896408788,C,20.722002635046113,22.080555555555556
JMP Vampires 4,1,"Drana, Liberator of Malakir",{1}{B}{B},1056,754,302,1056,754,302,0.7140151515151515,92.01933855814028,97.44026763938595,1.806976360415226,B,19.744031830238725,22.56291390728477
JMP Vampires 4,1,"Agonizing Syphon",{3}{B},1093,752,341,1093,752,341,0.6880146386093321,79.98844032372351,85.51141956990081,1.8409930820590987,B,20.981382978723403,22.533724340175954
JMP Vampires 4,1,"Gifted Aetherborn",{B}{B},1052,744,308,1052,744,308,0.7072243346007605,72.58030851293114,77.98945442377617,1.8030486369483434,C,20.626344086021504,22.853896103896105
JMP Vampires 4,1,"Falkenrath Noble",{3}{B},1010,716,294,1010,716,294,0.7089108910891089,91.44875611163714,96.78444895565062,1.778564281337827,B,20.695530726256983,22.006802721088434
JMP Vampires 4,1,"Mark of the Vampire",{3}{B},982,709,273,982,709,273,0.7219959266802444,77.87607199760964,83.39236408946314,1.8387640306178332,B,20.75599435825106,23.183150183150182
JMP Vampires 4,1,"Nocturnal Feeder",{2}{B},998,661,337,998,661,337,0.6623246492985972,61.98345611785571,67.42131594213328,1.8126199414258544,C,20.78517397881997,22.394658753709198
JMP Vampires 4,1,"Child of Night",{1}{B},952,631,321,952,631,321,0.6628151260504201,53.789811260735085,59.17543399717824,1.7952075788143849,C,21.01109350237718,22.05607476635514
JMP Vampires 4,1,"Bloodbond Vampire",{2}{B}{B},929,603,326,929,603,326,0.6490850376749193,63.97624092805691,69.28708686636591,1.770281979436334,C,21.28524046434494,22.598159509202453
JMP Vampires 4,1,"Silversmote Ghoul",{2}{B},927,600,327,927,600,327,0.6472491909385113,56.41145319440099,61.91520582475988,1.8345842101196308,C,21.515,22.137614678899084
JMP Vampires 4,1,"Sanguine Indulgence",{3}{B},606,351,255,606,351,255,0.5792079207920792,52.15255120266189,57.373070386863404,1.740173061400505,C,24.367521367521366,23.0
JMP Vampires 4,1,"Gloom Sower",{5}{B}{B},530,331,199,530,331,199,0.6245283018867924,76.59783762268083,81.90214982699919,1.7681040681061224,B,24.093655589123866,24.402010050251256
JMP Walls,1,"Assault Formation",{1}{G},1274,602,672,1274,602,672,0.4725274725274725,74.63690027384574,79.93905744904039,1.7673857250648832,C,26.11794019933555,22.40327380952381
JMP Walls,1,"Overgrown Battlement",{1}{G},1289,594,695,1289,594,695,0.460822342901474,47.3078689180126,52.83772018987092,1.8432837572861074,D,25.16835016835017,23.24028776978417
JMP Walls,1,"Wall of Blossoms",{1}{G},1207,592,615,1207,592,615,0.4904722452361226,49.35476827665202,54.98900504295645,1.8780789221014769,D,25.423986486486488,23.60487804878049
JMP Walls,1,"Wall of Vines",{G},1246,565,681,1246,565,681,0.4534510433386838,52.225110909875525,57.91714229926818,1.8973437964642166,C,25.90088495575221,23.654919236417033
JMP Walls,1,"Grave Bramble",{1}{G}{G},1247,545,702,1247,545,702,0.4370489174017642,59.42874875691322,65.01354812541457,1.8615997895004504,C,26.339449541284402,23.70797720797721
JMP Walls,1,"Towering Titan",{4}{G}{G},754,540,214,754,540,214,0.7161803713527851,118.7870977322585,124.27087772659806,1.8279266647798504,A,25.701851851851853,27.96728971962617
JMP Walls,1,"Carven Caryatid",{1}{G}{G},1103,526,577,1103,526,577,0.4768812330009066,41.556769400245855,47.086607216037756,1.8432792719306326,D,26.23954372623574,24.540727902946273
JMP Walls,1,"Warmonger's Chariot",{2},1285,514,771,1285,514,771,0.4,40.568260553537094,46.140437420503204,1.8573922889887042,D,25.929961089494164,22.075226977950713
JMP Walls,1,"Portcullis Vine",{G},1213,490,723,1213,490,723,0.403957131079967,24.704067604181706,30.213192776965887,1.8363750575947273,E,26.046938775510203,22.533886583679116
JMP Walls,1,"Roving Keep",{7},876,425,451,876,425,451,0.4851598173515982,71.3137089382508,76.72571886582662,1.8040033091919419,C,28.39294117647059,25.70509977827051
JMP Walls,1,"Crushing Canopy",{2}{G},706,327,379,706,327,379,0.4631728045325779,64.15547817450212,69.53103791715877,1.7918532475522144,C,26.825688073394495,24.189973614775724
JMP Walls,1,"Gargoyle Sentinel",{3},11,7,4,11,7,4,0.6363636363636364,67.17270620345286,82.24723319349357,5.0248423300135725,C,27.857142857142858,27.5
JMP Well-Read 1,1,"Rousing Read",{2}{U},1102,566,536,1102,566,536,0.5136116152450091,59.28600232083051,64.53308541548458,1.7490276982180226,C,19.220848056537104,19.973880597014926
JMP Well-Read 1,1,"Opt",{U},1246,516,730,1246,516,730,0.41412520064205455,24.46911230569581,29.846835683724134,1.7925744593427755,E,19.941860465116278,19.494520547945207
JMP Well-Read 1,1,"Narcolepsy",{1}{U},1178,515,663,1178,515,663,0.4371816638370119,62.96202267971741,68.48239017260505,1.8401224976292139,C,20.13009708737864,20.443438914027148
JMP Well-Read 1,1,"Runed Servitor",{2},1159,506,653,1159,506,653,0.4365832614322692,62.91033673680873,68.21723792535423,1.7689670628484984,C,19.85177865612648,19.782542113323125
JMP Well-Read 1,1,"Erratic Visionary",{1}{U},1214,500,714,1214,500,714,0.41186161449752884,43.37421581432795,48.65567825328435,1.7604874796521353,D,20.112,19.976190476190474
JMP Well-Read 1,1,"Oneirophage",{3}{U},956,485,471,956,485,471,0.5073221757322176,87.82451058913745,92.9132299661988,1.6962397923537815,B,19.91958762886598,20.178343949044585
JMP Well-Read 1,1,"Curiosity",{U},1148,476,672,1148,476,672,0.4146341463414634,28.094455987768427,33.506812800703536,1.8041189376450357,D,20.02310924369748,19.583333333333332
JMP Well-Read 1,1,"Tome Anima",{3}{U},1063,475,588,1063,475,588,0.4468485418626529,62.972696184462826,68.2148892607874,1.747397692108191,C,20.36421052631579,20.226190476190474
JMP Well-Read 1,1,"Library Larcenist",{2}{U},990,402,588,990,402,588,0.40606060606060607,33.41615134207156,38.81460656747346,1.7994850751339673,D,20.614427860696516,20.154761904761905
JMP Well-Read 1,1,"Tolarian Kraken",{4}{U}{U},747,362,385,747,362,385,0.48460508701472554,79.04913933586968,84.18460048094514,1.7118203816918154,B,20.56353591160221,21.184415584415586
JMP Well-Read 1,1,"Suspicious Bookcase",{2},1110,339,771,1110,339,771,0.3054054054054054,52.715115641683525,58.20011755709885,1.8283339718051084,C,20.43952802359882,19.195849546044098
JMP Well-Read 1,1,"Ormos, Archive Keeper",{4}{U}{U},15,10,5,15,10,5,0.6666666666666666,74.61487061063613,86.51075583660864,3.9652950753241694,C,20.6,20.2
JMP Well-Read 2,1,"Rousing Read",{2}{U},1136,572,564,1136,572,564,0.5035211267605634,59.071032427332966,64.30301018892327,1.7439925871967665,C,19.998251748251747,19.98936170212766
JMP Well-Read 2,1,"Oneirophage",{3}{U},1111,537,574,1111,537,574,0.48334833483348333,84.87858251872296,89.90777658277369,1.6763980213502423,B,20.3463687150838,20.130662020905923
JMP Well-Read 2,1,"Opt",{U},1264,528,736,1264,528,736,0.4177215189873418,28.300568309340985,33.6395476147961,1.7796597684850384,D,20.34280303030303,19.512228260869566
JMP Well-Read 2,1,"Erratic Visionary",{1}{U},1235,522,713,1235,522,713,0.42267206477732794,42.54519875122202,47.61388952938295,1.6895635927203119,D,20.406130268199234,19.76437587657784
JMP Well-Read 2,1,"Runed Servitor",{2},1160,494,666,1160,494,666,0.42586206896551726,45.556960499992385,50.89636570788028,1.7798017359626306,D,20.018218623481783,20.036036036036037
JMP Well-Read 2,1,"Tome Anima",{3}{U},1169,485,684,1169,485,684,0.41488451668092385,67.46825721326434,72.91280323944606,1.8148486753939104,C,20.85360824742268,20.16374269005848
JMP Well-Read 2,1,"Curiosity",{U},1106,469,637,1106,469,637,0.4240506329113924,29.70400805027154,35.11360541285526,1.8031991208612386,D,20.33901918976546,19.50706436420722
JMP Well-Read 2,1,"Library Larcenist",{2}{U},1085,438,647,1085,438,647,0.40368663594470044,46.664253081445224,52.00599170923969,1.7805795425981548,D,20.72374429223744,20.069551777434313
JMP Well-Read 2,1,"Tolarian Kraken",{4}{U}{U},901,429,472,901,429,472,0.47613762486126526,70.27801693775434,75.37017883428759,1.6973872988444128,C,21.006993006993007,21.22669491525424
JMP Well-Read 2,1,"Arcane Encyclopedia",{3},959,385,574,959,385,574,0.40145985401459855,38.34336962860924,43.610909489826724,1.7558466204058285,D,21.306493506493506,19.0609756097561
JMP Well-Read 2,1,"Ormos, Archive Keeper",{4}{U}{U},7,5,2,7,5,2,0.7142857142857143,69.89950088327805,85.28446278599493,5.128320634238958,C,24.6,16.0
JMP Well-Read 3,1,"Narcolepsy",{1}{U},1193,586,607,1193,586,607,0.4911986588432523,58.89089792675345,64.28453127424588,1.7978777824974763,C,21.245733788395903,20.818780889621088
JMP Well-Read 3,1,"Cloudreader Sphinx",{4}{U},966,540,426,966,540,426,0.5590062111801242,73.84875781192017,79.01790104218011,1.7230477434199802,C,20.988888888888887,21.544600938967136
JMP Well-Read 3,1,"Curiosity",{U},1112,509,603,1112,509,603,0.4577338129496403,25.920811627252665,31.38921403521272,1.8228008026533524,D,20.652259332023576,20.205638474295192
JMP Well-Read 3,1,"Tome Anima",{3}{U},1060,509,551,1060,509,551,0.480188679245283,62.20879891890047,67.50129155552509,1.7641642122082055,C,21.088408644400786,20.618874773139744
JMP Well-Read 3,1,"Opt",{U},1166,504,662,1166,504,662,0.4322469982847341,29.60257442688966,34.95795204457735,1.7851258725625618,D,20.853174603174605,20.001510574018127
JMP Well-Read 3,1,"Oneirophage",{3}{U},908,502,406,908,502,406,0.552863436123348,81.45780150596879,86.65532900181252,1.732509165281245,B,20.800796812749002,20.748768472906406
JMP Well-Read 3,1,"Erratic Visionary",{1}{U},1136,488,648,1136,488,648,0.4295774647887324,45.14770285786445,50.60393972862744,1.818745623587663,D,21.040983606557376,20.174382716049383
JMP Well-Read 3,1,"Runed Servitor",{2},1074,480,594,1074,480,594,0.44692737430167595,58.969958945525235,64.38477086621543,1.804937306896733,C,20.93125,20.052188552188554
JMP Well-Read 3,1,"Tolarian Kraken",{4}{U}{U},810,433,377,810,433,377,0.5345679012345679,72.0699918042451,77.27943286622194,1.7364803539922757,C,21.07621247113164,21.546419098143236
JMP Well-Read 3,1,"Library Larcenist",{2}{U},955,426,529,955,426,529,0.44607329842931936,50.10586038245567,55.53387174835801,1.8093371219674477,D,21.21361502347418,20.62570888468809
JMP Well-Read 3,1,"Rhystic Study",{2}{U},920,418,502,920,418,502,0.4543478260869565,35.069632932657946,40.44713629289858,1.7925011200802108,D,21.394736842105264,20.43625498007968
JMP Well-Read 3,1,"Suspicious Bookcase",{2},1105,360,745,1105,360,745,0.3257918552036199,48.6755546628217,54.135817077377425,1.8200874715185746,D,21.727777777777778,19.170469798657717
JMP Well-Read 4,1,"Opt",{U},1217,468,749,1217,468,749,0.3845521774856204,24.943370002587606,30.268846973175464,1.7751589901959526,E,20.305555555555557,19.272363150867825
JMP Well-Read 4,1,"Runed Servitor",{2},1115,468,647,1115,468,647,0.41973094170403585,55.88555845862359,61.16582837785765,1.7600899730780188,C,20.036324786324787,19.81916537867079
JMP Well-Read 4,1,"Cloudreader Sphinx",{4}{U},966,466,500,966,466,500,0.4824016563146998,79.07005015507033,84.13048760229138,1.6868124824070176,B,20.50429184549356,20.666
JMP Well-Read 4,1,"Curiosity",{U},1161,461,700,1161,461,700,0.3970714900947459,31.891577193174104,37.2920890308722,1.800170612566031,D,20.219088937093275,19.25
JMP Well-Read 4,1,"Oneirophage",{3}{U},920,453,467,920,453,467,0.4923913043478261,75.77030453689937,80.75277892357508,1.6608247955585695,C,20.1523178807947,20.329764453961456
JMP Well-Read 4,1,"Mystic Archaeologist",{1}{U},1136,440,696,1136,440,696,0.3873239436619718,55.56293938725444,60.81523109366359,1.7507639021363839,C,20.44090909090909,19.50574712643678
JMP Well-Read 4,1,"Tome Anima",{3}{U},1079,440,639,1079,440,639,0.4077849860982391,49.079493540072825,54.2989598276357,1.7398220958542912,D,20.986363636363638,20.36776212832551
JMP Well-Read 4,1,"Tolarian Kraken",{4}{U}{U},757,379,378,757,379,378,0.5006605019815059,73.28345204656199,78.41013379464587,1.7088939160279626,C,20.981530343007915,20.75925925925926
JMP Well-Read 4,1,"Library Larcenist",{2}{U},975,374,601,975,374,601,0.38358974358974357,46.31699574766307,51.614311187804034,1.7657718133803215,D,20.81283422459893,20.276206322795343
JMP Well-Read 4,1,"Suspicious Bookcase",{2},1117,311,806,1117,311,806,0.2784243509400179,63.906861388053976,69.34916920082149,1.81410260425584,C,21.405144694533764,18.76923076923077
JMP Witchcraft 1,1,"Bubbling Cauldron",{2},1470,756,714,1470,756,714,0.5142857142857142,41.54335966264651,47.096124157525274,1.850921498292923,D,23.563492063492063,23.092436974789916
JMP Witchcraft 1,1,"Bake into a Pie",{2}{B}{B},1163,709,454,1163,709,454,0.6096302665520207,83.19730784290414,88.715169563352,1.839287240149289,B,23.1410437235543,24.497797356828194
JMP Witchcraft 1,1,"Malakir Familiar",{2}{B},1256,690,566,1256,690,566,0.5493630573248408,69.70318691563722,75.29679692150809,1.8645366686236242,C,22.428985507246377,22.906360424028268
JMP Witchcraft 1,1,"Cauldron Familiar",{B},1187,670,517,1187,670,517,0.5644481887110362,48.32790121646609,53.78505043116715,1.8190497382336868,D,22.47462686567164,23.328820116054157
JMP Witchcraft 1,1,"Bloodhunter Bat",{3}{B},1122,668,454,1122,668,454,0.5953654188948306,79.38429108753346,84.9003356459542,1.8386815194735837,B,22.54640718562874,23.215859030837006
JMP Witchcraft 1,2,"Festering Newt",{B},1217,657,560,1965,1061,904,0.5399491094147583,59.02011007301744,64.5955291693761,1.8584730321195555,C,22.37229029217719,22.44579646017699
JMP Witchcraft 1,1,"Witch of the Moors",{3}{B}{B},1044,647,397,1044,647,397,0.6197318007662835,84.47560815073399,90.1699033680595,1.8980984057751684,B,23.380216383307573,24.478589420654913
JMP Witchcraft 1,1,"Finishing Blow",{4}{B},1139,634,505,1139,634,505,0.5566286215978928,66.92527020153477,72.40600985728129,1.8269132185821724,C,23.525236593059937,23.724752475247524
JMP Witchcraft 1,1,"Tempting Witch",{2}{B},1107,612,495,1107,612,495,0.5528455284552846,64.39811046489037,69.9093544796062,1.8370813382386104,C,23.236928104575163,23.816161616161615
JMP Witchcraft 1,1,"Bogbrew Witch",{3}{B},1038,564,474,1038,564,474,0.5433526011560693,50.70769788106615,56.206904643327775,1.8330689207538733,D,24.06560283687943,23.9957805907173
JMP Witchcraft 1,1,"Witch's Cauldron",{B},1061,512,549,1061,512,549,0.4825636192271442,7.277309920763932,12.781380307628513,1.8346901289548607,E,23.595703125,22.373406193078324
JMP Witchcraft 2,1,"Bubbling Cauldron",{2},1413,708,705,1413,708,705,0.5010615711252654,50.803178672225826,56.226543830870185,1.8077883862147857,D,24.26412429378531,22.8
JMP Witchcraft 2,1,"Last Gasp",{1}{B},1270,702,568,1270,702,568,0.552755905511811,58.545114759018816,63.99828443091761,1.8177232239662635,C,23.06125356125356,23.5193661971831
JMP Witchcraft 2,1,"Bloodhunter Bat",{3}{B},1148,645,503,1148,645,503,0.5618466898954704,72.12984378242244,77.35567893427671,1.7419450506180878,C,22.82170542635659,23.592445328031808
JMP Witchcraft 2,2,"Festering Newt",{B},1215,641,574,1962,1035,927,0.5275229357798165,54.33470725353503,59.73492504763726,1.8000725980340762,C,22.627053140096617,22.414239482200646
JMP Witchcraft 2,1,"Witch of the Moors",{3}{B}{B},1111,638,473,1111,638,473,0.5742574257425742,69.5687793988074,74.81168770618619,1.7476361024595979,C,23.294670846394986,23.725158562367866
JMP Witchcraft 2,1,"Bake into a Pie",{2}{B}{B},1188,638,550,1188,638,550,0.5370370370370371,73.13414921460578,78.7017990908988,1.8558832920976738,C,23.670846394984327,23.685454545454544
JMP Witchcraft 2,1,"Black Cat",{1}{B},1127,590,537,1127,590,537,0.5235137533274179,40.34791183515992,45.697589384954384,1.7832258499314877,D,23.596610169491527,23.45810055865922
JMP Witchcraft 2,1,"Bogbrew Witch",{3}{B},1080,564,516,1080,564,516,0.5222222222222223,49.72338322093411,55.182995034730276,1.8198706045987219,D,24.47340425531915,23.56782945736434
JMP Witchcraft 2,1,"Tempting Witch",{2}{B},1099,560,539,1099,560,539,0.5095541401273885,68.23352497860789,73.80084069580265,1.8557719057315873,C,23.692857142857143,23.159554730983302
JMP Witchcraft 2,1,"Blood Divination",{3}{B},998,508,490,998,508,490,0.5090180360721442,4.752696365583008,10.323574223246425,1.8569592858878057,E,23.8503937007874,22.714285714285715
JMP Witchcraft 2,1,"Swarm of Bloodflies",{4}{B},782,444,338,782,444,338,0.5677749360613811,77.74013739101518,83.0524834138046,1.770782007596469,B,24.61261261261261,25.742603550295858
JMP Wizards 1,1,"Talrand's Invocation",{2}{U}{U},1094,711,383,1094,711,383,0.649908592321755,92.44048028226895,97.93220861296938,1.8305761102334748,B,21.028129395218002,23.535248041775457
JMP Wizards 1,1,"Opt",{U},1217,699,518,1217,699,518,0.5743631881676253,43.561829801988736,48.95947110923129,1.7992137690808512,D,21.110157367668098,22.56177606177606
JMP Wizards 1,1,"Talrand, Sky Summoner",{2}{U}{U},1080,667,413,1080,667,413,0.6175925925925926,79.18822147157944,84.66015439414028,1.823977640853614,B,21.46326836581709,23.246973365617432
JMP Wizards 1,1,"Sage's Row Savant",{1}{U},1145,662,483,1145,662,483,0.5781659388646289,48.72365760799537,54.10683675143211,1.7943930478122474,D,21.31419939577039,22.939958592132506
JMP Wizards 1,1,"Vodalian Arcanist",{1}{U},1181,641,540,1181,641,540,0.5427603725656224,44.69245839327081,50.084436342632145,1.7973259831204451,D,21.709828393135727,22.79074074074074
JMP Wizards 1,1,"Exclusion Mage",{2}{U},1069,635,434,1069,635,434,0.5940130963517306,68.67833097102226,74.12276718882224,1.8148120725999917,C,21.8503937007874,24.101382488479263
JMP Wizards 1,1,"Winged Words",{2}{U},1095,626,469,1095,626,469,0.5716894977168949,27.79225187404126,33.34061202454214,1.8494533835002935,D,21.511182108626198,22.47547974413646
JMP Wizards 1,1,"Read the Tides",{5}{U},1055,614,441,1055,614,441,0.5819905213270142,53.87408181097536,59.33539070633641,1.8204362984536824,C,21.91042345276873,24.35374149659864
JMP Wizards 1,1,"Shipwreck Dowser",{3}{U}{U},1007,592,415,1007,592,415,0.5878848063555114,75.17743421893368,80.45471990305771,1.7590952280413423,C,22.22466216216216,23.857831325301206
JMP Wizards 1,1,"Wizard's Retort",{1}{U}{U},850,501,349,850,501,349,0.5894117647058823,71.15329171270521,76.65313110633801,1.8332797978776012,C,22.65868263473054,24.659025787965614
JMP Wizards 1,1,"Frost Breath",{2}{U},854,414,440,854,414,440,0.4847775175644028,52.91645213753708,58.2616295292188,1.7817257972272398,C,23.386473429951693,24.39090909090909
JMP Wizards 1,1,"Befuddle",{2}{U},628,239,389,628,239,389,0.38057324840764334,30.324070269793108,35.580125618531234,1.7520184495793751,D,24.652719665271967,24.169665809768638
JMP Wizards 2,1,"Talrand's Invocation",{2}{U}{U},1184,716,468,1184,716,468,0.6047297297297297,96.53749474527909,101.84865939992363,1.7703882182148465,B,21.511173184357542,23.694444444444443
JMP Wizards 2,1,"Riptide Laboratory",no cost,1342,639,703,1342,639,703,0.4761549925484352,37.38775878535011,42.86138674804988,1.8245426542332575,D,22.136150234741784,22.11806543385491
JMP Wizards 2,1,"Read the Tides",{5}{U},1166,623,543,1166,623,543,0.5343053173241853,59.902796715307204,65.34259969998253,1.8132676615584409,C,22.431781701444624,24.0902394106814
JMP Wizards 2,1,"Shipwreck Dowser",{3}{U}{U},1154,623,531,1154,623,531,0.5398613518197574,78.58408713314655,83.8689774219637,1.7616300962723839,B,22.751203852327446,23.973634651600754
JMP Wizards 2,1,"Opt",{U},1241,612,629,1241,612,629,0.4931506849315068,21.075983120136907,26.688184813369325,1.8707338977441392,E,21.893790849673202,22.481717011128776
JMP Wizards 2,1,"Vodalian Arcanist",{1}{U},1292,608,684,1292,608,684,0.47058823529411764,43.76635308715504,49.23856577237045,1.8240708950718048,D,22.11513157894737,22.839181286549707
JMP Wizards 2,1,"Exclusion Mage",{2}{U},1150,590,560,1150,590,560,0.5130434782608696,66.09857561134794,71.44569558415012,1.782373324267392,C,22.318644067796612,23.991071428571427
JMP Wizards 2,1,"Sea Gate Oracle",{2}{U},1146,579,567,1146,579,567,0.5052356020942408,38.998403272874825,44.46699139346083,1.8228627068620018,D,22.68048359240069,23.211640211640212
JMP Wizards 2,1,"Winged Words",{2}{U},1098,565,533,1098,565,533,0.5145719489981785,27.193879755709517,32.787167135733405,1.864429126674629,D,22.67079646017699,23.5046904315197
JMP Wizards 2,1,"Sage's Row Savant",{1}{U},1176,560,616,1176,560,616,0.47619047619047616,52.12947296149184,57.632370873114,1.8342993038740534,C,22.19107142857143,22.9025974025974
JMP Wizards 2,1,"Wizard's Retort",{1}{U}{U},864,440,424,864,440,424,0.5092592592592593,70.64340546545665,76.24900995748881,1.868534830677388,C,23.345454545454544,25.00235849056604
JMP Wizards 2,1,"Rookie Mistake",{U},193,95,98,193,95,98,0.49222797927461137,40.68274404988806,46.461894569190534,1.9263835064341583,D,26.13684210526316,24.193877551020407
JMP Wizards 2,1,"Crookclaw Transmuter",{3}{U},12,6,6,12,6,6,0.5,39.12964516024584,52.41055754185244,4.426970793868866,D,20.666666666666668,24.5
JMP Wizards 3,1,"Unsubstantiate",{1}{U},1313,695,618,1313,695,618,0.5293221629855294,49.029861660964556,54.48134379646039,1.817160711831947,D,21.077697841726618,21.823624595469255
JMP Wizards 3,1,"Opt",{U},1249,658,591,1249,658,591,0.5268214571657326,34.39533285179302,39.69749354180665,1.7673868966712099,D,20.69756838905775,21.260575296108293
JMP Wizards 3,1,"Vodalian Arcanist",{1}{U},1227,631,596,1227,631,596,0.5142624286878565,45.85555588286586,51.14072612347428,1.7617234135361401,D,21.253565768621236,21.870805369127517
JMP Wizards 3,1,"Talrand's Invocation",{2}{U}{U},1003,629,374,1003,629,374,0.6271186440677966,93.34106827865156,98.52146598255855,1.7267992346356615,B,20.996820349761528,23.27807486631016
JMP Wizards 3,1,"Read the Tides",{5}{U},1061,603,458,1061,603,458,0.5683317624882187,65.33444046016612,70.61716524904323,1.7609082629590331,C,21.655058043117744,23.5764192139738
JMP Wizards 3,1,"Teferi's Protege",{2}{U},1228,602,626,1228,602,626,0.49022801302931596,47.37867627964988,52.720574977338046,1.780632899229389,D,21.200996677740864,21.20926517571885
JMP Wizards 3,1,"Sage's Row Savant",{1}{U},1177,596,581,1177,596,581,0.5063721325403568,49.085549862793265,54.26679424829565,1.7270814618341304,D,21.011744966442954,21.870912220309812
JMP Wizards 3,1,"Winged Words",{2}{U},1070,591,479,1070,591,479,0.5523364485981308,34.63425735547672,40.021338011039745,1.7956935518543424,D,21.04568527918782,21.974947807933194
JMP Wizards 3,1,"Talrand, Sky Summoner",{2}{U}{U},1059,577,482,1059,577,482,0.5448536355051936,75.06958575814932,80.31277769198088,1.7477306446105225,C,21.209705372616984,21.902489626556015
JMP Wizards 3,1,"Shipwreck Dowser",{3}{U}{U},1010,575,435,1010,575,435,0.5693069306930693,69.77974673221293,75.0208680450291,1.747040437605391,C,21.871304347826086,22.28965517241379
JMP Wizards 3,1,"Wizard's Retort",{1}{U}{U},854,469,385,854,469,385,0.5491803278688525,69.836927861156,75.12736154953596,1.763477896126652,C,21.955223880597014,23.15064935064935
JMP Wizards 4,1,"Talrand's Invocation",{2}{U}{U},962,570,392,962,570,392,0.5925155925155925,92.15591946787686,97.28629001663981,1.7101235162543178,B,20.689473684210526,23.005102040816325
JMP Wizards 4,1,"Vodalian Arcanist",{1}{U},1117,543,574,1117,543,574,0.486123545210385,55.74253829867205,60.96293631928882,1.7401326735389224,C,21.16390423572744,21.470383275261323
JMP Wizards 4,1,"Storm Sculptor",{3}{U},1030,529,501,1030,529,501,0.5135922330097087,76.57701629994094,81.65107396682022,1.6913525556264277,B,21.020793950850663,21.11177644710579
JMP Wizards 4,1,"Teferi's Protege",{2}{U},1163,529,634,1163,529,634,0.4548581255374033,47.170331283776726,52.350773723086064,1.7268141464364453,D,21.270321361058603,20.869085173501578
JMP Wizards 4,1,"Read the Tides",{5}{U},924,489,435,924,489,435,0.5292207792207793,55.451099313536105,60.518075080202905,1.6889919222222674,C,21.768916155419223,22.866666666666667
JMP Wizards 4,1,"Sage's Row Savant",{1}{U},993,487,506,993,487,506,0.4904330312185297,47.65159815789915,52.795661771741386,1.7146878712807454,D,21.0,21.551383399209485
JMP Wizards 4,1,"Barrin, Tolarian Archmage",{1}{U}{U},891,470,421,891,470,421,0.5274971941638609,68.6618006382773,73.91797165755337,1.7520570064253573,C,21.925531914893618,23.004750593824227
JMP Wizards 4,1,"Rain of Revelation",{3}{U},901,446,455,901,446,455,0.49500554938956715,15.490092473041976,20.7169130100712,1.7422735123430746,E,21.99103139013453,21.723076923076924
JMP Wizards 4,1,"Shipwreck Dowser",{3}{U}{U},880,432,448,880,432,448,0.4909090909090909,69.35990880521894,74.47015216198777,1.7034144522562804,C,22.18287037037037,21.618303571428573
JMP Wizards 4,1,"Wizard's Retort",{1}{U}{U},751,402,349,751,402,349,0.5352862849533955,63.99606361893988,69.27698133795018,1.7603059063367654,C,22.00497512437811,22.702005730659025
JMP Wizards 4,1,"Frost Breath",{2}{U},676,299,377,676,299,377,0.4423076923076923,60.42822926841925,65.79011121457897,1.78729398205324,C,22.96655518394649,23.22811671087533
